index,sentence,video_path,sentence_original
5070,গরোম ই মোশা ওয়ানক,data/videos/video/5070.mp4,গরোম ই মোশা ওয়ানক
3930,গরোম ই মোশা ওয়ানক,data/videos/video/3930.mp4,গরোম ই মোশা ওয়ানক
4758,আমি বাংলায় কথা বলি,data/videos/video/4758.mp4,আমি বাংলায় কথা বলি
3768,আমি বাংলায় কথা বলি,data/videos/video/3768.mp4,আমি বাংলায় কথা বলি
2183,তুমি পরে শুনাও,data/videos/video/2183.mp4,তুমি পরে শুনাও
2334,আমার আঙ্গুর ভালো লাগে,data/videos/video/2334.mp4,আমার আঙ্গুর ভালো লাগে
3653,সকালে তুমি পাও রুটি ডিম্ জেলি খাবে,data/videos/video/3653.mp4,"সকালে তুমি পাও রুটি, ডিম্, জেলি খাবে"
4946,সকালে তুমি পাও রুটি ডিম্ জেলি খাবে,data/videos/video/4946.mp4,"সকালে তুমি পাও রুটি, ডিম্, জেলি খাবে"
1117,আমি তোমার খেয়াল রাখবো,data/videos/video/1117.mp4,আমি তোমার খেয়াল রাখবো
4929,আমার মেকআপ করা পছন্দ,data/videos/video/4929.mp4,আমার মেকআপ করা পছন্দ
3473,আমার মেকআপ করা পছন্দ,data/videos/video/3473.mp4,আমার মেকআপ করা পছন্দ
3546,গরমে বারবার পানি পান করবেন,data/videos/video/3546.mp4,গরমে বারবার পানি পান করবেন
5108,গরমে বারবার পানি পান করবেন,data/videos/video/5108.mp4,গরমে বারবার পানি পান করবেন
5423,সে কাজে অনেক ভালো,data/videos/video/5423.mp4,সে কাজে অনেক ভালো
1483,সে কাজে অনেক ভালো,data/videos/video/1483.mp4,সে কাজে অনেক ভালো
5387,তৃতীয়টি C,data/videos/video/5387.mp4,তৃতীয়টি C
3802,তৃতীয়টি C,data/videos/video/3802.mp4,তৃতীয়টি C
3349,দাদি ও নানি ইশারা ভাষার একই,data/videos/video/3349.mp4,দাদি ও নানি ইশারা ভাষার একই
5137,দাদি ও নানি ইশারা ভাষার একই,data/videos/video/5137.mp4,দাদি ও নানি ইশারা ভাষার একই
788,অনেক দিন বাচার আগ্রহ আছে,data/videos/video/788.mp4,অনেক দিন বাচার আগ্রহ আছে
4637,অনেক দিন বাচার আগ্রহ আছে,data/videos/video/4637.mp4,অনেক দিন বাচার আগ্রহ আছে
830,আপনি কোথায় থাকেন,data/videos/video/830.mp4,আপনি কোথায় থাকেন
4678,আপনি কোথায় থাকেন,data/videos/video/4678.mp4,আপনি কোথায় থাকেন
3479,আমি অনেক দিন থেকে শুয়ে আছি,data/videos/video/3479.mp4,আমি অনেক দিন থেকে শুয়ে আছি
5261,আমি অনেক দিন থেকে শুয়ে আছি,data/videos/video/5261.mp4,আমি অনেক দিন থেকে শুয়ে আছি
4633,অই শিশু আমার,data/videos/video/4633.mp4,অই শিশু আমার
784,অই শিশু আমার,data/videos/video/784.mp4,অই শিশু আমার
4053,তার অনেক সর্দি হয়েছে,data/videos/video/4053.mp4,তার অনেক সর্দি হয়েছে
1230,তার অনেক সর্দি হয়েছে,data/videos/video/1230.mp4,তার অনেক সর্দি হয়েছে
5061,আমার আব্বু অফিস কাজ কোরে,data/videos/video/5061.mp4,আমার আব্বু অফিস কাজ কোরে
3923,আমার আব্বু অফিস কাজ কোরে,data/videos/video/3923.mp4,আমার আব্বু অফিস কাজ কোরে
5254,প্রত্যেকদিন পানি তে গোসল,data/videos/video/5254.mp4,প্রত্যেকদিন পানি তে গোসল
3609,প্রত্যেকদিন পানি তে গোসল,data/videos/video/3609.mp4,প্রত্যেকদিন পানি তে গোসল
4960,ফুলের টব এ পানি রাখা যাবে না,data/videos/video/4960.mp4,ফুলের টব এ পানি রাখা যাবে না
3613,ফুলের টব এ পানি রাখা যাবে না,data/videos/video/3613.mp4,ফুলের টব এ পানি রাখা যাবে না
3903,অমর ভাই বিশোবদলয়ে পোরশোনা কোরে,data/videos/video/3903.mp4,অমর ভাই বিশোবদলয়ে পোরশোনা কোরে
5060,অমর ভাই বিশোবদলয়ে পোরশোনা কোরে,data/videos/video/5060.mp4,অমর ভাই বিশোবদলয়ে পোরশোনা কোরে
2653,আমার ফুফু পেয়ার খেতে পছন্দ করে,data/videos/video/2653.mp4,আমার ফুফু পেয়ার  খেতে পছন্দ করে
3914,অমি প্রোটিডিন নামাজ পোরি,data/videos/video/3914.mp4,অমি প্রোটিডিন নামাজ পোরি
5075,অমি প্রোটিডিন নামাজ পোরি,data/videos/video/5075.mp4,অমি প্রোটিডিন নামাজ পোরি
1686,আমার বাবা রবিবার মাছ খাবেহ,data/videos/video/1686.mp4,আমার বাবা রবিবার মাছ খাবেহ
1048,আমি আমার প্রতিবেশীর কাছে যাবো,data/videos/video/1048.mp4,আমি আমার প্রতিবেশীর কাছে যাবো
1252,তুমি কখন হাটবা,data/videos/video/1252.mp4,তুমি কখন হাটবা
4074,তুমি কখন হাটবা,data/videos/video/4074.mp4,তুমি কখন হাটবা
3624,বাহিরে গেলে আমি মাস্ক পড়ি হাত ধুই,data/videos/video/3624.mp4,"বাহিরে গেলে আমি মাস্ক পড়ি, হাত ধুই"
4906,বাহিরে গেলে আমি মাস্ক পড়ি হাত ধুই,data/videos/video/4906.mp4,"বাহিরে গেলে আমি মাস্ক পড়ি, হাত ধুই"
2312,আই এম সরি,data/videos/video/2312.mp4,আই এম সরি
3716,আমার বাবা একজন ব্যবসায়ী,data/videos/video/3716.mp4,আমার বাবা একজন ব্যবসায়ী
955,আমার বাবা একজন ব্যবসায়ী,data/videos/video/955.mp4,আমার বাবা একজন ব্যবসায়ী
5335,আমার বাবা একজন ব্যবসায়ী,data/videos/video/5335.mp4,আমার বাবা একজন ব্যবসায়ী
3385,আমার বাবা একজন ব্যবসায়ী,data/videos/video/3385.mp4,আমার বাবা একজন ব্যবসায়ী
5339,আমার বাবা একজন ব্যবসায়ী,data/videos/video/5339.mp4,আমার বাবা একজন ব্যবসায়ী
3540,গতকাল ভূমিকম্প হয়েছিল,data/videos/video/3540.mp4,গতকাল ভূমিকম্প হয়েছিল
5288,গতকাল ভূমিকম্প হয়েছিল,data/videos/video/5288.mp4,গতকাল ভূমিকম্প হয়েছিল
2330,আপনি দেখতে বেশ সুন্দর,data/videos/video/2330.mp4,আপনি দেখতে বেশ সুন্দর
5034,কক্স বাজার পরিষ্কার,data/videos/video/5034.mp4,কক্স বাজার পরিষ্কার
3532,কক্স বাজার পরিষ্কার,data/videos/video/3532.mp4,কক্স বাজার পরিষ্কার
3575,তুমি কোথায় যাচ্ছ,data/videos/video/3575.mp4,তুমি কোথায় যাচ্ছ
4991,তুমি কোথায় যাচ্ছ,data/videos/video/4991.mp4,তুমি কোথায় যাচ্ছ
3543,গরম পানির ভাপ নিবেন,data/videos/video/3543.mp4,গরম পানির ভাপ নিবেন
4925,গরম পানির ভাপ নিবেন,data/videos/video/4925.mp4,গরম পানির ভাপ নিবেন
3908,অমি আপনাক ভলোবশী,data/videos/video/3908.mp4,অমি আপনাক ভলোবশী
5037,অমি আপনাক ভলোবশী,data/videos/video/5037.mp4,অমি আপনাক ভলোবশী
2673,আমার বাব উকিল,data/videos/video/2673.mp4,আমার বাব উকিল
1003,আমার মা ইশারা ভাষা বলে,data/videos/video/1003.mp4,আমার মা ইশারা ভাষা বলে
3777,এটা আমার পরিবার,data/videos/video/3777.mp4,এটা আমার পরিবার
5346,এটা আমার পরিবার,data/videos/video/5346.mp4,এটা আমার পরিবার
4870,আমি শহরে থাকি,data/videos/video/4870.mp4,আমি শহরে থাকি
3526,আমি শহরে থাকি,data/videos/video/3526.mp4,আমি শহরে থাকি
3901,অমর খুব বেশী মিতা বেথা,data/videos/video/3901.mp4,অমর খুব বেশী মিতা বেথা
5080,অমর খুব বেশী মিতা বেথা,data/videos/video/5080.mp4,অমর খুব বেশী মিতা বেথা
5074,অ্যামি প্রোটিডিন খুব শোকলে ঘুম থেক উথি,data/videos/video/5074.mp4,অ্যামি প্রোটিডিন খুব শোকলে ঘুম থেক উথি
3917,অ্যামি প্রোটিডিন খুব শোকলে ঘুম থেক উথি,data/videos/video/3917.mp4,অ্যামি প্রোটিডিন খুব শোকলে ঘুম থেক উথি
3555,চিরদিন তোমার আকাশ তোমার বাতাস আমার প্রাণে বজায় বাঁশি,data/videos/video/3555.mp4,চিরদিন তোমার আকাশ তোমার বাতাস আমার প্রাণে বজায় বাঁশি
5257,চিরদিন তোমার আকাশ তোমার বাতাস আমার প্রাণে বজায় বাঁশি,data/videos/video/5257.mp4,চিরদিন তোমার আকাশ তোমার বাতাস আমার প্রাণে বজায় বাঁশি
1422,ভিতরে এসে বসো,data/videos/video/1422.mp4,ভিতরে এসে বসো
4243,ভিতরে এসে বসো,data/videos/video/4243.mp4,ভিতরে এসে বসো
3442,আমাকে লাল লিপস্টিক দাও,data/videos/video/3442.mp4,আমাকে লাল লিপস্টিক দাও
4927,আমাকে লাল লিপস্টিক দাও,data/videos/video/4927.mp4,আমাকে লাল লিপস্টিক দাও
4794,তোমার ছবিটি সুন্দর,data/videos/video/4794.mp4,তোমার ছবিটি সুন্দর
4128,তোমার ছবিটি সুন্দর,data/videos/video/4128.mp4,তোমার ছবিটি সুন্দর
3410,তোমার ছবিটি সুন্দর,data/videos/video/3410.mp4,তোমার ছবিটি সুন্দর
1306,তোমার ছবিটি সুন্দর,data/videos/video/1306.mp4,তোমার ছবিটি সুন্দর
4297,আমি জুলাইয়ের চীন যাব,data/videos/video/4297.mp4,আমি জুলাইয়ের চীন যাব
226,আমি জুলাইয়ের চীন যাব,data/videos/video/226.mp4,আমি জুলাইয়ের চীন যাব
4846,গ্যাস বিল ৯৫০ টাকা,data/videos/video/4846.mp4,গ্যাস বিল ৯৫০ টাকা
3552,গ্যাস বিল ৯৫০ টাকা,data/videos/video/3552.mp4,গ্যাস বিল ৯৫০ টাকা
1030,আমারা দুধ খাবো,data/videos/video/1030.mp4,আমারা দুধ খাবো
4999,আজ ছুটির দিন,data/videos/video/4999.mp4,আজ ছুটির দিন
3426,আজ ছুটির দিন,data/videos/video/3426.mp4,আজ ছুটির দিন
3949,আমার আত্মিয় ভালো,data/videos/video/3949.mp4,আমার আত্মিয় ভালো
874,আমার আত্মিয় ভালো,data/videos/video/874.mp4,আমার আত্মিয় ভালো
2559,আমার তাল ভালো লাগে,data/videos/video/2559.mp4,আমার তাল ভালো লাগে
1358,বর্তমানে আমি ভাবতেছি,data/videos/video/1358.mp4,বর্তমানে আমি ভাবতেছি
4188,বর্তমানে আমি ভাবতেছি,data/videos/video/4188.mp4,বর্তমানে আমি ভাবতেছি
4956,রাতে তুমি আলু ভর্তা ডাল রান্না করবে,data/videos/video/4956.mp4,"রাতে তুমি আলু ভর্তা, ডাল রান্না করবে"
3640,রাতে তুমি আলু ভর্তা ডাল রান্না করবে,data/videos/video/3640.mp4,"রাতে তুমি আলু ভর্তা, ডাল রান্না করবে"
2975,আমি গ্রীষ্মকালে বাড়িতে যাই,data/videos/video/2975.mp4,আমি গ্রীষ্মকালে বাড়িতে যাই
5425,সে অনেক সুস্থ্য আছে,data/videos/video/5425.mp4,সে অনেক সুস্থ্য আছে
1471,সে অনেক সুস্থ্য আছে,data/videos/video/1471.mp4,সে অনেক সুস্থ্য আছে
1010,আমার মা হস্পিটালে গেছে,data/videos/video/1010.mp4,আমার মা হস্পিটালে গেছে
3629,বিদ্যুৎ বিল ২৫০,data/videos/video/3629.mp4,বিদ্যুৎ বিল ২৫০
4843,বিদ্যুৎ বিল ২৫০,data/videos/video/4843.mp4,বিদ্যুৎ বিল ২৫০
3766,আমি দুঃখীত,data/videos/video/3766.mp4,আমি দুঃখীত
5323,আমি দুঃখীত,data/videos/video/5323.mp4,আমি দুঃখীত
2558,আমার তরমুজ পছন্দ,data/videos/video/2558.mp4,আমার তরমুজ পছন্দ
1283,তুমি ভর্তি কোথায় হয়েছো,data/videos/video/1283.mp4,তুমি ভর্তি কোথায় হয়েছো
4107,তুমি ভর্তি কোথায় হয়েছো,data/videos/video/4107.mp4,তুমি ভর্তি কোথায় হয়েছো
4094,তুমি রবার দিয়ে মুছো,data/videos/video/4094.mp4,তুমি রবার দিয়ে মুছো
1291,তুমি রবার দিয়ে মুছো,data/videos/video/1291.mp4,তুমি রবার দিয়ে মুছো
1255,তুমি কি সি পি কিভাবে,data/videos/video/1255.mp4,তুমি কি সি পি! কিভাবে
4077,তুমি কি সি পি কিভাবে,data/videos/video/4077.mp4,তুমি কি সি পি! কিভাবে
3910,অমি কাল্কে বেরিয়েট জাবো,data/videos/video/3910.mp4,অমি কাল্কে বেরিয়েট জাবো
5056,অমি কাল্কে বেরিয়েট জাবো,data/videos/video/5056.mp4,অমি কাল্কে বেরিয়েট জাবো
5098,আমার গ্রামের বাড়ি ময়মনসিং,data/videos/video/5098.mp4,আমার গ্রামের বাড়ি ময়মনসিং
3454,আমার গ্রামের বাড়ি ময়মনসিং,data/videos/video/3454.mp4,আমার গ্রামের বাড়ি ময়মনসিং
1543,আমাকে কল দিয়ে এরপর যেও,data/videos/video/1543.mp4,আমাকে কল দিয়ে এরপর যেও
1350,পরীক্ষার প্রশ্ন কেমন,data/videos/video/1350.mp4,পরীক্ষার প্রশ্ন কেমন
4171,পরীক্ষার প্রশ্ন কেমন,data/videos/video/4171.mp4,পরীক্ষার প্রশ্ন কেমন
3814,পঞ্চম E,data/videos/video/3814.mp4,পঞ্চম E
5389,পঞ্চম E,data/videos/video/5389.mp4,পঞ্চম E
3712,আমার বাবা ইশারার ভাষা জানেন,data/videos/video/3712.mp4,আমার বাবা ইশারার ভাষা জানেন
4773,আমার বাবা ইশারার ভাষা জানেন,data/videos/video/4773.mp4,আমার বাবা ইশারার ভাষা জানেন
1158,আমি ভর্তি পরীক্ষা দিয়েছি,data/videos/video/1158.mp4,আমি ভর্তি পরীক্ষা দিয়েছি
3983,আমি ভর্তি পরীক্ষা দিয়েছি,data/videos/video/3983.mp4,আমি ভর্তি পরীক্ষা দিয়েছি
1186,আমি স্যারের কাছে পড়ি,data/videos/video/1186.mp4,আমি স্যারের কাছে পড়ি
4010,আমি স্যারের কাছে পড়ি,data/videos/video/4010.mp4,আমি স্যারের কাছে পড়ি
3257,গ্লাস পড়লে তোমাকে সুন্দর দেখা যায়,data/videos/video/3257.mp4,গ্লাস পড়লে তোমাকে সুন্দর দেখা যায়
4825,গ্লাস পড়লে তোমাকে সুন্দর দেখা যায়,data/videos/video/4825.mp4,গ্লাস পড়লে তোমাকে সুন্দর দেখা যায়
3848,হ্যাপি বার্থডে,data/videos/video/3848.mp4,হ্যাপি বার্থডে
5321,হ্যাপি বার্থডে,data/videos/video/5321.mp4,হ্যাপি বার্থডে
5064,অমি আখন ঘমাশবো,data/videos/video/5064.mp4,অমি আখন ঘমাশবো
3904,অমি আখন ঘমাশবো,data/videos/video/3904.mp4,অমি আখন ঘমাশবো
1501,হ্যা আমি পারবো,data/videos/video/1501.mp4,হ্যা আমি পারবো
5454,হ্যা আমি পারবো,data/videos/video/5454.mp4,হ্যা আমি পারবো
5268,আমার বাসায় বসে থাকতে ভালো লাগে না,data/videos/video/5268.mp4,আমার বাসায় বসে থাকতে ভালো লাগে না
3468,আমার বাসায় বসে থাকতে ভালো লাগে না,data/videos/video/3468.mp4,আমার বাসায় বসে থাকতে ভালো লাগে না
5079,অমি চোটো মাশ খাই না,data/videos/video/5079.mp4,অমি চোটো মাশ খাই না
3911,অমি চোটো মাশ খাই না,data/videos/video/3911.mp4,অমি চোটো মাশ খাই না
1302,তোমাদের সবাইকে দেখে নিবো,data/videos/video/1302.mp4,তোমাদের সবাইকে দেখে নিবো
4630,তোমাদের সবাইকে দেখে নিবো,data/videos/video/4630.mp4,তোমাদের সবাইকে দেখে নিবো
5330,আজকের দিন শুভ হোক,data/videos/video/5330.mp4,আজকের দিন শুভ হোক
3686,আজকের দিন শুভ হোক,data/videos/video/3686.mp4,আজকের দিন শুভ হোক
2305,১ দিন পর আমি আসবো,data/videos/video/2305.mp4,১ দিন পর আমি আসবো
1091,আমি গাড়ি ড্রাইভ করি,data/videos/video/1091.mp4,আমি গাড়ি ড্রাইভ করি
2809,আমার মা গৃহিণি,data/videos/video/2809.mp4,আমার মা গৃহিণি
3536,কালো রঙে আমার একটি জামা আছে,data/videos/video/3536.mp4,কালো রঙে আমার একটি জামা আছে
4883,কালো রঙে আমার একটি জামা আছে,data/videos/video/4883.mp4,কালো রঙে আমার একটি জামা আছে
4891,বাংলাদেশের পতাকার রং লাল সবুজ,data/videos/video/4891.mp4,বাংলাদেশের পতাকার রং লাল সবুজ
3618,বাংলাদেশের পতাকার রং লাল সবুজ,data/videos/video/3618.mp4,বাংলাদেশের পতাকার রং লাল সবুজ
1180,আমি শ্রমিকের সাথে কথা বলি,data/videos/video/1180.mp4,আমি শ্রমিকের সাথে কথা বলি
4004,আমি শ্রমিকের সাথে কথা বলি,data/videos/video/4004.mp4,আমি শ্রমিকের সাথে কথা বলি
2447,আমার খালুর ফুলকপি খেতে ভালো লাগে,data/videos/video/2447.mp4,আমার খালুর ফুলকপি খেতে ভালো লাগে
2142,আমি সেলস কেয়ার করি,data/videos/video/2142.mp4,আমি সেলস কেয়ার করি
5457,আমি সেলস কেয়ার করি,data/videos/video/5457.mp4,আমি সেলস কেয়ার করি
1121,আমি দুখিত,data/videos/video/1121.mp4,আমি দুখিত
1321,তোমার জন্মদিন ২৬ অক্টোবর,data/videos/video/1321.mp4,তোমার জন্মদিন ২৬ অক্টোবর
4143,তোমার জন্মদিন ২৬ অক্টোবর,data/videos/video/4143.mp4,তোমার জন্মদিন ২৬ অক্টোবর
3488,আমি আমার সন্তানকে পসন্দ করি,data/videos/video/3488.mp4,আমি আমার সন্তানকে পসন্দ করি
5003,আমি আমার সন্তানকে পসন্দ করি,data/videos/video/5003.mp4,আমি আমার সন্তানকে পসন্দ করি
4096,তুমি পেন্সিল সার্পনার দিয়ে কেটেছো,data/videos/video/4096.mp4,তুমি পেন্সিল সার্পনার দিয়ে কেটেছো
1271,তুমি পেন্সিল সার্পনার দিয়ে কেটেছো,data/videos/video/1271.mp4,তুমি পেন্সিল সার্পনার দিয়ে কেটেছো
4009,আমি স্মৃতিশৌধ দেখেছি,data/videos/video/4009.mp4,আমি স্মৃতিশৌধ দেখেছি
1185,আমি স্মৃতিশৌধ দেখেছি,data/videos/video/1185.mp4,আমি স্মৃতিশৌধ দেখেছি
5266,আমার অনেক রক্ত কম,data/videos/video/5266.mp4,আমার অনেক রক্ত কম
3446,আমার অনেক রক্ত কম,data/videos/video/3446.mp4,আমার অনেক রক্ত কম
5103,প্রচন্ড গরম,data/videos/video/5103.mp4,প্রচন্ড গরম
3602,প্রচন্ড গরম,data/videos/video/3602.mp4,প্রচন্ড গরম
4949,বিকালের খাবার খাও,data/videos/video/4949.mp4,বিকালের খাবার খাও
3627,বিকালের খাবার খাও,data/videos/video/3627.mp4,বিকালের খাবার খাও
3674,৭ই ফেব্রুয়ারি আমাদের বাংলা ইশারা ভাষা দিবস,data/videos/video/3674.mp4,৭ই ফেব্রুয়ারি আমাদের বাংলা ইশারা ভাষা দিবস
4860,৭ই ফেব্রুয়ারি আমাদের বাংলা ইশারা ভাষা দিবস,data/videos/video/4860.mp4,৭ই ফেব্রুয়ারি আমাদের বাংলা ইশারা ভাষা দিবস
3424,আকাশের রং নীল,data/videos/video/3424.mp4,আকাশের রং নীল
4894,আকাশের রং নীল,data/videos/video/4894.mp4,আকাশের রং নীল
1476,সে একজন শারিরীক প্রতিবন্ধী,data/videos/video/1476.mp4,সে একজন শারিরীক প্রতিবন্ধী
2302,সে একজন শারিরীক প্রতিবন্ধী,data/videos/video/2302.mp4,সে একজন শারিরীক প্রতিবন্ধী
5430,সে একজন শারিরীক প্রতিবন্ধী,data/videos/video/5430.mp4,সে একজন শারিরীক প্রতিবন্ধী
4953,তুমি প্রতিদিন নামাজ পড়বে আল্লাহর কাছে দুয়া চাবে,data/videos/video/4953.mp4,তুমি প্রতিদিন নামাজ পড়বে আল্লাহর কাছে দুয়া চাবে
3582,তুমি প্রতিদিন নামাজ পড়বে আল্লাহর কাছে দুয়া চাবে,data/videos/video/3582.mp4,তুমি প্রতিদিন নামাজ পড়বে আল্লাহর কাছে দুয়া চাবে
4823,চশমা পরলে আমাকে সুন্দর দেখা যায়,data/videos/video/4823.mp4,চশমা পরলে আমাকে সুন্দর দেখা যায়
3258,চশমা পরলে আমাকে সুন্দর দেখা যায়,data/videos/video/3258.mp4,চশমা পরলে আমাকে সুন্দর দেখা যায়
2773,আমার ভাই নাপিত,data/videos/video/2773.mp4,আমার ভাই নাপিত
3936,বাংলাদেশে ব্রিশ্টি নাই,data/videos/video/3936.mp4,বাংলাদেশে ব্রিশ্টি নাই
5067,বাংলাদেশে ব্রিশ্টি নাই,data/videos/video/5067.mp4,বাংলাদেশে ব্রিশ্টি নাই
1368,বাংলাদেশের বিখ্যাত লেখক,data/videos/video/1368.mp4,বাংলাদেশের বিখ্যাত লেখক
4210,বাংলাদেশের বিখ্যাত লেখক,data/videos/video/4210.mp4,বাংলাদেশের বিখ্যাত লেখক
5284,আমি প্রতিদিন ১০টা করে রুটি বানাই,data/videos/video/5284.mp4,আমি প্রতিদিন ১০টা করে রুটি বানাই
3513,আমি প্রতিদিন ১০টা করে রুটি বানাই,data/videos/video/3513.mp4,আমি প্রতিদিন ১০টা করে রুটি বানাই
1285,তুমি ভালো গান গাও,data/videos/video/1285.mp4,তুমি ভালো গান গাও
4109,তুমি ভালো গান গাও,data/videos/video/4109.mp4,তুমি ভালো গান গাও
2560,আমার তেতুল ভালো লাগে,data/videos/video/2560.mp4,আমার তেতুল ভালো লাগে
5091,আপনি কোথায় পড়াশোনা করেছেন,data/videos/video/5091.mp4,আপনি কোথায় পড়াশোনা করেছেন
3437,আপনি কোথায় পড়াশোনা করেছেন,data/videos/video/3437.mp4,আপনি কোথায় পড়াশোনা করেছেন
2826,আমার মাও গৃহিনী,data/videos/video/2826.mp4,আমার মাও গৃহিনী
4269,রেস্টুরেন্ট দেখেছি,data/videos/video/4269.mp4,রেস্টুরেন্ট দেখেছি
1456,রেস্টুরেন্ট দেখেছি,data/videos/video/1456.mp4,রেস্টুরেন্ট দেখেছি
1517,আগে আমার কথা শুন,data/videos/video/1517.mp4,আগে আমার কথা শুন
4767,আমার বাবা ইংরেজির শিক্ষক,data/videos/video/4767.mp4,আমার বাবা ইংরেজির শিক্ষক
3711,আমার বাবা ইংরেজির শিক্ষক,data/videos/video/3711.mp4,আমার বাবা ইংরেজির শিক্ষক
4319,আমি আগস্ট মাসে সৌদি রব যাব,data/videos/video/4319.mp4,আমি আগস্ট মাসে সৌদি রব যাব
170,আমি আগস্ট মাসে সৌদি রব যাব,data/videos/video/170.mp4,আমি আগস্ট মাসে সৌদি রব যাব
2924,আমার মিষ্টি ভালো লাগে,data/videos/video/2924.mp4,আমার মিষ্টি ভালো লাগে
5358,খাদ্য এবং ফল,data/videos/video/5358.mp4,খাদ্য এবং ফল
3785,খাদ্য এবং ফল,data/videos/video/3785.mp4,খাদ্য এবং ফল
5174,আমি হেমন্ত কালে বাড়িতে যাই,data/videos/video/5174.mp4,আমি হেমন্ত কালে বাড়িতে যাই
3248,আমি হেমন্ত কালে বাড়িতে যাই,data/videos/video/3248.mp4,আমি হেমন্ত কালে বাড়িতে যাই
3622,বাসায় মশারির ভিতরে ঘুমাবেন,data/videos/video/3622.mp4,বাসায় মশারির ভিতরে ঘুমাবেন
5107,বাসায় মশারির ভিতরে ঘুমাবেন,data/videos/video/5107.mp4,বাসায় মশারির ভিতরে ঘুমাবেন
5076,অমি আজকে রানা কোরেচি,data/videos/video/5076.mp4,অমি আজকে রানা কোরেচি
3906,অমি আজকে রানা কোরেচি,data/videos/video/3906.mp4,অমি আজকে রানা কোরেচি
4577,আমার হাঁস ভালো লাগে,data/videos/video/4577.mp4,আমার হাঁস ভালো লাগে
152,আমার হাঁস ভালো লাগে,data/videos/video/152.mp4,আমার হাঁস ভালো লাগে
4282,সালাম বাংলা ইশারা ভাষায়,data/videos/video/4282.mp4,সালাম বাংলা ইশারা ভাষায়
1469,সালাম বাংলা ইশারা ভাষায়,data/videos/video/1469.mp4,সালাম বাংলা ইশারা ভাষায়
5200,তোমার দাদার নাম কি,data/videos/video/5200.mp4,তোমার দাদার নাম কি
3310,তোমার দাদার নাম কি,data/videos/video/3310.mp4,তোমার দাদার নাম কি
3642,রাতে মশারিতে ঘুমাতে হবে,data/videos/video/3642.mp4,রাতে মশারিতে ঘুমাতে হবে
4975,রাতে মশারিতে ঘুমাতে হবে,data/videos/video/4975.mp4,রাতে মশারিতে ঘুমাতে হবে
2263,মামা সোমবার দু্ধ খায়,data/videos/video/2263.mp4,মামা সোমবার দু্‌ধ খায়
1110,আমি ড্রাইভ করে এসেছি,data/videos/video/1110.mp4,আমি ড্রাইভ করে এসেছি
3251,ইশারায় দাদ ও নানা একই,data/videos/video/3251.mp4,ইশারায় দাদ ও নানা একই
5134,ইশারায় দাদ ও নানা একই,data/videos/video/5134.mp4,ইশারায় দাদ ও নানা একই
4035,কেমন আছো,data/videos/video/4035.mp4,কেমন আছো
1211,কেমন আছো,data/videos/video/1211.mp4,কেমন আছো
3786,খুলনা যাবো,data/videos/video/3786.mp4,খুলনা যাবো
5375,খুলনা যাবো,data/videos/video/5375.mp4,খুলনা যাবো
5256,বসন্তকালে অনেক বেশি ফুল ফুটে,data/videos/video/5256.mp4,বসন্তকালে অনেক বেশি ফুল ফুটে
3614,বসন্তকালে অনেক বেশি ফুল ফুটে,data/videos/video/3614.mp4,বসন্তকালে অনেক বেশি ফুল ফুটে
2491,আমার চাচাতো বোন চোর,data/videos/video/2491.mp4,আমার চাচাতো বোন চোর
2957,আমি ইঞ্জিনিয়ার,data/videos/video/2957.mp4,আমি ইঞ্জিনিয়ার
2308,২ বছর পর দেখা হলো,data/videos/video/2308.mp4,২ বছর পর দেখা হলো
1544,আমার ওজন ১০০ কেজি,data/videos/video/1544.mp4,আমার ওজন ১০০ কেজি
2574,আমার ফুপা রাশিয়া যাবে,data/videos/video/2574.mp4,আমার ফুপা রাশিয়া যাবে
1024,আমার স্ত্রি সুন্দর দেখতে,data/videos/video/1024.mp4,আমার স্ত্রি সুন্দর দেখতে
2465,আমার চাচা দর্জি,data/videos/video/2465.mp4,আমার চাচা দর্জি
2288,শোন আমি তোমাকে কিছু বলতে চাই,data/videos/video/2288.mp4,শোন আমি তোমাকে কিছু বলতে চাই
4012,আমিও অনেক ভালো আছি,data/videos/video/4012.mp4,আমিও অনেক ভালো আছি
1188,আমিও অনেক ভালো আছি,data/videos/video/1188.mp4,আমিও অনেক ভালো আছি
4048,ছাত্র ছাত্রীরা পড়া লেখা করে,data/videos/video/4048.mp4,ছাত্র ছাত্রীরা পড়া লেখা করে
1225,ছাত্র ছাত্রীরা পড়া লেখা করে,data/videos/video/1225.mp4,ছাত্র ছাত্রীরা পড়া লেখা করে
2633,আমার ফুফাতো ভাই ভুটানের,data/videos/video/2633.mp4,আমার ফুফাতো ভাই ভুটানের
1434,মা সনদপত্র দেখবে,data/videos/video/1434.mp4,মা সনদপত্র দেখবে
4255,মা সনদপত্র দেখবে,data/videos/video/4255.mp4,মা সনদপত্র দেখবে
1119,আমি থেমে গেছি,data/videos/video/1119.mp4,আমি থেমে গেছি
940,আমার ফুফা সৎ পুলিশ,data/videos/video/940.mp4,আমার ফুফা সৎ পুলিশ
1226,ঠিকাছে দেখবো,data/videos/video/1226.mp4,ঠিকাছে দেখবো
4049,ঠিকাছে দেখবো,data/videos/video/4049.mp4,ঠিকাছে দেখবো
3422,অনেক বেশি গরমের পর শান্তি মিলছে,data/videos/video/3422.mp4,অনেক বেশি গরমের পর শান্তি মিলছে
5250,অনেক বেশি গরমের পর শান্তি মিলছে,data/videos/video/5250.mp4,অনেক বেশি গরমের পর শান্তি মিলছে
3475,আমার শশুর বাড়ি রাজশাহীতে,data/videos/video/3475.mp4,আমার শশুর বাড়ি রাজশাহীতে
4936,আমার শশুর বাড়ি রাজশাহীতে,data/videos/video/4936.mp4,আমার শশুর বাড়ি রাজশাহীতে
4116,তুমি লখতে জানো,data/videos/video/4116.mp4,তুমি লখতে জানো
1293,তুমি লখতে জানো,data/videos/video/1293.mp4,তুমি লখতে জানো
3508,আমি প্রতিদিন দুপুর ২তায় খাই,data/videos/video/3508.mp4,আমি প্রতিদিন দুপুর ২তায় খাই
5280,আমি প্রতিদিন দুপুর ২তায় খাই,data/videos/video/5280.mp4,আমি প্রতিদিন দুপুর ২তায় খাই
5434,সে কখন হাটবে,data/videos/video/5434.mp4,সে কখন হাটবে
1480,সে কখন হাটবে,data/videos/video/1480.mp4,সে কখন হাটবে
4970,ফুলে পানি জমা রাখা যাবে না,data/videos/video/4970.mp4,ফুলে পানি জমা রাখা যাবে না
3612,ফুলে পানি জমা রাখা যাবে না,data/videos/video/3612.mp4,ফুলে পানি জমা রাখা যাবে না
3643,রাতে মশারী টানাবেন,data/videos/video/3643.mp4,রাতে মশারী টানাবেন
4971,রাতে মশারী টানাবেন,data/videos/video/4971.mp4,রাতে মশারী টানাবেন
3021,আমি বই পাড়ি,data/videos/video/3021.mp4,আমি বই পাড়ি
1516,আগামী পরশু দেখা হবে,data/videos/video/1516.mp4,আগামী পরশু দেখা হবে
3363,মাংস খেতে সুস্বাদু,data/videos/video/3363.mp4,মাংস খেতে সুস্বাদু
5151,মাংস খেতে সুস্বাদু,data/videos/video/5151.mp4,মাংস খেতে সুস্বাদু
2770,আমার ভাই চিনে যাবে,data/videos/video/2770.mp4,আমার ভাই চিনে যাবে
5084,সুভ রাত্রি,data/videos/video/5084.mp4,সুভ রাত্রি
3894,সুভ রাত্রি,data/videos/video/3894.mp4,সুভ রাত্রি
3610,প্রধান মন্ত্রী আমাকে একটি বাসা দিয়েছে সাহায্য করেছে,data/videos/video/3610.mp4,প্রধান মন্ত্রী আমাকে একটি বাসা দিয়েছে সাহায্য করেছে
4838,প্রধান মন্ত্রী আমাকে একটি বাসা দিয়েছে সাহায্য করেছে,data/videos/video/4838.mp4,প্রধান মন্ত্রী আমাকে একটি বাসা দিয়েছে সাহায্য করেছে
3968,আমি বাইক পেয়েছি,data/videos/video/3968.mp4,আমি বাইক পেয়েছি
1145,আমি বাইক পেয়েছি,data/videos/video/1145.mp4,আমি বাইক পেয়েছি
3891,শুক্রবার সাপ্তাহিক বন্ধ,data/videos/video/3891.mp4,শুক্রবার সাপ্তাহিক বন্ধ
5226,শুক্রবার সাপ্তাহিক বন্ধ,data/videos/video/5226.mp4,শুক্রবার সাপ্তাহিক বন্ধ
15,আমার বাবা দীপ দেখতে যাবে,data/videos/video/15.mp4,আমার বাবা দীপ দেখতে যাবে
4497,আমার বাবা দীপ দেখতে যাবে,data/videos/video/4497.mp4,আমার বাবা দীপ দেখতে যাবে
3181,আমি শীতকালে বাড়িতে যাই,data/videos/video/3181.mp4,আমি শীতকালে বাড়িতে যাই
1150,আমি বিজিবি দেখেছি,data/videos/video/1150.mp4,আমি বিজিবি দেখেছি
3974,আমি বিজিবি দেখেছি,data/videos/video/3974.mp4,আমি বিজিবি দেখেছি
3628,বিকেলের নাস্তা বাচ্চাদের খেতে দেয়,data/videos/video/3628.mp4,বিকেলের নাস্তা বাচ্চাদের খেতে দেয়
5282,বিকেলের নাস্তা বাচ্চাদের খেতে দেয়,data/videos/video/5282.mp4,বিকেলের নাস্তা বাচ্চাদের খেতে দেয়
2327,আপনি কি স্কুল এ যান,data/videos/video/2327.mp4,আপনি কি স্কুল এ যান
3565,তুমার আসতে এত দেরি হলো কেন,data/videos/video/3565.mp4,তুমার আসতে এত দেরি হলো কেন
4865,তুমার আসতে এত দেরি হলো কেন,data/videos/video/4865.mp4,তুমার আসতে এত দেরি হলো কেন
2179,তুমি কিভাবে সেল্ফ কেয়ার করো,data/videos/video/2179.mp4,তুমি কিভাবে সেল্ফ কেয়ার করো
5456,তুমি কিভাবে সেল্ফ কেয়ার করো,data/videos/video/5456.mp4,তুমি কিভাবে সেল্ফ কেয়ার করো
5366,টেলিভিশন দেখছি,data/videos/video/5366.mp4,টেলিভিশন দেখছি
3788,টেলিভিশন দেখছি,data/videos/video/3788.mp4,টেলিভিশন দেখছি
1086,আমি খাতায় কলম দিয়ে লিখি,data/videos/video/1086.mp4,আমি খাতায় কলম দিয়ে লিখি
3866,আপানকে দেখতে অনেক সুন্দর,data/videos/video/3866.mp4,আপানকে দেখতে অনেক সুন্দর
5121,আপানকে দেখতে অনেক সুন্দর,data/videos/video/5121.mp4,আপানকে দেখতে অনেক সুন্দর
4713,আমরা সবাই শাখ খাবো,data/videos/video/4713.mp4,আমরা সবাই শাখ খাবো
865,আমরা সবাই শাখ খাবো,data/videos/video/865.mp4,আমরা সবাই শাখ খাবো
3055,আমি বুধবারের রাশিয়া যাব,data/videos/video/3055.mp4,আমি বুধবারের রাশিয়া যাব
1133,আমি পুলিশের সাথে কথা বলি,data/videos/video/1133.mp4,আমি পুলিশের সাথে কথা বলি
3960,আমি পুলিশের সাথে কথা বলি,data/videos/video/3960.mp4,আমি পুলিশের সাথে কথা বলি
2232,প্রতিবেশি কেন আসে,data/videos/video/2232.mp4,প্রতিবেশি কেন আসে
1193,এই বিষয়টি ভেবেছো,data/videos/video/1193.mp4,এই বিষয়টি ভেবেছো
4017,এই বিষয়টি ভেবেছো,data/videos/video/4017.mp4,এই বিষয়টি ভেবেছো
5059,আমার এক ভাই,data/videos/video/5059.mp4,আমার এক ভাই
3924,আমার এক ভাই,data/videos/video/3924.mp4,আমার এক ভাই
792,অসৎ সাংবাদিক দের তথ্যে আমরা ভুল বুঝি,data/videos/video/792.mp4,অসৎ সাংবাদিক দের তথ্যে আমরা ভুল বুঝি
4641,অসৎ সাংবাদিক দের তথ্যে আমরা ভুল বুঝি,data/videos/video/4641.mp4,অসৎ সাংবাদিক দের তথ্যে আমরা ভুল বুঝি
1369,বাথরুম কোথায়,data/videos/video/1369.mp4,বাথরুম কোথায়
4193,বাথরুম কোথায়,data/videos/video/4193.mp4,বাথরুম কোথায়
924,আমার পেশা ব্যবসা,data/videos/video/924.mp4,আমার পেশা ব্যবসা
86,আমার ভাইয়ের পার দেখতে ভালো লাগে,data/videos/video/86.mp4,আমার ভাইয়ের পার দেখতে ভালো লাগে
4535,আমার ভাইয়ের পার দেখতে ভালো লাগে,data/videos/video/4535.mp4,আমার ভাইয়ের পার দেখতে ভালো লাগে
4281,সবাই সাদর অভ্যন্তনা,data/videos/video/4281.mp4,সবাই সাদর অভ্যন্তনা
1468,সবাই সাদর অভ্যন্তনা,data/videos/video/1468.mp4,সবাই সাদর অভ্যন্তনা
5045,এপিএনআই কেমন অ্যাকেন,data/videos/video/5045.mp4,এপিএনআই কেমন অ্যাকেন
3928,এপিএনআই কেমন অ্যাকেন,data/videos/video/3928.mp4,এপিএনআই কেমন অ্যাকেন
945,আমার বন্ধু তোকি ভালো গান করে,data/videos/video/945.mp4,আমার বন্ধু তোকি ভালো গান করে
815,আপনাকে কীভাবে সহযোগীতা করতে পারি,data/videos/video/815.mp4,আপনাকে কীভাবে সহযোগীতা করতে পারি
4664,আপনাকে কীভাবে সহযোগীতা করতে পারি,data/videos/video/4664.mp4,আপনাকে কীভাবে সহযোগীতা করতে পারি
2338,আমার আমড়া ভালো লাগে,data/videos/video/2338.mp4,আমার আমড়া ভালো লাগে
1246,তুমি উত্তর দিবা,data/videos/video/1246.mp4,তুমি উত্তর দিবা
4068,তুমি উত্তর দিবা,data/videos/video/4068.mp4,তুমি উত্তর দিবা
944,আমার বন্ধু ঘুমায়,data/videos/video/944.mp4,আমার বন্ধু ঘুমায়
1046,আমি আপনাকে হেল্প করবো,data/videos/video/1046.mp4,আমি আপনাকে হেল্প করবো
867,আমাকে অল্প খানা দাও,data/videos/video/867.mp4,আমাকে অল্প খানা দাও
3942,আমাকে অল্প খানা দাও,data/videos/video/3942.mp4,আমাকে অল্প খানা দাও
1542,আমাকে অল্প খানা দাও,data/videos/video/1542.mp4,আমাকে অল্প খানা দাও
2336,আমার আপেল ভালো লাগে,data/videos/video/2336.mp4,আমার আপেল ভালো লাগে
5104,গ্রামে রোদে যাবেন না,data/videos/video/5104.mp4,গ্রামে রোদে যাবেন না
3553,গ্রামে রোদে যাবেন না,data/videos/video/3553.mp4,গ্রামে রোদে যাবেন না
3571,তুমি অনেক শান্ত,data/videos/video/3571.mp4,তুমি অনেক শান্ত
5009,তুমি অনেক শান্ত,data/videos/video/5009.mp4,তুমি অনেক শান্ত
2571,আমার পেপে খেতে ভালো লাগে,data/videos/video/2571.mp4,আমার পেপে খেতে ভালো লাগে
2497,আমার চাচাতো বোন ভার্সিটিতে পড়ালেখা করে,data/videos/video/2497.mp4,আমার চাচাতো বোন ভার্সিটিতে পড়ালেখা করে
3812,দ্বিতীয় B,data/videos/video/3812.mp4,দ্বিতীয় B
5386,দ্বিতীয় B,data/videos/video/5386.mp4,দ্বিতীয় B
3781,কাজ বন্ধ রাখো,data/videos/video/3781.mp4,কাজ বন্ধ রাখো
4783,কাজ বন্ধ রাখো,data/videos/video/4783.mp4,কাজ বন্ধ রাখো
2124,আমি ভ্যান চালাই,data/videos/video/2124.mp4,আমি ভ্যান চালাই
5453,হাই আপনারা সবাই কেমন আছেন,data/videos/video/5453.mp4,হাই আপনারা সবাই কেমন আছেন
1500,হাই আপনারা সবাই কেমন আছেন,data/videos/video/1500.mp4,হাই আপনারা সবাই কেমন আছেন
4314,আমি জানুয়ারিতে সৈদি আরব যাব,data/videos/video/4314.mp4,আমি জানুয়ারিতে সৈদি আরব যাব
201,আমি জানুয়ারিতে সৈদি আরব যাব,data/videos/video/201.mp4,আমি জানুয়ারিতে সৈদি আরব যাব
4890,লাল একটি ব্যান্ড আছে,data/videos/video/4890.mp4,লাল একটি ব্যান্ড আছে
3647,লাল একটি ব্যান্ড আছে,data/videos/video/3647.mp4,লাল একটি ব্যান্ড আছে
4974,গরমে মশারি খুলে যাবে না,data/videos/video/4974.mp4,গরমে মশারি খুলে যাবে না
3547,গরমে মশারি খুলে যাবে না,data/videos/video/3547.mp4,গরমে মশারি খুলে যাবে না
3980,আমি বিরতি নিছি,data/videos/video/3980.mp4,আমি বিরতি নিছি
1156,আমি বিরতি নিছি,data/videos/video/1156.mp4,আমি বিরতি নিছি
1388,বোন তোমাকে অনেক পছন্দে করে,data/videos/video/1388.mp4,বোন তোমাকে অনেক পছন্দে করে
4218,বোন তোমাকে অনেক পছন্দে করে,data/videos/video/4218.mp4,বোন তোমাকে অনেক পছন্দে করে
2550,আমার চাচির ফুলকপি খেতে ভালো লাগে,data/videos/video/2550.mp4,আমার চাচির ফুলকপি খেতে ভালো লাগে
4984,সি এন জি সামনে যখন আসে আমি দেখি পেছনে বসার জায়গা খালি না,data/videos/video/4984.mp4,সি এন জি সামনে যখন আসে আমি দেখি পেছনে বসার জায়গা খালি না
3664,সি এন জি সামনে যখন আসে আমি দেখি পেছনে বসার জায়গা খালি না,data/videos/video/3664.mp4,সি এন জি সামনে যখন আসে আমি দেখি পেছনে বসার জায়গা খালি না
1204,ঐ মেয়েটি আমার বন্ধু,data/videos/video/1204.mp4,ঐ মেয়েটি আমার বন্ধু
4027,ঐ মেয়েটি আমার বন্ধু,data/videos/video/4027.mp4,ঐ মেয়েটি আমার বন্ধু
3518,আমি বিশ্ববিদ্যালয়ে যাই,data/videos/video/3518.mp4,আমি বিশ্ববিদ্যালয়ে যাই
4872,আমি বিশ্ববিদ্যালয়ে যাই,data/videos/video/4872.mp4,আমি বিশ্ববিদ্যালয়ে যাই
2567,আমার নারিকেল খেতে ভালো লাগে,data/videos/video/2567.mp4,আমার নারিকেল খেতে ভালো লাগে
3860,আপনি আমাকে সয্য করবেন,data/videos/video/3860.mp4,আপনি আমাকে সয্য করবেন
5117,আপনি আমাকে সয্য করবেন,data/videos/video/5117.mp4,আপনি আমাকে সয্য করবেন
5030,আপনি আমাকে সয্য করবেন,data/videos/video/5030.mp4,আপনি আমাকে সয্য করবেন.
3859,আপনি আমাকে সয্য করবেন,data/videos/video/3859.mp4,আপনি আমাকে সয্য করবেন.
5248,আমরা সব সময় আল্লাহর কাছে পাৰ্থনা চাই,data/videos/video/5248.mp4,আমরা সব সময় আল্লাহর কাছে পাৰ্থনা চাই
3441,আমরা সব সময় আল্লাহর কাছে পাৰ্থনা চাই,data/videos/video/3441.mp4,আমরা সব সময় আল্লাহর কাছে পাৰ্থনা চাই
3504,আমি দুকানে যাবো একটি কাজল কিনতে,data/videos/video/3504.mp4,আমি দুকানে যাবো একটি কাজল কিনতে
4928,আমি দুকানে যাবো একটি কাজল কিনতে,data/videos/video/4928.mp4,আমি দুকানে যাবো একটি কাজল কিনতে
2221,পরশু আমার বাবা আমাকে দেখেবে,data/videos/video/2221.mp4,পরশু আমার বাবা আমাকে দেখেবে
3559,ঢাকায় অনেক মানুষ বেশি বসবাস করে,data/videos/video/3559.mp4,ঢাকায় অনেক মানুষ বেশি বসবাস করে
5033,ঢাকায় অনেক মানুষ বেশি বসবাস করে,data/videos/video/5033.mp4,ঢাকায় অনেক মানুষ বেশি বসবাস করে
911,আমার ননদ ভালো,data/videos/video/911.mp4,আমার ননদ ভালো
3635,ভাষায় আসলে প্রথম সাবান দিয়ে হাত ধুবেন,data/videos/video/3635.mp4,ভাষায় আসলে প্রথম সাবান দিয়ে হাত ধুবেন
4924,ভাষায় আসলে প্রথম সাবান দিয়ে হাত ধুবেন,data/videos/video/4924.mp4,ভাষায় আসলে প্রথম সাবান দিয়ে হাত ধুবেন
1072,আমি কলেজে পড়ি বন্ধুদের সাথে দেখা করি আমি ক্লান্ত,data/videos/video/1072.mp4,আমি কলেজে পড়ি বন্ধুদের সাথে দেখা করি আমি ক্লান্ত
5407,সে একজন ডাক্তার,data/videos/video/5407.mp4,সে একজন ডাক্তার
3846,সে একজন ডাক্তার,data/videos/video/3846.mp4,সে একজন ডাক্তার
3201,আমি শুক্রবারে পাকিস্তান যাব,data/videos/video/3201.mp4,আমি শুক্রবারে পাকিস্তান যাব
2963,আমি এপ্রিলে পাকিস্তান যাব,data/videos/video/2963.mp4,আমি এপ্রিলে পাকিস্তান যাব
5281,বিকাল ৫তায় উঠে নামাজ পড়ি,data/videos/video/5281.mp4,বিকাল ৫তায় উঠে নামাজ পড়ি
3626,বিকাল ৫তায় উঠে নামাজ পড়ি,data/videos/video/3626.mp4,বিকাল ৫তায় উঠে নামাজ পড়ি
3826,শুক্রবারে বন্ধ,data/videos/video/3826.mp4,শুক্রবারে বন্ধ
5340,শুক্রবারে বন্ধ,data/videos/video/5340.mp4,শুক্রবারে বন্ধ
326,তোমার পৃথিবী দেখতে ভালো লাগে,data/videos/video/326.mp4,তোমার পৃথিবী দেখতে ভালো লাগে
4471,তোমার পৃথিবী দেখতে ভালো লাগে,data/videos/video/4471.mp4,তোমার পৃথিবী দেখতে ভালো লাগে
1080,আমি ক্লান্ত ঘুমাতে চাই,data/videos/video/1080.mp4,আমি ক্লান্ত ঘুমাতে চাই
2932,আমার শীতকাল অনেক ভালো লাগে,data/videos/video/2932.mp4,আমার শীতকাল অনেক ভালো লাগে
5344,ওই মেয়েটা আমার বন্ধু,data/videos/video/5344.mp4,ওই মেয়েটা আমার বন্ধু
3880,ওই মেয়েটা আমার বন্ধু,data/videos/video/3880.mp4,ওই মেয়েটা আমার বন্ধু
5230,ওই মেয়েটা আমার বন্ধু,data/videos/video/5230.mp4,ওই মেয়েটা আমার বন্ধু
3778,ওই মেয়েটা আমার বন্ধু,data/videos/video/3778.mp4,ওই মেয়েটা আমার বন্ধু
3818,ফ্যান ঘোরে,data/videos/video/3818.mp4,ফ্যান ঘোরে
5365,ফ্যান ঘোরে,data/videos/video/5365.mp4,ফ্যান ঘোরে
1799,আমার বড় বোন হাস দেখে নাই,data/videos/video/1799.mp4,আমার বড় বোন হাস দেখে নাই
1432,মা বিরতি নিছে,data/videos/video/1432.mp4,মা বিরতি নিছে
4253,মা বিরতি নিছে,data/videos/video/4253.mp4,মা বিরতি নিছে
2420,আমার খালু আফ্রিকা যাবে,data/videos/video/2420.mp4,আমার খালু আফ্রিকা যাবে
1998,আমার মেয়ে শুক্রবার ভাত খাবে,data/videos/video/1998.mp4,আমার মেয়ে শুক্রবার ভাত খাবে
1536,আজ এই পর্যন্তই পরবর্তীতে আবার দেখা হবে,data/videos/video/1536.mp4,আজ এই পর্যন্তই পরবর্তীতে আবার দেখা হবে
3734,আমার ভাই অংক ভালো পারে,data/videos/video/3734.mp4,আমার ভাই অংক ভালো পারে
4764,আমার ভাই অংক ভালো পারে,data/videos/video/4764.mp4,আমার ভাই অংক ভালো পারে
4809,আমি সোমবারে শ্রীলংকা যাব,data/videos/video/4809.mp4,আমি সোমবারে শ্রীলংকা যাব
3243,আমি সোমবারে শ্রীলংকা যাব,data/videos/video/3243.mp4,আমি সোমবারে শ্রীলংকা যাব
129,আমার মামার বাঘ ভয় করে,data/videos/video/129.mp4,আমার মামার বাঘ ভয় করে
4614,আমার মামার বাঘ ভয় করে,data/videos/video/4614.mp4,আমার মামার বাঘ ভয় করে
978,আমার বড় বোন মারা গেছে,data/videos/video/978.mp4,আমার বড় বোন মারা গেছে
4888,আমি কমলা খেতে পছন্দ করি,data/videos/video/4888.mp4,আমি কমলা খেতে পছন্দ করি
3490,আমি কমলা খেতে পছন্দ করি,data/videos/video/3490.mp4,আমি কমলা খেতে পছন্দ করি
1352,ফুফু,data/videos/video/1352.mp4,ফুফু
4173,ফুফু,data/videos/video/4173.mp4,ফুফু
1106,আমি টেনশনে আছি,data/videos/video/1106.mp4,আমি টেনশনে আছি
3427,আজ বৃষ্টি হয়েছে,data/videos/video/3427.mp4,আজ বৃষ্টি হয়েছে
4873,আজ বৃষ্টি হয়েছে,data/videos/video/4873.mp4,আজ বৃষ্টি হয়েছে
1155,আমি বিমানবন্দর দেখবো,data/videos/video/1155.mp4,আমি বিমানবন্দর দেখবো
3979,আমি বিমানবন্দর দেখবো,data/videos/video/3979.mp4,আমি বিমানবন্দর দেখবো
2207,তুমি শুক্রবার দুধ খাবা,data/videos/video/2207.mp4,তুমি শুক্রবার দুধ খাবা
3178,আমি শনিবারে সৌদি আরব যাব,data/videos/video/3178.mp4,আমি শনিবারে সৌদি আরব যাব
1194,একটু সময় হবে কিছু বলতে পারি,data/videos/video/1194.mp4,একটু সময় হবে কিছু বলতে পারি
4624,একটু সময় হবে কিছু বলতে পারি,data/videos/video/4624.mp4,একটু সময় হবে কিছু বলতে পারি
2432,আমার খালু নেপাল যাবে,data/videos/video/2432.mp4,আমার খালু নেপাল যাবে
1719,আমার বোন খরগোশ দেখে নাই,data/videos/video/1719.mp4,আমার বোন খরগোশ দেখে নাই
311,এপ্রিল মাসে এশিয়া যাব আমি,data/videos/video/311.mp4,এপ্রিল মাসে এশিয়া যাব আমি
4367,এপ্রিল মাসে এশিয়া যাব আমি,data/videos/video/4367.mp4,এপ্রিল মাসে এশিয়া যাব আমি
2675,আমার বাবা আফ্রিকা যাবে,data/videos/video/2675.mp4,আমার বাবা আফ্রিকা যাবে
2331,আপনি হস্পিটাল এ যাবেন নাকি,data/videos/video/2331.mp4,আপনি হস্পিটাল এ যাবেন নাকি
4025,এবং তারা নরসিংদী থাকে,data/videos/video/4025.mp4,এবং তারা নরসিংদী থাকে
1202,এবং তারা নরসিংদী থাকে,data/videos/video/1202.mp4,এবং তারা নরসিংদী থাকে
2006,আমার স্ত্রী বুধবার ভাত খায়,data/videos/video/2006.mp4,আমার স্ত্রী বুধবার ভাত খায়
956,আমার বাবা নেই,data/videos/video/956.mp4,আমার বাবা নেই
3342,তোমার মামি ক্রিকেট খেলা পছন্দ করে,data/videos/video/3342.mp4,তোমার মামি ক্রিকেট খেলা পছন্দ করে
5231,তোমার মামি ক্রিকেট খেলা পছন্দ করে,data/videos/video/5231.mp4,তোমার মামি ক্রিকেট খেলা পছন্দ করে
2140,আমি সাপ দেখেছি,data/videos/video/2140.mp4,আমি সাপ দেখেছি
5047,ভিটোর আশুন আবং বোশুন,data/videos/video/5047.mp4,ভিটোর আশুন আবং বোশুন
3938,ভিটোর আশুন আবং বোশুন,data/videos/video/3938.mp4,ভিটোর আশুন আবং বোশুন
1671,আমার বাবা বৃহস্পতিবার ভাত খায়,data/videos/video/1671.mp4,আমার বাবা বৃহস্পতিবার ভাত খায়
4008,আমি সিংগেল,data/videos/video/4008.mp4,আমি সিংগেল
1184,আমি সিংগেল,data/videos/video/1184.mp4,আমি সিংগেল
2219,দুপুর ১ টায় আমাকে কল দিও,data/videos/video/2219.mp4,দুপুর ১ টায় আমাকে কল দিও
2446,আমার খালু সৌদি আরব যাবে,data/videos/video/2446.mp4,আমার খালু সৌদি আরব যাবে
1649,আমার বাবা চিংড়ি দেখেছে,data/videos/video/1649.mp4,আমার বাবা চিংড়ি দেখেছে
2921,আমার মামীর ফুলকপি খেতে ভালো লাগে,data/videos/video/2921.mp4,আমার মামীর ফুলকপি খেতে ভালো লাগে
5445,সে পেয়াজ খাবে,data/videos/video/5445.mp4,সে পেয়াজ খাবে
1492,সে পেয়াজ খাবে,data/videos/video/1492.mp4,সে পেয়াজ খাবে
936,আমার প্রিয় রঙ সাদা,data/videos/video/936.mp4,আমার প্রিয় রঙ সাদা
2892,আমার মামাতো ভাই রাশিয়া যাবে,data/videos/video/2892.mp4,আমার মামাতো ভাই রাশিয়া যাবে
3984,আমি ভাবছি পড়বো,data/videos/video/3984.mp4,আমি ভাবছি পড়বো
1159,আমি ভাবছি পড়বো,data/videos/video/1159.mp4,আমি ভাবছি পড়বো
4186,বর্তমানে আমি দাড়াবো,data/videos/video/4186.mp4,বর্তমানে আমি দাড়াবো
1356,বর্তমানে আমি দাড়াবো,data/videos/video/1356.mp4,বর্তমানে আমি দাড়াবো
3128,আমি রবিবার আফ্রিকা যাব,data/videos/video/3128.mp4,আমি রবিবার আফ্রিকা যাব
2600,আমার ফুফাতো বোন অস্ট্রেলিয়া যাবে,data/videos/video/2600.mp4,আমার ফুফাতো বোন অস্ট্রেলিয়া যাবে
4939,আমার পড়াশুনা শেষ,data/videos/video/4939.mp4,আমার পড়াশুনা শেষ
3459,আমার পড়াশুনা শেষ,data/videos/video/3459.mp4,আমার পড়াশুনা শেষ
1237,তিনি অনেক বুদ্ধিমতি,data/videos/video/1237.mp4,তিনি অনেক বুদ্ধিমতি
4060,তিনি অনেক বুদ্ধিমতি,data/videos/video/4060.mp4,তিনি অনেক বুদ্ধিমতি
126,আমার মামার পাখি পছন্দ,data/videos/video/126.mp4,আমার মামার পাখি পছন্দ
4579,আমার মামার পাখি পছন্দ,data/videos/video/4579.mp4,আমার মামার পাখি পছন্দ
2131,আমি রবিবার দুধ খাবো,data/videos/video/2131.mp4,আমি রবিবার দুধ খাবো
2986,আমি জুন মাসে ভারত যাব,data/videos/video/2986.mp4,আমি জুন মাসে ভারত যাব
3801,তুমি যাও,data/videos/video/3801.mp4,তুমি যাও
5371,তুমি যাও,data/videos/video/5371.mp4,তুমি যাও
1646,আমার বাবা ঘোড়া দেখে নাই,data/videos/video/1646.mp4,আমার বাবা ঘোড়া দেখে নাই
4693,আমরা ডিম খাবো,data/videos/video/4693.mp4,আমরা ডিম খাবো
845,আমরা ডিম খাবো,data/videos/video/845.mp4,আমরা ডিম খাবো
4508,তুমি ক্ষেত এ যাবা,data/videos/video/4508.mp4,তুমি ক্ষেত এ যাবা
315,তুমি ক্ষেত এ যাবা,data/videos/video/315.mp4,তুমি ক্ষেত এ যাবা
1727,আমার বোন তেলাপোকা দেখে নাই,data/videos/video/1727.mp4,আমার বোন তেলাপোকা দেখে নাই
1084,আমি ক্ষুদার্ত কিছু খাবো,data/videos/video/1084.mp4,আমি ক্ষুদার্ত কিছু খাবো
1123,আমি দূর্বল,data/videos/video/1123.mp4,আমি দূর্বল
298,আমি সেপ্টেম্বর জাপান যাবো,data/videos/video/298.mp4,আমি সেপ্টেম্বর জাপান যাবো
4324,আমি সেপ্টেম্বর জাপান যাবো,data/videos/video/4324.mp4,আমি সেপ্টেম্বর জাপান যাবো
321,তুমি বনে যাবা,data/videos/video/321.mp4,তুমি বনে যাবা
4514,তুমি বনে যাবা,data/videos/video/4514.mp4,তুমি বনে যাবা
4334,আমি জুন মাসে ইংল্যান্ড যাবো,data/videos/video/4334.mp4,আমি জুন মাসে ইংল্যান্ড যাবো
204,আমি জুন মাসে ইংল্যান্ড যাবো,data/videos/video/204.mp4,আমি জুন মাসে ইংল্যান্ড যাবো
2947,আমি অস্ট্রেলিয়া যাব,data/videos/video/2947.mp4,আমি অস্ট্রেলিয়া যাব
1437,মামা,data/videos/video/1437.mp4,মামা
4258,মামা,data/videos/video/4258.mp4,মামা
2672,আমার বাজারের এইখানে বাসা আছে,data/videos/video/2672.mp4,আমার বাজারের এইখানে বাসা আছে
1076,আমি কুলিকে দেখেছি,data/videos/video/1076.mp4,আমি কুলিকে দেখেছি
2855,আমার মামা সৌদি আরব যাবে,data/videos/video/2855.mp4,আমার মামা সৌদি আরব যাবে
2360,আমার খালা চীন যাবে,data/videos/video/2360.mp4,আমার খালা চীন যাবে
2956,আমি ইউরোপ যাব,data/videos/video/2956.mp4,আমি ইউরোপ যাব
3176,আমি শনিবারে রোজা রাখি,data/videos/video/3176.mp4,আমি শনিবারে রোজা রাখি
1954,আমার মা রবিবার ভাত খায়,data/videos/video/1954.mp4,আমার মা রবিবার ভাত খায়
5440,সে চা খাবে,data/videos/video/5440.mp4,সে চা খাবে
1487,সে চা খাবে,data/videos/video/1487.mp4,সে চা খাবে
1459,শুনতে পারি না,data/videos/video/1459.mp4,শুনতে পারি না
4272,শুনতে পারি না,data/videos/video/4272.mp4,শুনতে পারি না
1555,আমার চাচা মংগলবার মাংস খায়,data/videos/video/1555.mp4,আমার চাচা মংগলবার মাংস খায়
5385,প্রথমটি A,data/videos/video/5385.mp4,প্রথমটি A
3816,প্রথমটি A,data/videos/video/3816.mp4,প্রথমটি A
3682,আজ রোববার,data/videos/video/3682.mp4,আজ রোববার
5379,আজ রোববার,data/videos/video/5379.mp4,আজ রোববার
3226,আমি সোমবারে ইংল্যান্ড যাব,data/videos/video/3226.mp4,আমি সোমবারে ইংল্যান্ড যাব
3591,দুপুরের রান্না শেষ খাবার খেতে আসো,data/videos/video/3591.mp4,দুপুরের রান্না শেষ। খাবার খেতে আসো
5293,দুপুরের রান্না শেষ খাবার খেতে আসো,data/videos/video/5293.mp4,দুপুরের রান্না শেষ। খাবার খেতে আসো
4069,তুমি একজন অটিজম,data/videos/video/4069.mp4,তুমি একজন অটিজম
1247,তুমি একজন অটিজম,data/videos/video/1247.mp4,তুমি একজন অটিজম
2153,আমি ১ মাস আগে দেখক করেছি তোমার সাথে,data/videos/video/2153.mp4,আমি ১ মাস আগে দেখক করেছি তোমার সাথে
1947,আমার মা মংগলবার ভাত খায়,data/videos/video/1947.mp4,আমার মা মংগলবার ভাত খায়
3641,রাতে পরোটা সবজি খাবো,data/videos/video/3641.mp4,রাতে পরোটা সবজি খাবো
5295,রাতে পরোটা সবজি খাবো,data/videos/video/5295.mp4,রাতে পরোটা সবজি খাবো
4981,দূর থেকে দেখলে মনে হয় সি এন গের পেছনের বসার সাথে মানুষ নেই,data/videos/video/4981.mp4,দূর থেকে দেখলে মনে হয় সি এন গের পেছনের বসার সাথে মানুষ নেই
3594,দূর থেকে দেখলে মনে হয় সি এন গের পেছনের বসার সাথে মানুষ নেই,data/videos/video/3594.mp4,দূর থেকে দেখলে মনে হয় সি এন গের পেছনের বসার সাথে মানুষ নেই
803,আজকে মংগলবার,data/videos/video/803.mp4,আজকে মংগলবার
4652,আজকে মংগলবার,data/videos/video/4652.mp4,আজকে মংগলবার
2848,আমার মামা ভারত যাবে,data/videos/video/2848.mp4,আমার মামা ভারত যাবে
4812,মজা পড়লে আমাকে সুন্দর দেখা যায়,data/videos/video/4812.mp4,মজা পড়লে আমাকে সুন্দর দেখা যায়
3360,মজা পড়লে আমাকে সুন্দর দেখা যায়,data/videos/video/3360.mp4,মজা পড়লে আমাকে সুন্দর দেখা যায়
1569,আমার চাচা সোমবার দুধ খায়,data/videos/video/1569.mp4,আমার চাচা সোমবার দুধ খায়
1515,আমার চাচা সোমবার দুধ খায়,data/videos/video/1515.mp4,আমার চাচা সোমবার দুধ খায়
5102,আমার পছন্দের রং সাদা,data/videos/video/5102.mp4,আমার পছন্দের রং সাদা
3458,আমার পছন্দের রং সাদা,data/videos/video/3458.mp4,আমার পছন্দের রং সাদা
3683,আজ শনিবার,data/videos/video/3683.mp4,আজ শনিবার
5378,আজ শনিবার,data/videos/video/5378.mp4,আজ শনিবার
3159,আমি শনিবার এ স্কুল এ যাই,data/videos/video/3159.mp4,আমি শনিবার এ স্কুল এ যাই
3692,আপনার শরীর কেমন,data/videos/video/3692.mp4,আপনার শরীর কেমন
5316,আপনার শরীর কেমন,data/videos/video/5316.mp4,আপনার শরীর কেমন
3634,ভালোবাসা দিবস,data/videos/video/3634.mp4,ভালোবাসা দিবস
4988,ভালোবাসা দিবস,data/videos/video/4988.mp4,ভালোবাসা দিবস
3523,আমি রাতে অনেক বেশি সময় দেরি করে ঘুমাতে যাই,data/videos/video/3523.mp4,আমি রাতে অনেক বেশি সময় দেরি করে ঘুমাতে যাই
5285,আমি রাতে অনেক বেশি সময় দেরি করে ঘুমাতে যাই,data/videos/video/5285.mp4,আমি রাতে অনেক বেশি সময় দেরি করে ঘুমাতে যাই
2279,রাতের সময় অনেক ভালো তোমার জন্য,data/videos/video/2279.mp4,রাতের সময় অনেক ভালো তোমার জন্য
3791,তিনি আমার মা,data/videos/video/3791.mp4,তিনি আমার মা
5348,তিনি আমার মা,data/videos/video/5348.mp4,তিনি আমার মা
3054,আমি বুধবারে সৌদি আরব যাব,data/videos/video/3054.mp4,আমি বুধবারে সৌদি আরব যাব
2455,আমার চাচা আমেরিকা যাবে,data/videos/video/2455.mp4,আমার চাচা আমেরিকা যাবে
2020,আমার স্ত্রী শনিবার দুধ খায়,data/videos/video/2020.mp4,আমার স্ত্রী শনিবার দুধ খায়
2636,আমার ফুফাতো ভাইয়ের রান্না খেতে মজা,data/videos/video/2636.mp4,আমার ফুফাতো ভাইয়ের রান্না খেতে মজা
1755,আমার বোন শুক্রবার ভাত খায়,data/videos/video/1755.mp4,আমার বোন শুক্রবার ভাত খায়
4032,কি ভাবছো,data/videos/video/4032.mp4,কি ভাবছো
1208,কি ভাবছো,data/videos/video/1208.mp4,কি ভাবছো
4656,আজকে শনিবার,data/videos/video/4656.mp4,আজকে শনিবার
807,আজকে শনিবার,data/videos/video/807.mp4,আজকে শনিবার
2379,আমার খালাতো বোন আফ্রিকার ছবি,data/videos/video/2379.mp4,আমার খালাতো বোন আফ্রিকার ছবি
2623,আমার ফুফাতো ভাই ইউরোপ যাবে,data/videos/video/2623.mp4,আমার ফুফাতো ভাই ইউরোপ যাবে
1848,আমার ভাই কচ্ছপ দেখে নাই,data/videos/video/1848.mp4,আমার ভাই কচ্ছপ দেখে নাই
1092,আমি গাড়িতে তেল দিবো,data/videos/video/1092.mp4,আমি গাড়িতে তেল দিবো
2030,আমার স্ত্রী সোমবার মাছ খায়,data/videos/video/2030.mp4,আমার স্ত্রী সোমবার মাছ খায়
3537,কালো রঙের জামা আমার আছে,data/videos/video/3537.mp4,কালো রঙের জামা আমার আছে
4880,কালো রঙের জামা আমার আছে,data/videos/video/4880.mp4,কালো রঙের জামা আমার আছে
890,আমার চুলকানী হয়েছে,data/videos/video/890.mp4,আমার চুলকানী হয়েছে
1049,আমি আরবি বই জানি,data/videos/video/1049.mp4,আমি আরবি বই জানি
3369,মে মাসে গ্রীষ্মকাল থাকে,data/videos/video/3369.mp4,মে মাসে গ্রীষ্মকাল থাকে
5184,মে মাসে গ্রীষ্মকাল থাকে,data/videos/video/5184.mp4,মে মাসে গ্রীষ্মকাল থাকে
3293,তোমার কি কামরাঙ্গা ভালো লাগে,data/videos/video/3293.mp4,তোমার কি কামরাঙ্গা ভালো লাগে
5149,তোমার কি কামরাঙ্গা ভালো লাগে,data/videos/video/5149.mp4,তোমার কি কামরাঙ্গা ভালো লাগে
4479,তুমি পশ্চিম দিকে যাবা,data/videos/video/4479.mp4,তুমি পশ্চিম দিকে যাবা
319,তুমি পশ্চিম দিকে যাবা,data/videos/video/319.mp4,তুমি পশ্চিম দিকে যাবা
1594,আমার ছেলে শুক্রবার দুধ খায়,data/videos/video/1594.mp4,আমার ছেলে শুক্রবার দুধ খায়
982,আমার বড় ভাই অলস,data/videos/video/982.mp4,আমার বড় ভাই অলস
1827,আমার বড় ভাই মুরগী দেখে নাই,data/videos/video/1827.mp4,আমার বড় ভাই মুরগী দেখে নাই
1425,ভেতরে আসুন বসুন,data/videos/video/1425.mp4,ভেতরে আসুন বসুন
4246,ভেতরে আসুন বসুন,data/videos/video/4246.mp4,ভেতরে আসুন বসুন
4288,আমি এপ্রিল মাসে চীন যাবো,data/videos/video/4288.mp4,আমি এপ্রিল মাসে চীন যাবো
183,আমি এপ্রিল মাসে চীন যাবো,data/videos/video/183.mp4,আমি এপ্রিল মাসে চীন যাবো
5156,তুমি বই পড়,data/videos/video/5156.mp4,তুমি বই পড়
3288,তুমি বই পড়,data/videos/video/3288.mp4,তুমি বই পড়
980,আমার বড় ভাই সুন্দর দেখতে,data/videos/video/980.mp4,আমার বড় ভাই  সুন্দর দেখতে
4019,এখন বর্ষাকাল,data/videos/video/4019.mp4,এখন বর্ষাকাল
4792,এখন বর্ষাকাল,data/videos/video/4792.mp4,এখন বর্ষাকাল
1196,এখন বর্ষাকাল,data/videos/video/1196.mp4,এখন বর্ষাকাল
3408,এখন বর্ষাকাল,data/videos/video/3408.mp4,এখন বর্ষাকাল
1766,আমার বোন হাতি দেখে নাই,data/videos/video/1766.mp4,আমার বোন হাতি দেখে নাই
4469,আমার মার পৃথিবী দেখতে ভালো লাগে,data/videos/video/4469.mp4,আমার মার পৃথিবী দেখতে ভালো লাগে
149,আমার মার পৃথিবী দেখতে ভালো লাগে,data/videos/video/149.mp4,আমার মার পৃথিবী দেখতে ভালো লাগে
1096,আমি চা খাবো,data/videos/video/1096.mp4,আমি চা খাবো
1751,আমার বোন শনিবার ভাত খায়,data/videos/video/1751.mp4,আমার বোন শনিবার ভাত খায়
1169,আমি মেন্টালী অসুস্থ,data/videos/video/1169.mp4,আমি মেন্টালী অসুস্থ
3993,আমি মেন্টালী অসুস্থ,data/videos/video/3993.mp4,আমি মেন্টালী অসুস্থ
2324,আপনি কি বাজারে যাবেন,data/videos/video/2324.mp4,আপনি কি বাজারে যাবেন
1779,আমার বড় বোন কুকুর দেখেছে,data/videos/video/1779.mp4,আমার বড় বোন কুকুর দেখেছে
1335,তোমার ভাষা কেমন,data/videos/video/1335.mp4,তোমার ভাষা কেমন
4157,তোমার ভাষা কেমন,data/videos/video/4157.mp4,তোমার ভাষা কেমন
849,আমরা মানবাধিকারের জন্য স্বাক্ষর করি,data/videos/video/849.mp4,আমরা মানবাধিকারের জন্য স্বাক্ষর করি
4632,আমরা মানবাধিকারের জন্য স্বাক্ষর করি,data/videos/video/4632.mp4,আমরা মানবাধিকারের জন্য স্বাক্ষর করি
1042,আমি অসুস্থ,data/videos/video/1042.mp4,আমি অসুস্থ
1323,তোমার জর কি অবস্থা,data/videos/video/1323.mp4,তোমার জর কি অবস্থা
4145,তোমার জর কি অবস্থা,data/videos/video/4145.mp4,তোমার জর কি অবস্থা
5299,১২ এপ্রিল আমার জন্মদিন,data/videos/video/5299.mp4,১২ এপ্রিল আমার জন্মদিন
3412,১২ এপ্রিল আমার জন্মদিন,data/videos/video/3412.mp4,১২ এপ্রিল আমার জন্মদিন
1504,১২ এপ্রিল আমার জন্মদিন,data/videos/video/1504.mp4,১২ এপ্রিল আমার জন্মদিন
3717,আমার বাবা একজন শ্রমিক,data/videos/video/3717.mp4,আমার বাবা একজন শ্রমিক
5412,আমার বাবা একজন শ্রমিক,data/videos/video/5412.mp4,আমার বাবা একজন শ্রমিক
2853,আমার মামা লিচু খেতে পছন্দ,data/videos/video/2853.mp4,আমার মামা লিচু খেতে পছন্দ
2554,আমার চালতা ভালো লাগে,data/videos/video/2554.mp4,আমার চালতা ভালো লাগে
2664,আমার ফুফু সৌদি আরব যাবে,data/videos/video/2664.mp4,আমার ফুফু সৌদি আরব যাবে
4902,আমার শরীর ভালো না,data/videos/video/4902.mp4,আমার শরীর ভালো না
3474,আমার শরীর ভালো না,data/videos/video/3474.mp4,আমার শরীর ভালো না
785,অতীত ভাবি না,data/videos/video/785.mp4,অতীত ভাবি না
4634,অতীত ভাবি না,data/videos/video/4634.mp4,অতীত ভাবি না
2061,আমি অনেক গুলো বিড়াল দেখি নাই,data/videos/video/2061.mp4,আমি অনেক গুলো বিড়াল দেখি নাই
3065,আমি বৃহস্পতিবার বাড়িতে যাব,data/videos/video/3065.mp4,আমি বৃহস্পতিবার বাড়িতে যাব
2400,আমার খালাতো ভাই ইংল্যান্ডে যাবে,data/videos/video/2400.mp4,আমার খালাতো ভাই ইংল্যান্ডে যাবে
2163,গতকাল আমার ছোট ভাই ডাক্তার দেখিয়েছে,data/videos/video/2163.mp4,গতকাল আমার ছোট ভাই ডাক্তার দেখিয়েছে
3820,বর্তমান সময় ভালো,data/videos/video/3820.mp4,বর্তমান সময় ভালো
4745,বর্তমান সময় ভালো,data/videos/video/4745.mp4,বর্তমান সময় ভালো
1723,আমার বোন চিড়িয়াখানা যাবে,data/videos/video/1723.mp4,আমার বোন চিড়িয়াখানা যাবে
2795,আমার ভাই স্কুল এ যায়,data/videos/video/2795.mp4,আমার ভাই স্কুল এ যায়
3029,আমি বুধবার অস্ট্রেলিয়া যাব,data/videos/video/3029.mp4,আমি বুধবার অস্ট্রেলিয়া যাব
4532,আমার বোন মরুভূমিতে যাবে,data/videos/video/4532.mp4,আমার বোন মরুভূমিতে যাবে
47,আমার বোন মরুভূমিতে যাবে,data/videos/video/47.mp4,আমার বোন মরুভূমিতে যাবে
3772,আমি মাংস খাবো,data/videos/video/3772.mp4,আমি মাংস খাবো
3992,আমি মাংস খাবো,data/videos/video/3992.mp4,আমি মাংস খাবো
1166,আমি মাংস খাবো,data/videos/video/1166.mp4,আমি মাংস খাবো
5361,আমি মাংস খাবো,data/videos/video/5361.mp4,আমি মাংস খাবো
3623,বাহিরে গেলে আপনারা সাবধানে থাকবেন মাস্ক পড়বেন,data/videos/video/3623.mp4,বাহিরে গেলে আপনারা সাবধানে থাকবেন মাস্ক পড়বেন
4922,বাহিরে গেলে আপনারা সাবধানে থাকবেন মাস্ক পড়বেন,data/videos/video/4922.mp4,বাহিরে গেলে আপনারা সাবধানে থাকবেন মাস্ক পড়বেন
5115,দেখা হয়ে ভালো লাগলো,data/videos/video/5115.mp4,দেখা হয়ে ভালো লাগলো
3888,দেখা হয়ে ভালো লাগলো,data/videos/video/3888.mp4,দেখা হয়ে ভালো লাগলো
4240,ভাইয়ের পরীক্ষা কেমন হয়েছে,data/videos/video/4240.mp4,ভাইয়ের পরীক্ষা কেমন হয়েছে
1419,ভাইয়ের পরীক্ষা কেমন হয়েছে,data/videos/video/1419.mp4,ভাইয়ের পরীক্ষা কেমন হয়েছে
1683,আমার বাবা রবিবার ভাত খাবে,data/videos/video/1683.mp4,আমার বাবা রবিবার ভাত খাবে
1889,আমার ভাই শুক্রবার দুধ খায়,data/videos/video/1889.mp4,আমার ভাই শুক্রবার দুধ খায়
4599,আমার ভাইয়ের দোয়েল পছন্দ,data/videos/video/4599.mp4,আমার ভাইয়ের দোয়েল পছন্দ
84,আমার ভাইয়ের দোয়েল পছন্দ,data/videos/video/84.mp4,আমার ভাইয়ের দোয়েল পছন্দ
2071,আমি এনিমেল দেখেছি,data/videos/video/2071.mp4,আমি এনিমেল দেখেছি
886,আমার চাচী ভাল,data/videos/video/886.mp4,আমার চাচী  ভাল
1539,আজকের দিন অনেক সুন্দর তুমি কি কাজ করবা,data/videos/video/1539.mp4,আজকের দিন অনেক সুন্দর তুমি কি কাজ করবা
1354,বর্ডারগার্ড আমাকে ধরেছে,data/videos/video/1354.mp4,বর্ডারগার্ড আমাকে ধরেছে
4184,বর্ডারগার্ড আমাকে ধরেছে,data/videos/video/4184.mp4,বর্ডারগার্ড আমাকে ধরেছে
927,আমার প্রশংসা পত্র কই,data/videos/video/927.mp4,আমার প্রশংসা পত্র কই
2888,আমার মামাতো ভাই ভারত যাবে,data/videos/video/2888.mp4,আমার মামাতো ভাই ভারত যাবে
2125,আমি মংগলবার দুধ খাবো,data/videos/video/2125.mp4,আমি মংগলবার দুধ খাবো
2955,আমি আমেরিকা যাব,data/videos/video/2955.mp4,আমি আমেরিকা যাব
2976,আমি চা খাই,data/videos/video/2976.mp4,আমি চা খাই
3317,তোমার ফুফাতো বোনের নাম কি,data/videos/video/3317.mp4,তোমার ফুফাতো বোনের নাম কি
5217,তোমার ফুফাতো বোনের নাম কি,data/videos/video/5217.mp4,তোমার ফুফাতো বোনের নাম কি
4978,আমি প্রতিদিন সি এন জি দিয়ে যাই,data/videos/video/4978.mp4,আমি প্রতিদিন সি এন জি দিয়ে যাই
3512,আমি প্রতিদিন সি এন জি দিয়ে যাই,data/videos/video/3512.mp4,আমি প্রতিদিন সি এন জি দিয়ে যাই
225,আমি জুলাইয়ে সৌদি আরব যাব,data/videos/video/225.mp4,আমি জুলাইয়ে সৌদি আরব যাব
4309,আমি জুলাইয়ে সৌদি আরব যাব,data/videos/video/4309.mp4,আমি জুলাইয়ে সৌদি আরব যাব
3083,আমি ভুটান যাব,data/videos/video/3083.mp4,আমি ভুটান যাব
3761,আমি ইংরেজিতে কথা বলি,data/videos/video/3761.mp4,আমি ইংরেজিতে কথা বলি
4759,আমি ইংরেজিতে কথা বলি,data/videos/video/4759.mp4,আমি ইংরেজিতে কথা বলি
2038,আমার স্বামী বৃহস্পতিবার মাছ খায়,data/videos/video/2038.mp4,আমার স্বামী বৃহস্পতিবার মাছ খায়
4039,খাবার ভালো ছিল,data/videos/video/4039.mp4,খাবার ভালো ছিল
1216,খাবার ভালো ছিল,data/videos/video/1216.mp4,খাবার ভালো ছিল
3607,প্রতিদিন লেবু অদা মিশিয়ে চা খাবেন,data/videos/video/3607.mp4,"প্রতিদিন লেবু, অদা মিশিয়ে চা খাবেন"
4914,প্রতিদিন লেবু অদা মিশিয়ে চা খাবেন,data/videos/video/4914.mp4,"প্রতিদিন লেবু, অদা মিশিয়ে চা খাবেন"
1168,আমি মাথায় তেল দিবো,data/videos/video/1168.mp4,আমি মাথায় তেল দিবো
3991,আমি মাথায় তেল দিবো,data/videos/video/3991.mp4,আমি মাথায় তেল দিবো
994,আমার ভাই মেধাবী,data/videos/video/994.mp4,আমার ভাই মেধাবী
1114,আমি তোমাকে অনেক পছন্দ করি মনে রেখো,data/videos/video/1114.mp4,আমি তোমাকে অনেক পছন্দ করি মনে রেখো
2856,আমার মামাতো বোন আফ্রিকা যাবে,data/videos/video/2856.mp4,আমার মামাতো  বোন আফ্রিকা যাবে
3304,তোমার চাচাতো ভাই ভালো মানুষ,data/videos/video/3304.mp4,তোমার চাচাতো ভাই ভালো মানুষ
5145,তোমার চাচাতো ভাই ভালো মানুষ,data/videos/video/5145.mp4,তোমার চাচাতো ভাই ভালো মানুষ
3152,আমি রবিবারে সৌদি আরব যাব,data/videos/video/3152.mp4,আমি রবিবারে সৌদি আরব যাব
4629,আমি পরে দেখবো তোমাকে,data/videos/video/4629.mp4,আমি পরে দেখবো তোমাকে
1130,আমি পরে দেখবো তোমাকে,data/videos/video/1130.mp4,আমি পরে দেখবো তোমাকে
3168,আমি শনিবারে জাপান যাবো,data/videos/video/3168.mp4,আমি শনিবারে জাপান যাবো
1537,আজকে এই পর্যন্ত,data/videos/video/1537.mp4,আজকে এই পর্যন্ত
120,আমার মামার কাক পছন্দ না,data/videos/video/120.mp4,আমার মামার কাক পছন্দ না
4592,আমার মামার কাক পছন্দ না,data/videos/video/4592.mp4,আমার মামার কাক পছন্দ না
2039,আমার স্বামী মংগলবার দুধ খায়,data/videos/video/2039.mp4,আমার স্বামী মংগলবার দুধ খায়
2629,আমার ফুফাতো ভাই পাকিস্তান যাবে,data/videos/video/2629.mp4,আমার ফুফাতো ভাই পাকিস্তান যাবে
1277,তুমি বাংলা বলো কীভাবে,data/videos/video/1277.mp4,তুমি বাংলা বলো কীভাবে
4103,তুমি বাংলা বলো কীভাবে,data/videos/video/4103.mp4,তুমি বাংলা বলো কীভাবে
3443,আমাদের বাসায় পানির বিলের টাকা অনেক বেশি এসেছে,data/videos/video/3443.mp4,আমাদের বাসায় পানির বিলের টাকা অনেক বেশি এসেছে
4847,আমাদের বাসায় পানির বিলের টাকা অনেক বেশি এসেছে,data/videos/video/4847.mp4,আমাদের বাসায় পানির বিলের টাকা অনেক বেশি এসেছে
4140,তোমার জন্মদিন ২২ মার্চ,data/videos/video/4140.mp4,তোমার জন্মদিন ২২ মার্চ
1318,তোমার জন্মদিন ২২ মার্চ,data/videos/video/1318.mp4,তোমার জন্মদিন ২২ মার্চ
4947,তুমি রুটি ভাজ,data/videos/video/4947.mp4,তুমি রুটি ভাজ
3585,তুমি রুটি ভাজ,data/videos/video/3585.mp4,তুমি রুটি ভাজ
4338,আমি জানুয়ারিতে কানাডা যাব,data/videos/video/4338.mp4,আমি জানুয়ারিতে কানাডা যাব
196,আমি জানুয়ারিতে কানাডা যাব,data/videos/video/196.mp4,আমি জানুয়ারিতে কানাডা যাব
1806,আমার বড় ভাই ইলিশ মাছ খাবে,data/videos/video/1806.mp4,আমার বড় ভাই ইলিশ মাছ খাবে
4174,বড় বোন চিঠি লিখে,data/videos/video/4174.mp4,বড় বোন চিঠি লিখে
1397,বড় বোন চিঠি লিখে,data/videos/video/1397.mp4,বড় বোন চিঠি লিখে
984,আমার বড় ভাই ভালো আছে,data/videos/video/984.mp4,আমার বড় ভাই ভালো আছে
2548,আমার চাচি শ্রীলংকা যাবে,data/videos/video/2548.mp4,আমার চাচি শ্রীলংকা যাবে
1803,আমার বড় ভাই ইদুর দেখছে,data/videos/video/1803.mp4,আমার বড় ভাই ইদুর দেখছে
5236,তোমার মামা কোথায় কাজ করে,data/videos/video/5236.mp4,তোমার মামা কোথায় কাজ করে
3336,তোমার মামা কোথায় কাজ করে,data/videos/video/3336.mp4,তোমার মামা কোথায় কাজ করে
3471,আমার বয়স ২০,data/videos/video/3471.mp4,আমার বয়স ২০
5094,আমার বয়স ২০,data/videos/video/5094.mp4,আমার বয়স ২০
3919,আপনার কি কিচু প্রাইওজন,data/videos/video/3919.mp4,আপনার কি কিচু প্রাইওজন
5041,আপনার কি কিচু প্রাইওজন,data/videos/video/5041.mp4,আপনার কি কিচু প্রাইওজন
3925,আমার বাবা একজন বেবশাহী,data/videos/video/3925.mp4,আমার বাবা একজন বেবশাহী
5058,আমার বাবা একজন বেবশাহী,data/videos/video/5058.mp4,আমার বাবা একজন বেবশাহী
1526,আগে দিন পরে রাত,data/videos/video/1526.mp4,আগে দিন পরে রাত
2048,আমার স্বামী শনিবার ভাত খায়,data/videos/video/2048.mp4,আমার স্বামী শনিবার ভাত খায়
1676,আমার বাবা মংগলবার ভাত খায়,data/videos/video/1676.mp4,আমার বাবা মংগলবার ভাত খায়
2520,আমার চাচাতো ভাই ভুটান যাবে,data/videos/video/2520.mp4,আমার চাচাতো ভাই ভুটান যাবে
1411,ভাই নোটিশ দেখেছে,data/videos/video/1411.mp4,ভাই নোটিশ দেখেছে
4232,ভাই নোটিশ দেখেছে,data/videos/video/4232.mp4,ভাই নোটিশ দেখেছে
1503,১২ অক্টোবর আমার জন্মদিন,data/videos/video/1503.mp4,১২ অক্টোবর আমার জন্মদিন
3411,১২ অক্টোবর আমার জন্মদিন,data/videos/video/3411.mp4,১২ অক্টোবর আমার জন্মদিন
5298,১২ অক্টোবর আমার জন্মদিন,data/videos/video/5298.mp4,১২ অক্টোবর আমার জন্মদিন
2407,আমার খালাতো ভাই পাকিস্তান যাবে,data/videos/video/2407.mp4,আমার খালাতো ভাই পাকিস্তান যাবে
2095,আমি তেলাপোকা দেখি নাই,data/videos/video/2095.mp4,আমি তেলাপোকা দেখি নাই
285,আমি মে মাসে আফ্রিকা যাব,data/videos/video/285.mp4,আমি মে মাসে আফ্রিকা যাব
4380,আমি মে মাসে আফ্রিকা যাব,data/videos/video/4380.mp4,আমি মে মাসে আফ্রিকা যাব
1628,আমার ছোট ভাই হাস দেখেছে,data/videos/video/1628.mp4,আমার ছোট ভাই হাস দেখেছে
2282,শুক্রবার আমি ডাক্তার দেখাবো তুমি আমার সাথে দেখা কর,data/videos/video/2282.mp4,শুক্রবার আমি ডাক্তার দেখাবো তুমি আমার সাথে দেখা কর
3319,তোমার ফুফার নাম ক,data/videos/video/3319.mp4,তোমার ফুফার নাম ক
5205,তোমার ফুফার নাম ক,data/videos/video/5205.mp4,তোমার ফুফার নাম ক
3020,আমি ফেব্রুয়ারিতে মালদ্বীপ যাব,data/videos/video/3020.mp4,আমি ফেব্রুয়ারিতে মালদ্বীপ যাব
1451,রঙ এর নাম নীল,data/videos/video/1451.mp4,রঙ এর নাম নীল
4264,রঙ এর নাম নীল,data/videos/video/4264.mp4,রঙ এর নাম নীল
2734,আমার বোন চীন যাবে,data/videos/video/2734.mp4,আমার বোন চীন যাবে
1011,আমার মাতৃভাষা বাংলা,data/videos/video/1011.mp4,আমার মাতৃভাষা বাংলা
5392,আমার মাতৃভাষা বাংলা,data/videos/video/5392.mp4,আমার মাতৃভাষা বাংলা
3755,আমার মাতৃভাষা বাংলা,data/videos/video/3755.mp4,আমার মাতৃভাষা বাংলা
2211,তুমি সময় অনেক নিছো,data/videos/video/2211.mp4,তুমি সময় অনেক নিছো
1021,আমার রুটিন দেখেছি,data/videos/video/1021.mp4,আমার রুটিন দেখেছি
1800,আমার বড় বোন হাস দেখেছে,data/videos/video/1800.mp4,আমার বড় বোন হাস দেখেছে
1192,এই বিষয় পরীক্ষা কেমন হয়েছে,data/videos/video/1192.mp4,এই বিষয় পরীক্ষা কেমন হয়েছে
4016,এই বিষয় পরীক্ষা কেমন হয়েছে,data/videos/video/4016.mp4,এই বিষয় পরীক্ষা কেমন হয়েছে
2796,আমার ভাইয়ের ফুলকপি খেতে ভালো লাগে,data/videos/video/2796.mp4,আমার ভাইয়ের ফুলকপি খেতে ভালো লাগে
816,আপনাকে সাহায্য করবো,data/videos/video/816.mp4,আপনাকে সাহায্য করবো
4663,আপনাকে সাহায্য করবো,data/videos/video/4663.mp4,আপনাকে সাহায্য করবো
1587,আমার ছেলে রবিবার ভাত খায়,data/videos/video/1587.mp4,আমার ছেলে রবিবার ভাত খায়
2248,মামা মংগলবার মাংস খায়,data/videos/video/2248.mp4,মামা মংগলবার মাংস খায়
3229,আমি সোমবারে খেলাধুলা করি,data/videos/video/3229.mp4,আমি সোমবারে খেলাধুলা করি
3084,আমি মঙ্গলবার অফিসে যাব,data/videos/video/3084.mp4,আমি মঙ্গলবার অফিসে যাব
2436,আমার খালু বিদেশ যাবে,data/videos/video/2436.mp4,আমার খালু বিদেশ যাবে
2683,আমার বাবা কসাই,data/videos/video/2683.mp4,আমার বাবা কসাই
2743,আমার বোন বিদেশ যাবে,data/videos/video/2743.mp4,আমার বোন বিদেশ যাবে
4011,আমি হসপিটালে যাবো,data/videos/video/4011.mp4,আমি হসপিটালে যাবো
1187,আমি হসপিটালে যাবো,data/videos/video/1187.mp4,আমি হসপিটালে যাবো
3775,এখন থেকে বিরতি,data/videos/video/3775.mp4,এখন থেকে বিরতি
4780,এখন থেকে বিরতি,data/videos/video/4780.mp4,এখন থেকে বিরতি
907,আমার দাদি ভালো,data/videos/video/907.mp4,আমার দাদি ভালো
1078,আমি কোলড্রিংস খাবো,data/videos/video/1078.mp4,আমি কোলড্রিংস খাবো
4244,ভূগোল দেখেছি বিষয়টি সুন্দর,data/videos/video/4244.mp4,ভূগোল দেখেছি বিষয়টি সুন্দর
1423,ভূগোল দেখেছি বিষয়টি সুন্দর,data/videos/video/1423.mp4,ভূগোল দেখেছি বিষয়টি সুন্দর
4208,বাংলা দেশ ৬ ঋতুর দেশ,data/videos/video/4208.mp4,বাংলা দেশ ৬ ঋতুর দেশ
1366,বাংলা দেশ ৬ ঋতুর দেশ,data/videos/video/1366.mp4,বাংলা দেশ ৬ ঋতুর দেশ
1061,আমি একজন মুসলমান,data/videos/video/1061.mp4,আমি একজন মুসলমান
1794,আমার বড় বোন সকালে দেখা করবে,data/videos/video/1794.mp4,আমার বড় বোন সকালে দেখা করবে
2050,আমার স্বামী শনিবার মাছ খায়,data/videos/video/2050.mp4,আমার স্বামী শনিবার মাছ খায়
2011,আমার স্ত্রী বৃহস্পতিবার মাছ খায়,data/videos/video/2011.mp4,আমার স্ত্রী বৃহস্পতিবার মাছ খায়
5199,তোমার নাম কী,data/videos/video/5199.mp4,তোমার নাম কী
3314,তোমার নাম কী,data/videos/video/3314.mp4,তোমার নাম কী
5163,আমি স্কুল যাই,data/videos/video/5163.mp4,আমি স্কুল যাই
3246,আমি স্কুল যাই,data/videos/video/3246.mp4,আমি স্কুল যাই
1170,আমি ম্যডামের কাছে পড়ি,data/videos/video/1170.mp4,আমি ম্যডামের কাছে পড়ি
3994,আমি ম্যডামের কাছে পড়ি,data/videos/video/3994.mp4,আমি ম্যডামের কাছে পড়ি
2545,আমার চাচি ভুটান যাবে,data/videos/video/2545.mp4,আমার চাচি ভুটান যাবে
2045,আমার স্বামী রবিবার মাংস খায়,data/videos/video/2045.mp4,আমার স্বামী রবিবার মাংস খায়
4586,আমার দোয়েল পছন্দ,data/videos/video/4586.mp4,আমার দোয়েল পছন্দ
7,আমার দোয়েল পছন্দ,data/videos/video/7.mp4,আমার দোয়েল পছন্দ
3275,ডিসেম্বরে শীতকাল থাকে,data/videos/video/3275.mp4,ডিসেম্বরে শীতকাল থাকে
5196,ডিসেম্বরে শীতকাল থাকে,data/videos/video/5196.mp4,ডিসেম্বরে শীতকাল থাকে
1663,আমার বাবা বিমানে যাবে,data/videos/video/1663.mp4,আমার বাবা বিমানে যাবে
2551,আমার চাচী আফ্রিকা যাবে,data/videos/video/2551.mp4,আমার চাচী আফ্রিকা যাবে
2839,আমার মামা ক্রিকেট খেলা পছন্দ করে,data/videos/video/2839.mp4,আমার মামা ক্রিকেট  খেলা পছন্দ করে
101,আমার মা পশ্চিম দিকে যাবে,data/videos/video/101.mp4,আমার মা পশ্চিম দিকে যাবে
4475,আমার মা পশ্চিম দিকে যাবে,data/videos/video/4475.mp4,আমার মা পশ্চিম দিকে যাবে
1788,আমার বড় বোন বিড়াল দেখে নাই,data/videos/video/1788.mp4,আমার বড় বোন বিড়াল দেখে নাই
2084,আমি চিংড়ি মাছ দেখেছি,data/videos/video/2084.mp4,আমি চিংড়ি মাছ দেখেছি
3032,আমি বুধবার ইউরোপ যাব,data/videos/video/3032.mp4,আমি বুধবার ইউরোপ যাব
3557,ডেঙ্গু জ্বর হলে পাকা পেঁপের শরবত খাবেন,data/videos/video/3557.mp4,ডেঙ্গু জ্বর হলে পাকা পেঁপের শরবত খাবেন
4966,ডেঙ্গু জ্বর হলে পাকা পেঁপের শরবত খাবেন,data/videos/video/4966.mp4,ডেঙ্গু জ্বর হলে পাকা পেঁপের শরবত খাবেন
2159,ওটার ওজন ১০ লিটার,data/videos/video/2159.mp4,ওটার ওজন ১০ লিটার
2444,আমার খালু লিচু খেতে পছন্দ করে,data/videos/video/2444.mp4,আমার খালু লিচু খেতে পছন্দ করে
259,আমি ফেব্রুয়ারিতে আমেরিকা যাব,data/videos/video/259.mp4,আমি ফেব্রুয়ারিতে আমেরিকা যাব
4395,আমি ফেব্রুয়ারিতে আমেরিকা যাব,data/videos/video/4395.mp4,আমি ফেব্রুয়ারিতে আমেরিকা যাব
2821,আমার মা মালদ্বীপ যাবে,data/videos/video/2821.mp4,আমার মা মালদ্বীপ যাবে
3077,আমি বৃহস্পতিবারে শ্রীলঙ্কা যাব,data/videos/video/3077.mp4,আমি বৃহস্পতিবারে শ্রীলঙ্কা যাব
3202,আমি শুক্রবারে বাড়িতে যাব,data/videos/video/3202.mp4,আমি শুক্রবারে বাড়িতে যাব
2421,আমার খালু আম খেতে পছন্দ করে,data/videos/video/2421.mp4,আমার খালু আম খেতে পছন্দ করে
5078,মুরগির মঙ্গশো আমার খুব পোচোন্দো,data/videos/video/5078.mp4,মুরগির মঙ্গশো আমার খুব পোচোন্দো
3939,মুরগির মঙ্গশো আমার খুব পোচোন্দো,data/videos/video/3939.mp4,মুরগির মঙ্গশো আমার খুব পোচোন্দো
2106,আমি বাই সাইকেল চালাই যাই,data/videos/video/2106.mp4,আমি বাই সাইকেল চালাই যাই
2374,আমার খালা লিচু খেতে পছন্দ করে,data/videos/video/2374.mp4,আমার খালা লিচু খেতে পছন্দ করে
2940,আমি অক্টোবরে ঘুরতে যাব,data/videos/video/2940.mp4,আমি অক্টোবরে ঘুরতে যাব
2632,আমার ফুফাতো ভাই ভারত যাবে,data/videos/video/2632.mp4,আমার ফুফাতো ভাই ভারত যাবে
4434,আমি সমুদ্র দেখতে যাব,data/videos/video/4434.mp4,আমি সমুদ্র দেখতে যাব
296,আমি সমুদ্র দেখতে যাব,data/videos/video/296.mp4,আমি সমুদ্র দেখতে যাব
1041,আমি অফিসে যাবো,data/videos/video/1041.mp4,আমি অফিসে যাবো
4601,আমার মামার সাপ ভয় লাগে,data/videos/video/4601.mp4,আমার মামার সাপ ভয় লাগে
134,আমার মামার সাপ ভয় লাগে,data/videos/video/134.mp4,আমার মামার সাপ ভয় লাগে
3323,তোমার বাবা কি করে,data/videos/video/3323.mp4,তোমার বাবা কি করে
5167,তোমার বাবা কি করে,data/videos/video/5167.mp4,তোমার বাবা কি করে
4910,সবাই সাবধানে থাকবেন,data/videos/video/4910.mp4,সবাই সাবধানে থাকবেন
3658,সবাই সাবধানে থাকবেন,data/videos/video/3658.mp4,সবাই সাবধানে থাকবেন
2203,তুমি শনিবার দুধ খাবা,data/videos/video/2203.mp4,তুমি শনিবার দুধ খাবা
3011,আমি নভেম্বরে ভুটান যাব,data/videos/video/3011.mp4,আমি নভেম্বরে ভুটান যাব
921,আমার পরিবারের সাথে দেখা হয়েছে,data/videos/video/921.mp4,আমার পরিবারের সাথে দেখা হয়েছে
1315,তোমার জন্মদিন ২২ জুলাই,data/videos/video/1315.mp4,তোমার জন্মদিন ২২ জুলাই
4137,তোমার জন্মদিন ২২ জুলাই,data/videos/video/4137.mp4,তোমার জন্মদিন ২২ জুলাই
4222,বোন বিরতি নিছে,data/videos/video/4222.mp4,বোন বিরতি নিছে
1392,বোন বিরতি নিছে,data/videos/video/1392.mp4,বোন বিরতি নিছে
2965,আমি এপ্রিলে ভুটান যাবো,data/videos/video/2965.mp4,আমি এপ্রিলে ভুটান যাবো
4273,শুভ অপরাহ্ন,data/videos/video/4273.mp4,শুভ অপরাহ্ন
1460,শুভ অপরাহ্ন,data/videos/video/1460.mp4,শুভ অপরাহ্ন
3827,শুভ অপরাহ্ন,data/videos/video/3827.mp4,শুভ অপরাহ্ন
5314,শুভ অপরাহ্ন,data/videos/video/5314.mp4,শুভ অপরাহ্ন
2476,আমার চাচা মালদ্বীপ যাবে,data/videos/video/2476.mp4,আমার চাচা মালদ্বীপ যাবে
3646,লবনাক্ত গরম পানি দিয়ে কুলি করবেন,data/videos/video/3646.mp4,লবনাক্ত গরম পানি দিয়ে কুলি করবেন
4919,লবনাক্ত গরম পানি দিয়ে কুলি করবেন,data/videos/video/4919.mp4,লবনাক্ত গরম পানি দিয়ে কুলি করবেন
2642,আমার ফুফু ইংল্যান্ডে যাবে,data/videos/video/2642.mp4,আমার ফুফু ইংল্যান্ডে যাবে
1339,তোমার মিটিং কয়টায় সময়,data/videos/video/1339.mp4,তোমার মিটিং কয়টায় সময়
4161,তোমার মিটিং কয়টায় সময়,data/videos/video/4161.mp4,তোমার মিটিং কয়টায় সময়
2073,আমি কচ্ছপ দেখেছি,data/videos/video/2073.mp4,আমি কচ্ছপ দেখেছি
2968,আমি ও তুমি স্কুল যাই,data/videos/video/2968.mp4,আমি ও তুমি স্কুল যাই
1783,আমার বড় বোন টিয়া পাখি দেখে নাই,data/videos/video/1783.mp4,আমার বড় বোন টিয়া পাখি দেখে নাই
4626,আই লাভ উ,data/videos/video/4626.mp4,আই লাভ উ
793,আই লাভ উ,data/videos/video/793.mp4,আই লাভ উ
3671,৩টায় ঘুমাই,data/videos/video/3671.mp4,৩টায় ঘুমাই
5273,৩টায় ঘুমাই,data/videos/video/5273.mp4,৩টায় ঘুমাই
2728,আমার বোন এর রান্না খেতে মজা,data/videos/video/2728.mp4,আমার বোন এর রান্না খেতে মজা
2234,মামা আমি দেখি নাই,data/videos/video/2234.mp4,মামা আমি দেখি নাই
2811,আমার মা জাপান যাবে,data/videos/video/2811.mp4,আমার মা জাপান যাবে
1987,আমার মেয়ে মংগলবার মাংস খাবে,data/videos/video/1987.mp4,আমার মেয়ে মংগলবার মাংস খাবে
863,আমরা সবাই পেয়াজ খাবে,data/videos/video/863.mp4,আমরা সবাই পেয়াজ খাবে
4711,আমরা সবাই পেয়াজ খাবে,data/videos/video/4711.mp4,আমরা সবাই পেয়াজ খাবে
2272,মামী শুক্রবার ভাত খায়,data/videos/video/2272.mp4,মামী শুক্রবার ভাত খায়
1942,আমার মা বৃহস্পতিবার মাংস খায়,data/videos/video/1942.mp4,আমার মা বৃহস্পতিবার মাংস খায়
4233,ভাই প্রশংসা পত্র দেখবে,data/videos/video/4233.mp4,ভাই প্রশংসা পত্র দেখবে
1412,ভাই প্রশংসা পত্র দেখবে,data/videos/video/1412.mp4,ভাই প্রশংসা পত্র দেখবে
3505,আমি প্রতিদিন ইশারা ভাষা অনুশীলন করি,data/videos/video/3505.mp4,আমি প্রতিদিন ইশারা ভাষা অনুশীলন করি
4938,আমি প্রতিদিন ইশারা ভাষা অনুশীলন করি,data/videos/video/4938.mp4,আমি প্রতিদিন ইশারা ভাষা অনুশীলন করি
2977,আমি চিঠি লিখি,data/videos/video/2977.mp4,আমি চিঠি লিখি
2367,আমার খালা বিদেশ যাবে,data/videos/video/2367.mp4,আমার খালা বিদেশ যাবে
2615,আমার ফুফাতো বোন মালদ্বীপ যাবে,data/videos/video/2615.mp4,আমার ফুফাতো বোন মালদ্বীপ যাবে
236,আমি ডিসেম্বরে বিদেশ যাব,data/videos/video/236.mp4,আমি ডিসেম্বরে বিদেশ যাব
4429,আমি ডিসেম্বরে বিদেশ যাব,data/videos/video/4429.mp4,আমি ডিসেম্বরে বিদেশ যাব
1809,আমার বড় ভাই কচ্ছপ দেখে নাই,data/videos/video/1809.mp4,আমার বড় ভাই কচ্ছপ দেখে নাই
4982,কাছে আসলে দেখি পেছনের বসার জায়গা ভরা,data/videos/video/4982.mp4,কাছে আসলে দেখি পেছনের বসার জায়গা ভরা
3535,কাছে আসলে দেখি পেছনের বসার জায়গা ভরা,data/videos/video/3535.mp4,কাছে আসলে দেখি পেছনের বসার জায়গা ভরা
1361,বর্তমানে তুমি কি দেখছো,data/videos/video/1361.mp4,বর্তমানে তুমি কি দেখছো
4191,বর্তমানে তুমি কি দেখছো,data/videos/video/4191.mp4,বর্তমানে তুমি কি দেখছো
1059,আমি একজন প্রকৌশলী,data/videos/video/1059.mp4,আমি একজন প্রকৌশলী
4220,বোন প্রশংসা পত্র দেখবে,data/videos/video/4220.mp4,বোন প্রশংসা পত্র দেখবে
1390,বোন প্রশংসা পত্র দেখবে,data/videos/video/1390.mp4,বোন প্রশংসা পত্র দেখবে
2772,আমার ভাই দোকানদার,data/videos/video/2772.mp4,আমার ভাই দোকানদার
172,আমি আগস্টে ইংল্যান্ড যাব,data/videos/video/172.mp4,আমি আগস্টে ইংল্যান্ড যাব
4331,আমি আগস্টে ইংল্যান্ড যাব,data/videos/video/4331.mp4,আমি আগস্টে ইংল্যান্ড যাব
1836,আমার বড় ভাই হাস দেখে নাই,data/videos/video/1836.mp4,আমার বড় ভাই হাস দেখে নাই
5212,তোমার খালাতো ভাই এর নাম কি,data/videos/video/5212.mp4,তোমার খালাতো ভাই এর নাম কি
3297,তোমার খালাতো ভাই এর নাম কি,data/videos/video/3297.mp4,তোমার খালাতো ভাই এর নাম কি
1957,আমার মা শনিবার দুধ খাবে,data/videos/video/1957.mp4,আমার মা শনিবার দুধ খাবে
3015,আমি ফেব্রুয়ারিতে ঘুরতে যাব,data/videos/video/3015.mp4,আমি ফেব্রুয়ারিতে ঘুরতে যাব
2936,আমার সাদা রং ভালো লাগে,data/videos/video/2936.mp4,আমার সাদা রং  ভালো লাগে
2658,আমার ফুফু ভালো মানুষ,data/videos/video/2658.mp4,আমার ফুফু ভালো মানুষ
2395,আমার খালাতো বোন শ্রীলঙ্কায় যাবে,data/videos/video/2395.mp4,আমার খালাতো বোন শ্রীলঙ্কায় যাবে
3087,আমি মঙ্গলবার আমেরিকা যাবো,data/videos/video/3087.mp4,আমি মঙ্গলবার আমেরিকা যাবো
2766,আমার ভাই কাঁঠাল খেতে পছন্দ করে,data/videos/video/2766.mp4,আমার ভাই কাঁঠাল খেতে পছন্দ করে
842,আমরা কলা খাবো,data/videos/video/842.mp4,আমরা কলা খাবো
4690,আমরা কলা খাবো,data/videos/video/4690.mp4,আমরা কলা খাবো
3961,আমি পেন্সিল দিয়ে লেখি এরপর রাবার দিয়ে লিখি,data/videos/video/3961.mp4,আমি পেন্সিল দিয়ে লেখি এরপর রাবার দিয়ে লিখি
1134,আমি পেন্সিল দিয়ে লেখি এরপর রাবার দিয়ে লিখি,data/videos/video/1134.mp4,আমি পেন্সিল দিয়ে লেখি এরপর রাবার দিয়ে লিখি
3197,আমি শুক্রবারে ঘুরতে যাব,data/videos/video/3197.mp4,আমি শুক্রবারে ঘুরতে যাব
2781,আমার ভাই বিদেশ যাবে,data/videos/video/2781.mp4,আমার ভাই বিদেশ যাবে
3132,আমি রবিবার বিদেশ যাব,data/videos/video/3132.mp4,আমি রবিবার বিদেশ যাব
2281,শরীর খারাপ ডাক্তার দেখাবো,data/videos/video/2281.mp4,শরীর খারাপ ডাক্তার দেখাবো
1591,আমার ছেলে শনিবার ভাত খায়,data/videos/video/1591.mp4,আমার ছেলে শনিবার ভাত খায়
909,আমার দেবর ভালো,data/videos/video/909.mp4,আমার দেবর ভালো
5239,তোমার চাচি কোথায় কাজ করে,data/videos/video/5239.mp4,তোমার চাচি কোথায় কাজ করে
3308,তোমার চাচি কোথায় কাজ করে,data/videos/video/3308.mp4,তোমার চাচি কোথায় কাজ করে
213,আমি জুনে চীন যাব,data/videos/video/213.mp4,আমি জুনে চীন যাব
4303,আমি জুনে চীন যাব,data/videos/video/4303.mp4,আমি জুনে চীন যাব
2160,কত দিন তোমাকে দেখি না,data/videos/video/2160.mp4,কত দিন তোমাকে দেখি না
4738,আমরা সবাই রেস্টুরেন্টে যাবো,data/videos/video/4738.mp4,আমরা সবাই রেস্টুরেন্টে যাবো
3701,আমরা সবাই রেস্টুরেন্টে যাবো,data/videos/video/3701.mp4,আমরা সবাই রেস্টুরেন্টে যাবো
4052,তাদের সাথে কথা বলার উপায় কি,data/videos/video/4052.mp4,তাদের সাথে কথা বলার উপায় কি
1229,তাদের সাথে কথা বলার উপায় কি,data/videos/video/1229.mp4,তাদের সাথে কথা বলার উপায় কি
5125,ভেতরে আসুন এবং বসুন,data/videos/video/5125.mp4,ভেতরে আসুন এবং বসুন
3358,ভেতরে আসুন এবং বসুন,data/videos/video/3358.mp4,ভেতরে আসুন এবং বসুন
2628,আমার ফুফাতো ভাই নেপাল যাবে,data/videos/video/2628.mp4,আমার ফুফাতো ভাই নেপাল যাবে
4769,আমার ভূগোল ভালো লাগে,data/videos/video/4769.mp4,আমার ভূগোল ভালো লাগে
3746,আমার ভূগোল ভালো লাগে,data/videos/video/3746.mp4,আমার ভূগোল ভালো লাগে
3528,আমি স্কুলে যাবো,data/videos/video/3528.mp4,আমি স্কুলে যাবো
4995,আমি স্কুলে যাবো,data/videos/video/4995.mp4,আমি স্কুলে যাবো
1058,আমি একজন খ্রিস্টান,data/videos/video/1058.mp4,আমি একজন খ্রিস্টান
2776,আমার ভাই পাইলট,data/videos/video/2776.mp4,আমার ভাই পাইলট
2815,আমার মা বাংলাদেশে যাবে,data/videos/video/2815.mp4,আমার মা বাংলাদেশে যাবে
2635,আমার ফুফাতো ভাই শ্রীলঙ্কায় যাবে,data/videos/video/2635.mp4,আমার ফুফাতো ভাই শ্রীলঙ্কায় যাবে
4584,আমার মায়ের কাক পছন্দ না,data/videos/video/4584.mp4,আমার মায়ের কাক পছন্দ না
136,আমার মায়ের কাক পছন্দ না,data/videos/video/136.mp4,আমার মায়ের কাক পছন্দ না
1636,আমার বাবা ইলিশ মাছ খাবে,data/videos/video/1636.mp4,আমার বাবা ইলিশ মাছ খাবে
1828,আমার বড় ভাই মুরগী দেখেছে,data/videos/video/1828.mp4,আমার বড় ভাই মুরগী দেখেছে
2564,আমার দুধ খেতে ভালো লাগে,data/videos/video/2564.mp4,আমার দুধ খেতে ভালো লাগে
3218,আমি সোমবার অফিস যাব,data/videos/video/3218.mp4,আমি সোমবার অফিস যাব
1786,আমার বড় বোন তেলাপোকা দেখেছে,data/videos/video/1786.mp4,আমার বড় বোন তেলাপোকা দেখেছে
2431,আমার খালু জাপান যাবে,data/videos/video/2431.mp4,আমার খালু জাপান যাবে
1875,আমার ভাই মংগলবার দুধ খায়,data/videos/video/1875.mp4,আমার ভাই মংগলবার দুধ খায়
2738,আমার বোন নেপাল যাবে,data/videos/video/2738.mp4,আমার বোন নেপাল যাবে
3757,আমি অংক ভালো পারি,data/videos/video/3757.mp4,আমি অংক ভালো পারি
4761,আমি অংক ভালো পারি,data/videos/video/4761.mp4,আমি অংক ভালো পারি
1465,সবাই তাকে অনেক শ্রদ্ধা করে,data/videos/video/1465.mp4,সবাই তাকে অনেক শ্রদ্ধা করে
4278,সবাই তাকে অনেক শ্রদ্ধা করে,data/videos/video/4278.mp4,সবাই তাকে অনেক শ্রদ্ধা করে
2181,তুমি ট্রেনে যাবা,data/videos/video/2181.mp4,তুমি ট্রেনে যাবা
1971,আমার মা হাতি দেখেছে,data/videos/video/1971.mp4,আমার মা হাতি দেখেছে
1582,আমার ছেলে মংগলবার দুধ খায়,data/videos/video/1582.mp4,আমার ছেলে মংগলবার দুধ খায়
4061,তুমি অনেক খুশি,data/videos/video/4061.mp4,তুমি অনেক খুশি
1239,তুমি অনেক খুশি,data/videos/video/1239.mp4,তুমি অনেক খুশি
881,আমার চাচা অনেক ভালো,data/videos/video/881.mp4,আমার চাচা অনেক ভালো
3745,আমার ভাষা বাংলা,data/videos/video/3745.mp4,আমার ভাষা বাংলা
4757,আমার ভাষা বাংলা,data/videos/video/4757.mp4,আমার ভাষা বাংলা
1326,তোমার পরীক্ষা কবে,data/videos/video/1326.mp4,তোমার পরীক্ষা কবে
4148,তোমার পরীক্ষা কবে,data/videos/video/4148.mp4,তোমার পরীক্ষা কবে
1,আমরা পাখি পছন্দ,data/videos/video/1.mp4,আমরা পাখি পছন্দ
4571,আমরা পাখি পছন্দ,data/videos/video/4571.mp4,আমরা পাখি পছন্দ
2829,আমার মামা আফ্রিকা যাবে,data/videos/video/2829.mp4,আমার মামা আফ্রিকা যাবে
2646,আমার ফুফু কাঁঠাল খেতে পছন্দ করে,data/videos/video/2646.mp4,আমার ফুফু কাঁঠাল খেতে পছন্দ করে
2130,আমি যুদ্ধবিমান দেখেছি,data/videos/video/2130.mp4,আমি যুদ্ধবিমান দেখেছি
1675,আমার বাবা মংগলবার দুধ খায়,data/videos/video/1675.mp4,আমার বাবা মংগলবার দুধ খায়
2319,আপনার ভাই কি কাজ করে,data/videos/video/2319.mp4,আপনার ভাই কি কাজ করে
1143,আমি বসবো,data/videos/video/1143.mp4,আমি বসবো
3967,আমি বসবো,data/videos/video/3967.mp4,আমি বসবো
3166,আমি শনিবারে খেলাধুলা করি,data/videos/video/3166.mp4,আমি শনিবারে খেলাধুলা করি
4235,ভাই বিরতি নিছে,data/videos/video/4235.mp4,ভাই বিরতি নিছে
1414,ভাই বিরতি নিছে,data/videos/video/1414.mp4,ভাই বিরতি নিছে
4351,আমি জুলাই মাসে কানাডা যাব,data/videos/video/4351.mp4,আমি জুলাই মাসে কানাডা যাব
218,আমি জুলাই মাসে কানাডা যাব,data/videos/video/218.mp4,আমি জুলাই মাসে কানাডা যাব
3147,আমি রবিবারে মালদ্বীপ যাব,data/videos/video/3147.mp4,আমি রবিবারে মালদ্বীপ যাব
2473,আমার চাচা ভারত যাবে,data/videos/video/2473.mp4,আমার চাচা ভারত যাবে
1002,আমার মা অলস,data/videos/video/1002.mp4,আমার মা অলস
2185,তুমি বিকালে যাবা,data/videos/video/2185.mp4,তুমি বিকালে যাবা
2703,আমার বাবা ভুটান যাবে,data/videos/video/2703.mp4,আমার বাবা ভুটান যাবে
3838,সে আমার ভাইয়ের ম্যাডাম,data/videos/video/3838.mp4,সে আমার ভাইয়ের ম্যাডাম
5406,সে আমার ভাইয়ের ম্যাডাম,data/videos/video/5406.mp4,সে আমার ভাইয়ের ম্যাডাম
5129,তোমার বাবা ভালো,data/videos/video/5129.mp4,তোমার বাবা ভালো
3325,তোমার বাবা ভালো,data/videos/video/3325.mp4,তোমার বাবা ভালো
3031,আমি বুধবার আমেরিকা যাবো,data/videos/video/3031.mp4,আমি বুধবার আমেরিকা যাবো
245,আমি নভেম্বর এশিয়া যাব,data/videos/video/245.mp4,আমি নভেম্বর এশিয়া যাব
4360,আমি নভেম্বর এশিয়া যাব,data/videos/video/4360.mp4,আমি নভেম্বর এশিয়া যাব
2764,আমার ভাই একজন স্যার,data/videos/video/2764.mp4,আমার ভাই একজন স্যার
1243,তুমি আলু খাবে,data/videos/video/1243.mp4,তুমি আলু খাবে
4065,তুমি আলু খাবে,data/videos/video/4065.mp4,তুমি আলু খাবে
3837,সে আমার ভাই,data/videos/video/3837.mp4,সে আমার ভাই
5349,সে আমার ভাই,data/videos/video/5349.mp4,সে আমার ভাই
4730,আমার বোন এখন বাহিরে যাবে,data/videos/video/4730.mp4,আমার বোন এখন বাহিরে যাবে
3727,আমার বোন এখন বাহিরে যাবে,data/videos/video/3727.mp4,আমার বোন এখন বাহিরে যাবে
4460,আমার ভাই দক্ষিণ দিকে যাবে,data/videos/video/4460.mp4,আমার ভাই দক্ষিণ দিকে যাবে
70,আমার ভাই দক্ষিণ দিকে যাবে,data/videos/video/70.mp4,আমার ভাই দক্ষিণ দিকে যাবে
1111,আমি তরকারি কাটি,data/videos/video/1111.mp4,আমি তরকারি কাটি
856,আমরা সবাই কোলড্রিংস খাবো,data/videos/video/856.mp4,আমরা সবাই কোলড্রিংস খাবো
4704,আমরা সবাই কোলড্রিংস খাবো,data/videos/video/4704.mp4,আমরা সবাই কোলড্রিংস খাবো
1278,তুমি বাক ও শ্রবন প্রতিবন্ধী কেন,data/videos/video/1278.mp4,তুমি বাক ও শ্রবন প্রতিবন্ধী কেন
4101,তুমি বাক ও শ্রবন প্রতিবন্ধী কেন,data/videos/video/4101.mp4,তুমি বাক ও শ্রবন প্রতিবন্ধী কেন
3439,আবহাওয়া গরম,data/videos/video/3439.mp4,আবহাওয়া গরম
4875,আবহাওয়া গরম,data/videos/video/4875.mp4,আবহাওয়া গরম
2565,আমার নানার রান্না খেতে মজা,data/videos/video/2565.mp4,আমার নানার রান্না খেতে মজা
4292,আমি সেপ্টেম্বরে শ্রীলঙ্কা যাব,data/videos/video/4292.mp4,আমি সেপ্টেম্বরে শ্রীলঙ্কা যাব
308,আমি সেপ্টেম্বরে শ্রীলঙ্কা যাব,data/videos/video/308.mp4,আমি সেপ্টেম্বরে শ্রীলঙ্কা যাব
4668,আপনার জামাটা সুন্দর,data/videos/video/4668.mp4,আপনার জামাটা সুন্দর
820,আপনার জামাটা সুন্দর,data/videos/video/820.mp4,আপনার জামাটা সুন্দর
3685,আজ সোমবার,data/videos/video/3685.mp4,আজ সোমবার
5380,আজ সোমবার,data/videos/video/5380.mp4,আজ সোমবার
3511,আমি প্রতিদিন সি এন জি দিয়ে অফিসে যাই,data/videos/video/3511.mp4,আমি প্রতিদিন সি এন জি দিয়ে অফিসে যাই
4977,আমি প্রতিদিন সি এন জি দিয়ে অফিসে যাই,data/videos/video/4977.mp4,আমি প্রতিদিন সি এন জি দিয়ে অফিসে যাই
1689,আমার বাবা শনিবার মাছ খাবে,data/videos/video/1689.mp4,আমার বাবা শনিবার মাছ খাবে
5206,তোমার চাচীর নাম কি,data/videos/video/5206.mp4,তোমার চাচীর নাম কি
3309,তোমার চাচীর নাম কি,data/videos/video/3309.mp4,তোমার চাচীর নাম কি
3090,আমি মঙ্গলবার বিদেশ যাব,data/videos/video/3090.mp4,আমি মঙ্গলবার বিদেশ যাব
2078,আমি গরু দেখেছি,data/videos/video/2078.mp4,আমি গরু দেখেছি
2973,আমি গায়ক,data/videos/video/2973.mp4,আমি গায়ক
819,আপনার জন্মদিন কবে,data/videos/video/819.mp4,আপনার জন্মদিন কবে
4667,আপনার জন্মদিন কবে,data/videos/video/4667.mp4,আপনার জন্মদিন কবে
2276,রাতে আমার বাবা দেখা করবে,data/videos/video/2276.mp4,রাতে আমার বাবা দেখা করবে
900,আমার জামাটা সুন্দর,data/videos/video/900.mp4,আমার জামাটা সুন্দর
3645,রাত্রে মশারি টানতে হবে,data/videos/video/3645.mp4,রাত্রে মশারি টানতে হবে
4961,রাত্রে মশারি টানতে হবে,data/videos/video/4961.mp4,রাত্রে মশারি টানতে হবে
2573,আমার প্রিয় রং কালো,data/videos/video/2573.mp4,আমার প্রিয় রং কালো
2794,আমার ভাই সৌদি আরব যাবে,data/videos/video/2794.mp4,আমার ভাই সৌদি আরব যাবে
2070,আমি একজন ডাক্তার তুমি কে,data/videos/video/2070.mp4,আমি একজন ডাক্তার তুমি কে
3282,তুমি একজন বাবুর্চি,data/videos/video/3282.mp4,তুমি একজন বাবুর্চি
5166,তুমি একজন বাবুর্চি,data/videos/video/5166.mp4,তুমি একজন বাবুর্চি
2325,আপনি কি ভাল আছেন নাকি,data/videos/video/2325.mp4,আপনি কি ভাল আছেন নাকি
4521,আমার বাবা বনে যাবে,data/videos/video/4521.mp4,আমার বাবা বনে যাবে
18,আমার বাবা বনে যাবে,data/videos/video/18.mp4,আমার বাবা বনে যাবে
2415,আমার খালাতো ভাই রাশিয়া যাবে,data/videos/video/2415.mp4,আমার খালাতো ভাই রাশিয়া যাবে
3046,আমি বুধবারে বাড়িতে যাই,data/videos/video/3046.mp4,আমি বুধবারে বাড়িতে যাই
3291,তোমাকে অনেক ধন্যবাদ,data/videos/video/3291.mp4,তোমাকে অনেক ধন্যবাদ
5162,তোমাকে অনেক ধন্যবাদ,data/videos/video/5162.mp4,তোমাকে অনেক ধন্যবাদ
4756,তোমার ভাষা কি,data/videos/video/4756.mp4,তোমার ভাষা কি
3808,তোমার ভাষা কি,data/videos/video/3808.mp4,তোমার ভাষা কি
2791,আমার ভাই শ্রীলঙ্কায় যাবে,data/videos/video/2791.mp4,আমার ভাই শ্রীলঙ্কায় যাবে
78,আমার ভাইবোনে যাবে,data/videos/video/78.mp4,আমার ভাইবোনে যাবে
4515,আমার ভাইবোনে যাবে,data/videos/video/4515.mp4,আমার ভাইবোনে যাবে
5370,তুমি ঘুমাও,data/videos/video/5370.mp4,তুমি ঘুমাও
3800,তুমি ঘুমাও,data/videos/video/3800.mp4,তুমি ঘুমাও
4482,আমার বোনের মানচিত্র দেখতে ভালো লাগে,data/videos/video/4482.mp4,আমার বোনের মানচিত্র দেখতে ভালো লাগে
63,আমার বোনের মানচিত্র দেখতে ভালো লাগে,data/videos/video/63.mp4,আমার বোনের মানচিত্র দেখতে ভালো লাগে
4023,এখন হেমন্ত কাল,data/videos/video/4023.mp4,এখন হেমন্ত কাল
1200,এখন হেমন্ত কাল,data/videos/video/1200.mp4,এখন হেমন্ত কাল
2701,আমার বাবা ভারত যাবে,data/videos/video/2701.mp4,আমার বাবা ভারত যাবে
5410,আমার ভাই একজন ডাক্তার,data/videos/video/5410.mp4,আমার ভাই একজন ডাক্তার
3737,আমার ভাই একজন ডাক্তার,data/videos/video/3737.mp4,আমার ভাই একজন ডাক্তার
2033,আমার স্বামী বুধবার মাংস খায়,data/videos/video/2033.mp4,আমার স্বামী বুধবার মাংস খায়
5208,তোমার মামীর নাম কি,data/videos/video/5208.mp4,তোমার মামীর নাম কি
3345,তোমার মামীর নাম কি,data/videos/video/3345.mp4,তোমার মামীর নাম কি
1056,আমি উকিলের সাথে কথা বলি,data/videos/video/1056.mp4,আমি উকিলের সাথে কথা বলি
2707,আমার বাবা শ্রমিক,data/videos/video/2707.mp4,আমার বাবা শ্রমিক
3388,আমার বৃহস্পতিবার জন্মদিন,data/videos/video/3388.mp4,আমার বৃহস্পতিবার জন্মদিন
5336,আমার বৃহস্পতিবার জন্মদিন,data/videos/video/5336.mp4,আমার বৃহস্পতিবার জন্মদিন
967,আমার বৃহস্পতিবার জন্মদিন,data/videos/video/967.mp4,আমার বৃহস্পতিবার জন্মদিন
3597,পাকা পেঁপের শরবত খাবেন,data/videos/video/3597.mp4,পাকা পেঁপের শরবত খাবেন
4964,পাকা পেঁপের শরবত খাবেন,data/videos/video/4964.mp4,পাকা পেঁপের শরবত খাবেন
1015,আমার মামী সুন্দর দেখতে,data/videos/video/1015.mp4,আমার মামী সুন্দর দেখতে
2459,আমার চাচা এশিয়া যাবে,data/videos/video/2459.mp4,আমার চাচা এশিয়া যাবে
834,আপনিও অনেক ভালো আছেন,data/videos/video/834.mp4,আপনিও অনেক ভালো আছেন
4682,আপনিও অনেক ভালো আছেন,data/videos/video/4682.mp4,আপনিও অনেক ভালো আছেন
1911,আমার মা ইদুর দেখে নাই,data/videos/video/1911.mp4,আমার মা ইদুর দেখে নাই
3659,সবাইকে ভালো বাসি,data/videos/video/3659.mp4,সবাইকে ভালো বাসি
4837,সবাইকে ভালো বাসি,data/videos/video/4837.mp4,সবাইকে ভালো বাসি
3771,আমি ভাত খাবো,data/videos/video/3771.mp4,আমি ভাত খাবো
5359,আমি ভাত খাবো,data/videos/video/5359.mp4,আমি ভাত খাবো
2419,আমার খালু অস্ট্রেলিয়া যাবে,data/videos/video/2419.mp4,আমার খালু অস্ট্রেলিয়া যাবে
1865,আমার ভাই বিড়াল দেখেছে,data/videos/video/1865.mp4,আমার ভাই বিড়াল দেখেছে
2452,আমার চাচা অস্ট্রেলিয়া যাবে,data/videos/video/2452.mp4,আমার চাচা অস্ট্রেলিয়া যাবে
1564,আমার চাচা শনিবার মাছ খায়,data/videos/video/1564.mp4,আমার চাচা শনিবার মাছ খায়
1598,আমার ছেলে সোমবার দুধ খায়,data/videos/video/1598.mp4,আমার ছেলে সোমবার দুধ খায়
2405,আমার খালাতো ভাই চিন যাবে,data/videos/video/2405.mp4,আমার খালাতো ভাই চিন যাবে
307,আমি সেপ্টেম্বরে রাশিয়া যাব,data/videos/video/307.mp4,আমি সেপ্টেম্বরে রাশিয়া যাব
4365,আমি সেপ্টেম্বরে রাশিয়া যাব,data/videos/video/4365.mp4,আমি সেপ্টেম্বরে রাশিয়া যাব
2549,আমার চাচি সৌদি আরব যাবে,data/videos/video/2549.mp4,আমার চাচি সৌদি আরব যাবে
3841,সে আমার ম্যাডাম,data/videos/video/3841.mp4,সে আমার ম্যাডাম
5404,সে আমার ম্যাডাম,data/videos/video/5404.mp4,সে আমার ম্যাডাম
4951,তুমি আজ দুপুরে ভাত মাছ ঘোস্ট সবজি ডাল রান্না করবে,data/videos/video/4951.mp4,"তুমি আজ দুপুরে ভাত, মাছ, ঘোস্ট, সবজি, ডাল রান্না করবে"
3572,তুমি আজ দুপুরে ভাত মাছ ঘোস্ট সবজি ডাল রান্না করবে,data/videos/video/3572.mp4,"তুমি আজ দুপুরে ভাত, মাছ, ঘোস্ট, সবজি, ডাল রান্না করবে"
2798,আমার ভাত খেতে ভাল লাগে,data/videos/video/2798.mp4,আমার ভাত খেতে ভাল লাগে
2023,আমার স্ত্রী শনিবার মাছ খাবে,data/videos/video/2023.mp4,আমার স্ত্রী শনিবার মাছ খাবে
5297,আমি ঢাকাতে থাকি,data/videos/video/5297.mp4,আমি ঢাকাতে থাকি
3498,আমি ঢাকাতে থাকি,data/videos/video/3498.mp4,আমি ঢাকাতে থাকি
3600,পেছনে বসার জিয়াই মানুষ বসে আছে,data/videos/video/3600.mp4,পেছনে বসার জিয়াই মানুষ বসে আছে
4983,পেছনে বসার জিয়াই মানুষ বসে আছে,data/videos/video/4983.mp4,পেছনে বসার জিয়াই মানুষ বসে আছে
941,আমার ফুফু ভালো,data/videos/video/941.mp4,আমার ফুফু ভালো
4561,আমার মায়ের ঘোরা ভালো লাগে,data/videos/video/4561.mp4,আমার মায়ের ঘোরা ভালো লাগে
139,আমার মায়ের ঘোরা ভালো লাগে,data/videos/video/139.mp4,আমার মায়ের ঘোরা ভালো লাগে
2113,আমি বিড়ালটি দেখেছি,data/videos/video/2113.mp4,আমি বিড়ালটি দেখেছি
1717,আমার বোন কচ্ছপ দেখেছে,data/videos/video/1717.mp4,আমার বোন কচ্ছপ দেখেছে
3379,সোয়েটার পড়লে তোমাকে সুন্দর দেখা যায়,data/videos/video/3379.mp4,সোয়েটার পড়লে তোমাকে সুন্দর দেখা যায়
4817,সোয়েটার পড়লে তোমাকে সুন্দর দেখা যায়,data/videos/video/4817.mp4,সোয়েটার পড়লে তোমাকে সুন্দর দেখা যায়
3085,আমি মঙ্গলবার অস্ট্রেলিয়া যাব,data/videos/video/3085.mp4,আমি মঙ্গলবার অস্ট্রেলিয়া যাব
1254,তুমি কি চাও,data/videos/video/1254.mp4,তুমি কি চাও
4076,তুমি কি চাও,data/videos/video/4076.mp4,তুমি কি চাও
3227,আমি সোমবারে কানাডা যাব,data/videos/video/3227.mp4,আমি সোমবারে কানাডা যাব
1304,তোমার অনেক শর্দি হয়েছে,data/videos/video/1304.mp4,তোমার অনেক শর্দি হয়েছে
4126,তোমার অনেক শর্দি হয়েছে,data/videos/video/4126.mp4,তোমার অনেক শর্দি হয়েছে
4,আমার গরু ভালো লাগে,data/videos/video/4.mp4,আমার গরু ভালো লাগে
4538,আমার গরু ভালো লাগে,data/videos/video/4538.mp4,আমার গরু ভালো লাগে
5007,তুমি অনেক বেশি চুপ,data/videos/video/5007.mp4,তুমি অনেক বেশি চুপ
3570,তুমি অনেক বেশি চুপ,data/videos/video/3570.mp4,তুমি অনেক বেশি চুপ
2625,আমার ফুফাতো ভাই কানাডা যাবে,data/videos/video/2625.mp4,আমার ফুফাতো ভাই কানাডা যাবে
5000,আমি তুমাকে পছন্দ করি,data/videos/video/5000.mp4,আমি তুমাকে পছন্দ করি
3500,আমি তুমাকে পছন্দ করি,data/videos/video/3500.mp4,আমি তুমাকে পছন্দ করি
2967,আমি এশিয়া যাব,data/videos/video/2967.mp4,আমি এশিয়া যাব
4628,আমি তোমাকে দেখে নিবো,data/videos/video/4628.mp4,আমি তোমাকে দেখে নিবো
1115,আমি তোমাকে দেখে নিবো,data/videos/video/1115.mp4,আমি তোমাকে দেখে নিবো
2581,আমার ফুফা ইংল্যান্ডে যাবি,data/videos/video/2581.mp4,আমার ফুফা ইংল্যান্ডে যাবি
3183,আমি শুক্রবার অস্ট্রেলিয়া যাব,data/videos/video/3183.mp4,আমি শুক্রবার অস্ট্রেলিয়া যাব
2112,আমি বিড়াল দেখেছি,data/videos/video/2112.mp4,আমি বিড়াল দেখেছি
3776,এখন বর্তমান চলছে,data/videos/video/3776.mp4,এখন বর্তমান চলছে
4747,এখন বর্তমান চলছে,data/videos/video/4747.mp4,এখন বর্তমান চলছে
185,আমি এপ্রিলে অস্ট্রেলিয়া যাব,data/videos/video/185.mp4,আমি এপ্রিলে অস্ট্রেলিয়া যাব
4422,আমি এপ্রিলে অস্ট্রেলিয়া যাব,data/videos/video/4422.mp4,আমি এপ্রিলে অস্ট্রেলিয়া যাব
1856,আমার ভাই চিড়িয়াখানা যাবে,data/videos/video/1856.mp4,আমার ভাই চিড়িয়াখানা যাবে
3892,সুভ অপারানহু,data/videos/video/3892.mp4,সুভ অপারানহু
5083,সুভ অপারানহু,data/videos/video/5083.mp4,সুভ অপারানহু
1574,আমার ছেলে বুধবার দুধ খায়,data/videos/video/1574.mp4,আমার ছেলে বুধবার দুধ খায়
2335,আমার আনারস ভালো লাগে,data/videos/video/2335.mp4,আমার আনারস ভালো লাগে
4955,রাতে রান্না করো,data/videos/video/4955.mp4,রাতে রান্না করো
3644,রাতে রান্না করো,data/videos/video/3644.mp4,রাতে রান্না করো
2694,আমার বাবা পাকিস্তান যাবে,data/videos/video/2694.mp4,আমার বাবা পাকিস্তান যাবে
5168,তোমার মা কি করে,data/videos/video/5168.mp4,তোমার মা কি করে
3333,তোমার মা কি করে,data/videos/video/3333.mp4,তোমার মা কি করে
3648,লাল রঙের চুড়ি আছে,data/videos/video/3648.mp4,লাল রঙের চুড়ি আছে
4887,লাল রঙের চুড়ি আছে,data/videos/video/4887.mp4,লাল রঙের চুড়ি আছে
1948,আমার মা মংগলবার মাংস খায়,data/videos/video/1948.mp4,আমার মা মংগলবার মাংস খায়
4379,আমি জানুয়ারিতে আফ্রিকা যাব,data/videos/video/4379.mp4,আমি জানুয়ারিতে আফ্রিকা যাব
192,আমি জানুয়ারিতে আফ্রিকা যাব,data/videos/video/192.mp4,আমি জানুয়ারিতে আফ্রিকা যাব
3517,আমি বিমানে করে সৌদি আরব যাবো,data/videos/video/3517.mp4,আমি বিমানে করে সৌদি আরব যাবো
4932,আমি বিমানে করে সৌদি আরব যাবো,data/videos/video/4932.mp4,আমি বিমানে করে সৌদি আরব যাবো
4772,আমি ইশারা ভাষা ভালো পারি,data/videos/video/4772.mp4,আমি ইশারা ভাষা ভালো পারি
3763,আমি ইশারা ভাষা ভালো পারি,data/videos/video/3763.mp4,আমি ইশারা ভাষা ভালো পারি
3213,আমি সেপ্টেম্বরে পাকিস্তান যাব,data/videos/video/3213.mp4,আমি সেপ্টেম্বরে পাকিস্তান যাব
2450,আমার চাচ গোয়েন্দা,data/videos/video/2450.mp4,আমার চাচ গোয়েন্দা
224,আমি জুলাইয়ে জাপান যাবো,data/videos/video/224.mp4,আমি জুলাইয়ে জাপান যাবো
4307,আমি জুলাইয়ে জাপান যাবো,data/videos/video/4307.mp4,আমি জুলাইয়ে জাপান যাবো
2314,আগস্ট মাসেই বাড়িতে যাব,data/videos/video/2314.mp4,আগস্ট মাসেই বাড়িতে যাব
953,আমার বাবা অলস,data/videos/video/953.mp4,আমার বাবা অলস
4034,কৃষক আমাকে ধরেছে,data/videos/video/4034.mp4,কৃষক আমাকে ধরেছে
1210,কৃষক আমাকে ধরেছে,data/videos/video/1210.mp4,কৃষক আমাকে ধরেছে
4287,আমি আগস্টের শ্রীলঙ্কায় যাবো,data/videos/video/4287.mp4,আমি আগস্টের শ্রীলঙ্কায় যাবো
176,আমি আগস্টের শ্রীলঙ্কায় যাবো,data/videos/video/176.mp4,আমি আগস্টের শ্রীলঙ্কায় যাবো
1639,আমার বাবা কচ্ছপ দেখে নাই,data/videos/video/1639.mp4,আমার বাবা কচ্ছপ দেখে নাই
87,আমার ভাইয়ের পৃথিবী দেখতে ভালো লাগে,data/videos/video/87.mp4,আমার ভাইয়ের পৃথিবী দেখতে ভালো লাগে
4476,আমার ভাইয়ের পৃথিবী দেখতে ভালো লাগে,data/videos/video/4476.mp4,আমার ভাইয়ের পৃথিবী দেখতে ভালো লাগে
5051,এপিএনআই dekhete শুন্ডোর,data/videos/video/5051.mp4,এপিএনআই dekhete শুন্ডোর
3926,এপিএনআই dekhete শুন্ডোর,data/videos/video/3926.mp4,এপিএনআই dekhete শুন্ডোর
1633,আমার বাবা অনেক গুলো বিড়াল দেখেছে,data/videos/video/1633.mp4,আমার বাবা অনেক গুলো বিড়াল দেখেছে
2761,আমার ভাই আমেরিকা যাবে,data/videos/video/2761.mp4,আমার ভাই আমেরিকা যাবে
1651,আমার বাবা টিয়া পাখি দেখে নাই,data/videos/video/1651.mp4,আমার বাবা টিয়া পাখি দেখে নাই
295,আমি মে মাসের এশিয়া যাব,data/videos/video/295.mp4,আমি মে মাসের এশিয়া যাব
4372,আমি মে মাসের এশিয়া যাব,data/videos/video/4372.mp4,আমি মে মাসের এশিয়া যাব
3196,আমি শুক্রবারে খেলাধুলা করি,data/videos/video/3196.mp4,আমি শুক্রবারে খেলাধুলা করি
5229,আবার দেখা হবে,data/videos/video/5229.mp4,আবার দেখা হবে
3868,আবার দেখা হবে,data/videos/video/3868.mp4,আবার দেখা হবে
4684,আবার দেখা হবে,data/videos/video/4684.mp4,আবার দেখা হবে
836,আবার দেখা হবে,data/videos/video/836.mp4,আবার দেখা হবে
5327,আবার দেখা হবে,data/videos/video/5327.mp4,আবার দেখা হবে
3699,আবার দেখা হবে,data/videos/video/3699.mp4,আবার দেখা হবে
5116,আবার দেখা হবে,data/videos/video/5116.mp4,আবার দেখা হবে.
3867,আবার দেখা হবে,data/videos/video/3867.mp4,আবার দেখা হবে.
4734,আমার বাবা রেস্টুরেন্টে যাবে,data/videos/video/4734.mp4,আমার বাবা রেস্টুরেন্টে যাবে
3719,আমার বাবা রেস্টুরেন্টে যাবে,data/videos/video/3719.mp4,আমার বাবা রেস্টুরেন্টে যাবে
3049,আমি বুধবারে মসজিদে যাই,data/videos/video/3049.mp4,আমি বুধবারে মসজিদে যাই
16,আমার বাবা পশ্চিম দিকে যাবে,data/videos/video/16.mp4,আমার বাবা পশ্চিম দিকে যাবে
4478,আমার বাবা পশ্চিম দিকে যাবে,data/videos/video/4478.mp4,আমার বাবা পশ্চিম দিকে যাবে
1438,মামী আমার অনেক ভালো,data/videos/video/1438.mp4,মামী আমার অনেক ভালো
4259,মামী আমার অনেক ভালো,data/videos/video/4259.mp4,মামী আমার অনেক ভালো
3503,আমি তোমায় ভালোবাসি,data/videos/video/3503.mp4,আমি তোমায় ভালোবাসি
5258,আমি তোমায় ভালোবাসি,data/videos/video/5258.mp4,আমি তোমায় ভালোবাসি
950,আমার বর দেখতে সুন্দর,data/videos/video/950.mp4,আমার বর দেখতে সুন্দর
3981,আমি ভদ্র থাকি,data/videos/video/3981.mp4,আমি ভদ্র থাকি
1157,আমি ভদ্র থাকি,data/videos/video/1157.mp4,আমি ভদ্র থাকি
5136,তোমার দাদি সুন্দর,data/videos/video/5136.mp4,তোমার দাদি সুন্দর
3311,তোমার দাদি সুন্দর,data/videos/video/3311.mp4,তোমার দাদি সুন্দর
2934,আমার সবুজ রং ভালো লাগে,data/videos/video/2934.mp4,আমার সবুজ রং ভালো লাগে
1924,আমার মা চিংড়ি দেখে নাই,data/videos/video/1924.mp4,আমার মা চিংড়ি দেখে নাই
2049,আমার স্বামী শনিবার মাংস খায়,data/videos/video/2049.mp4,আমার স্বামী শনিবার মাংস খায়
55,আমার বোনের ঘোড়া ভালো লাগে,data/videos/video/55.mp4,আমার বোনের ঘোড়া ভালো লাগে
4562,আমার বোনের ঘোড়া ভালো লাগে,data/videos/video/4562.mp4,আমার বোনের ঘোড়া ভালো লাগে
3040,আমি বুধবারে খেলাধুলা করি,data/videos/video/3040.mp4,আমি বুধবারে খেলাধুলা করি
5004,আমি বাংলাদেশকে ভালবাসি,data/videos/video/5004.mp4,আমি বাংলাদেশকে ভালবাসি
3515,আমি বাংলাদেশকে ভালবাসি,data/videos/video/3515.mp4,আমি বাংলাদেশকে ভালবাসি
2149,আমি হাস দেখি নাই,data/videos/video/2149.mp4,আমি হাস দেখি নাই
973,আমার বোন ভালো,data/videos/video/973.mp4,আমার বোন ভালো
1154,আমি বিভাগ চাই,data/videos/video/1154.mp4,আমি বিভাগ চাই
3978,আমি বিভাগ চাই,data/videos/video/3978.mp4,আমি বিভাগ চাই
2370,আমার খালা ভুটান যাবে,data/videos/video/2370.mp4,আমার খালা ভুটান যাবে
2456,আমার চাচা ইংল্যান্ডে যাবে,data/videos/video/2456.mp4,আমার চাচা ইংল্যান্ডে যাবে
217,আমি জুলাই মাসে এশিয়া যাব,data/videos/video/217.mp4,আমি জুলাই মাসে এশিয়া যাব
4362,আমি জুলাই মাসে এশিয়া যাব,data/videos/video/4362.mp4,আমি জুলাই মাসে এশিয়া যাব
3362,মা পেয়ারা খেতে পছন্দ করে,data/videos/video/3362.mp4,মা পেয়ারা খেতে পছন্দ করে
5220,মা পেয়ারা খেতে পছন্দ করে,data/videos/video/5220.mp4,মা পেয়ারা খেতে পছন্দ করে
4214,বিষয় টি ভালো ছিল,data/videos/video/4214.mp4,বিষয় টি ভালো ছিল
1383,বিষয় টি ভালো ছিল,data/videos/video/1383.mp4,বিষয় টি ভালো ছিল
2214,তুমি সোমবার মাংস খাবে,data/videos/video/2214.mp4,তুমি সোমবার মাংস খাবে
2351,আমার খালা আম খেতে পছন্দ করে,data/videos/video/2351.mp4,আমার খালা আম খেতে পছন্দ করে
2614,আমার ফুফাতো বোন ভুটান যাবে,data/videos/video/2614.mp4,আমার ফুফাতো বোন ভুটান  যাবে
244,আমি নভেম্বর ইউরোপ যাব,data/videos/video/244.mp4,আমি নভেম্বর ইউরোপ যাব
4385,আমি নভেম্বর ইউরোপ যাব,data/videos/video/4385.mp4,আমি নভেম্বর ইউরোপ যাব
894,আমার ছেলে সুন্দর,data/videos/video/894.mp4,আমার ছেলে সুন্দর
2903,আমার মামি কানাডা যাবে,data/videos/video/2903.mp4,আমার মামি কানাডা যাবে
2310,২১ দিন পর,data/videos/video/2310.mp4,২১ দিন পর
2075,আমি কুকুরকে খাওয়াবো,data/videos/video/2075.mp4,আমি কুকুরকে খাওয়াবো
4753,কোন ভাষা পড়ছো,data/videos/video/4753.mp4,কোন ভাষা পড়ছো
3782,কোন ভাষা পড়ছো,data/videos/video/3782.mp4,কোন ভাষা পড়ছো
4443,আমি মহাসাগর দেখতে যাব,data/videos/video/4443.mp4,আমি মহাসাগর দেখতে যাব
272,আমি মহাসাগর দেখতে যাব,data/videos/video/272.mp4,আমি মহাসাগর দেখতে যাব
5439,সে কোলড্রিংস খাবে,data/videos/video/5439.mp4,সে কোলড্রিংস খাবে
1486,সে কোলড্রিংস খাবে,data/videos/video/1486.mp4,সে কোলড্রিংস খাবে
789,অফসে তোমার কাজ কি,data/videos/video/789.mp4,অফসে তোমার কাজ কি
4638,অফসে তোমার কাজ কি,data/videos/video/4638.mp4,অফসে তোমার কাজ কি
2315,আপনার কিছু প্রয়োজন,data/videos/video/2315.mp4,আপনার কিছু প্রয়োজন
2778,আমার ভাই পেয়ারা খেতে পছন্দ করে,data/videos/video/2778.mp4,আমার ভাই পেয়ারা খেতে পছন্দ করে
948,আমার বন্ধুর বাবা উকিল,data/videos/video/948.mp4,আমার বন্ধুর বাবা উকিল
2517,আমার চাচাতো ভাই ভারত যাবে,data/videos/video/2517.mp4,আমার চাচাতো ভাই ভারত যাবে
808,আজকে শুক্রবার আমার জন্মদিন,data/videos/video/808.mp4,আজকে শুক্রবার আমার জন্মদিন
4657,আজকে শুক্রবার আমার জন্মদিন,data/videos/video/4657.mp4,আজকে শুক্রবার আমার জন্মদিন
2577,আমার ফুফা অস্ট্রেলিয়া যাবে,data/videos/video/2577.mp4,আমার ফুফা অস্ট্রেলিয়া যাবে
3010,আমি নভেম্বরে ভারত যাব,data/videos/video/3010.mp4,আমি নভেম্বরে ভারত যাব
1730,আমার বোন বিড়াল দেখেছে,data/videos/video/1730.mp4,আমার বোন বিড়াল দেখেছে
310,আমিন মার্চ মাসে আফ্রিকা যাব,data/videos/video/310.mp4,আমিন মার্চ মাসে আফ্রিকা যাব
4386,আমিন মার্চ মাসে আফ্রিকা যাব,data/videos/video/4386.mp4,আমিন মার্চ মাসে আফ্রিকা যাব
1860,আমার ভাই তেলাপোকা দেখে নাই,data/videos/video/1860.mp4,আমার ভাই তেলাপোকা দেখে নাই
1385,বিষয়টি ভালো,data/videos/video/1385.mp4,বিষয়টি ভালো
4215,বিষয়টি ভালো,data/videos/video/4215.mp4,বিষয়টি ভালো
2814,আমার মা ফুটবল খেলা পছন্দ করে,data/videos/video/2814.mp4,আমার মা ফুটবল খেলা পছন্দ করে
908,আমার দুলাভাই ভালো,data/videos/video/908.mp4,আমার দুলাভাই ভালো
2340,আমার কদবেল খেতে ভালো লাগে,data/videos/video/2340.mp4,আমার কদবেল খেতে ভালো লাগে
3793,তুমার নাম ভালো,data/videos/video/3793.mp4,তুমার নাম ভালো
4788,তুমার নাম ভালো,data/videos/video/4788.mp4,তুমার নাম ভালো
2649,আমার ফুফু চীন যাবে,data/videos/video/2649.mp4,আমার ফুফু চীন যাবে
3951,আমার কাজ অনেক ভালো,data/videos/video/3951.mp4,আমার কাজ অনেক ভালো
877,আমার কাজ অনেক ভালো,data/videos/video/877.mp4,আমার কাজ অনেক ভালো
5071,গরোম ই শরবট পান কোরা ভালো,data/videos/video/5071.mp4,গরোম ই শরবট পান কোরা ভালো
3932,গরোম ই শরবট পান কোরা ভালো,data/videos/video/3932.mp4,গরোম ই শরবট পান কোরা ভালো
4597,আমার মামার দোয়েল পছন্দ,data/videos/video/4597.mp4,আমার মামার দোয়েল পছন্দ
125,আমার মামার দোয়েল পছন্দ,data/videos/video/125.mp4,আমার মামার দোয়েল পছন্দ
2507,আমার চাচাতো ভাই ইউরোপ যাবে,data/videos/video/2507.mp4,আমার চাচাতো ভাই ইউরোপ যাবে
3187,আমি শুক্রবার ইউরোপ যাব,data/videos/video/3187.mp4,আমি শুক্রবার ইউরোপ যাব
250,আমি নভেম্বরে চীন যাব,data/videos/video/250.mp4,আমি নভেম্বরে চীন যাব
4295,আমি নভেম্বরে চীন যাব,data/videos/video/4295.mp4,আমি নভেম্বরে চীন যাব
1662,আমার বাবা বাসে যাবে,data/videos/video/1662.mp4,আমার বাবা বাসে যাবে
3396,আমার ভাই বৃহস্পতিবার মাছ খায়,data/videos/video/3396.mp4,আমার ভাই বৃহস্পতিবার মাছ খায়
1873,আমার ভাই বৃহস্পতিবার মাছ খায়,data/videos/video/1873.mp4,আমার ভাই বৃহস্পতিবার মাছ খায়
4831,আমার ভাই বৃহস্পতিবার মাছ খায়,data/videos/video/4831.mp4,আমার ভাই বৃহস্পতিবার মাছ খায়
2167,গতকাল আমার ভাই ডাক্তার দেখিয়েছে,data/videos/video/2167.mp4,গতকাল আমার ভাই ডাক্তার দেখিয়েছে
253,আমি নভেম্বরে শ্রীলঙ্কায় যাবো,data/videos/video/253.mp4,আমি নভেম্বরে শ্রীলঙ্কায় যাবো
4290,আমি নভেম্বরে শ্রীলঙ্কায় যাবো,data/videos/video/4290.mp4,আমি নভেম্বরে শ্রীলঙ্কায় যাবো
2174,তুমি আগে কি কাজ করছো,data/videos/video/2174.mp4,তুমি আগে কি কাজ করছো
5016,আর তোমার ভাই কি করে,data/videos/video/5016.mp4,আর তোমার ভাই কি করে
3249,আর তোমার ভাই কি করে,data/videos/video/3249.mp4,আর তোমার ভাই কি করে
1627,আমার ছোট ভাই হাস দেখে নাই,data/videos/video/1627.mp4,আমার ছোট ভাই হাস দেখে নাই
843,আমরা চা খাবো,data/videos/video/843.mp4,আমরা চা খাবো
4691,আমরা চা খাবো,data/videos/video/4691.mp4,আমরা চা খাবো
1931,আমার মা তোমার সাথে রাতে দেখা করবে না,data/videos/video/1931.mp4,আমার মা তোমার সাথে রাতে দেখা করবে না
4147,তোমার ড্রেসটা দারুন,data/videos/video/4147.mp4,তোমার ড্রেসটা দারুন
1325,তোমার ড্রেসটা দারুন,data/videos/video/1325.mp4,তোমার ড্রেসটা দারুন
2111,আমি বিড়াল দেখি নাই,data/videos/video/2111.mp4,আমি বিড়াল দেখি নাই
4154,তোমার বউ সুন্দর দেখতে,data/videos/video/4154.mp4,তোমার বউ সুন্দর দেখতে
1332,তোমার বউ সুন্দর দেখতে,data/videos/video/1332.mp4,তোমার বউ সুন্দর দেখতে
1064,আমি এখন মসজিদে যাবো না,data/videos/video/1064.mp4,আমি এখন মসজিদে যাবো না
2424,আমার খালু ইউরোপ যাবে,data/videos/video/2424.mp4,আমার খালু ইউরোপ যাবে
3004,আমি তোমার বোন,data/videos/video/3004.mp4,আমি তোমার বোন
2246,মামা মংগলবার দুধ খায়,data/videos/video/2246.mp4,মামা মংগলবার দুধ খায়
5294,আমরা বিকেলে বেড়াতে যাবো,data/videos/video/5294.mp4,আমরা বিকেলে বেড়াতে যাবো
3440,আমরা বিকেলে বেড়াতে যাবো,data/videos/video/3440.mp4,আমরা বিকেলে বেড়াতে যাবো
992,আমার ভাই নেই,data/videos/video/992.mp4,আমার ভাই নেই
3289,তুমি বাসা কোথায়,data/videos/video/3289.mp4,তুমি বাসা কোথায়
5159,তুমি বাসা কোথায়,data/videos/video/5159.mp4,তুমি বাসা কোথায়
4549,আমার মায়ের ছাগল ভালো লাগে,data/videos/video/4549.mp4,আমার মায়ের ছাগল ভালো লাগে
140,আমার মায়ের ছাগল ভালো লাগে,data/videos/video/140.mp4,আমার মায়ের ছাগল ভালো লাগে
2607,আমার ফুফাতো বোন চীন যাবে,data/videos/video/2607.mp4,আমার ফুফাতো বোন চীন যাবে
111,আমার মামা জমিতে যাবে,data/videos/video/111.mp4,আমার মামা জমিতে যাবে
4511,আমার মামা জমিতে যাবে,data/videos/video/4511.mp4,আমার মামা জমিতে যাবে
2583,আমার ফুফা এশিয়া যাবে,data/videos/video/2583.mp4,আমার ফুফা এশিয়া যাবে
1797,আমার বড় বোন হাতি দেখে নাই,data/videos/video/1797.mp4,আমার বড় বোন হাতি দেখে নাই
2252,মামা রবিবার মাংস খায়,data/videos/video/2252.mp4,মামা রবিবার মাংস খায়
2641,আমার ফুফু আমেরিকা যাবে,data/videos/video/2641.mp4,আমার ফুফু আমেরিকা যাবে
2991,আমি জুলাই মাসে ভারত যাব,data/videos/video/2991.mp4,আমি জুলাই মাসে ভারত যাব
2685,আমার বাবা কানাডা যাবে,data/videos/video/2685.mp4,আমার বাবা কানাডা যাবে
1808,আমার বড় ভাই ইলিশ মাছ দেখেছে,data/videos/video/1808.mp4,আমার বড় ভাই ইলিশ মাছ দেখেছে
209,আমি জুন মাসে বিদেশ যাবো,data/videos/video/209.mp4,আমি জুন মাসে বিদেশ যাবো
4419,আমি জুন মাসে বিদেশ যাবো,data/videos/video/4419.mp4,আমি জুন মাসে বিদেশ যাবো
4291,আমি জুলাই শ্রীলংকা যাব,data/videos/video/4291.mp4,আমি জুলাই শ্রীলংকা যাব
221,আমি জুলাই শ্রীলংকা যাব,data/videos/video/221.mp4,আমি জুলাই শ্রীলংকা যাব
2882,আমার মামাতো ভাই কানাডা যাবে,data/videos/video/2882.mp4,আমার মামাতো ভাই কানাডা যাবে
3834,সে আমার ফুফু,data/videos/video/3834.mp4,সে আমার ফুফু
5356,সে আমার ফুফু,data/videos/video/5356.mp4,সে আমার ফুফু
2126,আমি মংগলবার ভাত খাবো,data/videos/video/2126.mp4,আমি মংগলবার ভাত খাবো
2265,মামা সোমবার মাংস খায়,data/videos/video/2265.mp4,মামা সোমবার মাংস খায়
2103,আমি পাখি দেখি নাই,data/videos/video/2103.mp4,আমি পাখি দেখি নাই
2304,সে যানিবাহনে যাবে,data/videos/video/2304.mp4,সে যানিবাহনে যাবে
3863,আপনি কেমন আছেন,data/videos/video/3863.mp4,আপনি কেমন আছেন
5085,আপনি কেমন আছেন,data/videos/video/5085.mp4,আপনি কেমন আছেন
2328,আপনি কেমন আছেন,data/videos/video/2328.mp4,আপনি কেমন আছেন
4676,আপনি কেমন আছেন,data/videos/video/4676.mp4,আপনি কেমন আছেন...
827,আপনি কেমন আছেন,data/videos/video/827.mp4,আপনি কেমন আছেন...
966,আমার বাড়ি ঢাকায়,data/videos/video/966.mp4,আমার বাড়ি ঢাকায়
1915,আমার মা ইলিশ মাছ দেখেছে,data/videos/video/1915.mp4,আমার মা ইলিশ মাছ দেখেছে
3236,আমি সোমবারে ভারত যাব,data/videos/video/3236.mp4,আমি সোমবারে ভারত যাব
2399,আমার খালাতো ভাই আমেরিকা যাবে,data/videos/video/2399.mp4,আমার খালাতো ভাই আমেরিকা যাবে
5337,আমি আগামীকাল বেড়াতে যাবো,data/videos/video/5337.mp4,আমি আগামীকাল বেড়াতে যাবো
3758,আমি আগামীকাল বেড়াতে যাবো,data/videos/video/3758.mp4,আমি আগামীকাল বেড়াতে যাবো
2467,আমার চাচা নেপাল যাবে,data/videos/video/2467.mp4,আমার চাচা নেপাল যাবে
3898,অপনি কোঠাই কাজ কোরেন,data/videos/video/3898.mp4,অপনি কোঠাই কাজ কোরেন
5053,অপনি কোঠাই কাজ কোরেন,data/videos/video/5053.mp4,অপনি কোঠাই কাজ কোরেন
2660,আমার ফুফু মালদ্বীপ যাবে,data/videos/video/2660.mp4,আমার ফুফু মালদ্বীপ যাবে
4104,তুমি বিজ্ঞান বই পড়তে যানো,data/videos/video/4104.mp4,তুমি বিজ্ঞান বই পড়তে যানো
1280,তুমি বিজ্ঞান বই পড়তে যানো,data/videos/video/1280.mp4,তুমি বিজ্ঞান বই পড়তে যানো
256,আমি পূর্ব দিকে যাব,data/videos/video/256.mp4,আমি পূর্ব দিকে যাব
4431,আমি পূর্ব দিকে যাব,data/videos/video/4431.mp4,আমি পূর্ব দিকে যাব
3051,আমি বুধবারে মুভি দেখতে যাব,data/videos/video/3051.mp4,আমি বুধবারে মুভি দেখতে যাব
1964,আমার মা সাপ দেখেছে,data/videos/video/1964.mp4,আমার মা সাপ দেখেছে
4341,আমি মার্চ মাসে কানাডায় যাব,data/videos/video/4341.mp4,আমি মার্চ মাসে কানাডায় যাব
277,আমি মার্চ মাসে কানাডায় যাব,data/videos/video/277.mp4,আমি মার্চ মাসে কানাডায় যাব
2253,মামা রবিবার মাছ খায়,data/videos/video/2253.mp4,মামা রবিবার মাছ খায়
1531,আগে মা খাবে,data/videos/video/1531.mp4,আগে মা খাবে
1619,আমার ছোট ভাই খরগোশ দেখেছে,data/videos/video/1619.mp4,আমার ছোট ভাই খরগোশ দেখেছে
3400,আমার মা মুরগি দেখেছে,data/videos/video/3400.mp4,আমার মা মুরগি দেখেছে
1951,আমার মা মুরগি দেখেছে,data/videos/video/1951.mp4,আমার মা মুরগি দেখেছে
4800,আমার মা মুরগি দেখেছে,data/videos/video/4800.mp4,আমার মা মুরগি দেখেছে
2041,আমার স্বামী মংগলবার মাংস খায়,data/videos/video/2041.mp4,আমার স্বামী মংগলবার মাংস খায়
2805,আমার মা ইশারা ভাষা পছন্দ করে,data/videos/video/2805.mp4,আমার মা ইশারা ভাষা পছন্দ করে
2784,আমার ভাই ভুটান যাবে,data/videos/video/2784.mp4,আমার ভাই ভুটান যাবে
1525,আগে তুমি খাও,data/videos/video/1525.mp4,আগে তুমি খাও
3625,বাহিরের বিদেশী মানুষ বেড়াতে আসে,data/videos/video/3625.mp4,বাহিরের বিদেশী মানুষ বেড়াতে আসে
5035,বাহিরের বিদেশী মানুষ বেড়াতে আসে,data/videos/video/5035.mp4,বাহিরের বিদেশী মানুষ বেড়াতে আসে
4468,আমার ভাইয়ের মানচিত্র দেখতে ভালো লাগে,data/videos/video/4468.mp4,আমার ভাইয়ের মানচিত্র দেখতে ভালো লাগে
90,আমার ভাইয়ের মানচিত্র দেখতে ভালো লাগে,data/videos/video/90.mp4,আমার ভাইয়ের মানচিত্র দেখতে ভালো লাগে
4816,জুতা পড়লে আমাকে সুন্দর দেখা যায়,data/videos/video/4816.mp4,জুতা পড়লে আমাকে সুন্দর দেখা যায়
3263,জুতা পড়লে আমাকে সুন্দর দেখা যায়,data/videos/video/3263.mp4,জুতা পড়লে আমাকে সুন্দর দেখা যায়
993,আমার ভাই মারা গিয়েছে,data/videos/video/993.mp4,আমার ভাই মারা গিয়েছে
995,আমার ভাই শিক্ষা গ্রহন করছে,data/videos/video/995.mp4,আমার ভাই শিক্ষা গ্রহন করছে
2022,আমার স্ত্রী শনিবার মাংস খাবে,data/videos/video/2022.mp4,আমার স্ত্রী শনিবার মাংস খাবে
3210,আমি সৃতিসৌধ যাবো,data/videos/video/3210.mp4,আমি সৃতিসৌধ যাবো
58,আমার বোনের পাখি পছন্দ,data/videos/video/58.mp4,আমার বোনের পাখি পছন্দ
4575,আমার বোনের পাখি পছন্দ,data/videos/video/4575.mp4,আমার বোনের পাখি পছন্দ
4423,আমি অক্টোবরে অস্ট্রেলিয়া যাব,data/videos/video/4423.mp4,আমি অক্টোবরে অস্ট্রেলিয়া যাব
158,আমি অক্টোবরে অস্ট্রেলিয়া যাব,data/videos/video/158.mp4,আমি অক্টোবরে অস্ট্রেলিয়া যাব
2691,আমার বাবা জেলে,data/videos/video/2691.mp4,আমার বাবা জেলে
3611,প্রধান মন্ত্রী আমাদের অনেক সাহায্য দিচ্ছে,data/videos/video/3611.mp4,প্রধান মন্ত্রী আমাদের অনেক সাহায্য দিচ্ছে
4842,প্রধান মন্ত্রী আমাদের অনেক সাহায্য দিচ্ছে,data/videos/video/4842.mp4,প্রধান মন্ত্রী আমাদের অনেক সাহায্য দিচ্ছে
2529,আমার চাচি আমেরিকা যাবে,data/videos/video/2529.mp4,আমার চাচি আমেরিকা যাবে
5139,তোমার খালু ভালো মানুষ,data/videos/video/5139.mp4,তোমার খালু ভালো মানুষ
3299,তোমার খালু ভালো মানুষ,data/videos/video/3299.mp4,তোমার খালু ভালো মানুষ
2561,আমার দাদ অনেক ভালো,data/videos/video/2561.mp4,আমার দাদ অনেক ভালো
3094,আমি মঙ্গলবারে ক্রিকেট খেলি,data/videos/video/3094.mp4,আমি মঙ্গলবারে ক্রিকেট খেলি
3450,আমার কাজের চাপ বেশি,data/videos/video/3450.mp4,আমার কাজের চাপ বেশি
5008,আমার কাজের চাপ বেশি,data/videos/video/5008.mp4,আমার কাজের চাপ বেশি
1792,আমার বড় বোন মুরগি দেখেছে,data/videos/video/1792.mp4,আমার বড় বোন মুরগি দেখেছে
3170,আমি শনিবারে পাকিস্তান যাব,data/videos/video/3170.mp4,আমি শনিবারে পাকিস্তান যাব
2303,সে পর্যন্ত আপনারা সবাই ভালো থাকুন,data/videos/video/2303.mp4,সে পর্যন্ত আপনারা সবাই ভালো থাকুন
3060,আমি বৃহস্পতিবার ইউরোপ যাব,data/videos/video/3060.mp4,আমি বৃহস্পতিবার ইউরোপ যাব
4330,আমি ডিসেম্বরে ইংল্যান্ড যাব,data/videos/video/4330.mp4,আমি ডিসেম্বরে ইংল্যান্ড যাব
231,আমি ডিসেম্বরে ইংল্যান্ড যাব,data/videos/video/231.mp4,আমি ডিসেম্বরে ইংল্যান্ড যাব
3106,আমি মঙ্গলবারে রাশিয়া যাব,data/videos/video/3106.mp4,আমি মঙ্গলবারে রাশিয়া যাব
2525,আমার চাচার ফুলকপি খেতে ভালো লাগে,data/videos/video/2525.mp4,আমার চাচার ফুলকপি খেতে ভালো লাগে
1705,আমার বাবার বিড়াল নাই,data/videos/video/1705.mp4,আমার বাবার বিড়াল নাই
5207,তোমার চাচার নাম কি,data/videos/video/5207.mp4,তোমার চাচার নাম কি
3306,তোমার চাচার নাম কি,data/videos/video/3306.mp4,তোমার চাচার নাম কি
2422,আমার খালু আমেরিকা যাবে,data/videos/video/2422.mp4,আমার খালু আমেরিকা যাবে
2267,মামী শনিবার দুধ খায়,data/videos/video/2267.mp4,মামী শনিবার দুধ খায়
971,আমার বোন এখন শিক্ষাগ্রহণ করছে,data/videos/video/971.mp4,আমার বোন এখন শিক্ষাগ্রহণ করছে
4450,আমার ভাই উত্তর দিকে যাবে,data/videos/video/4450.mp4,আমার ভাই উত্তর দিকে যাবে
67,আমার ভাই উত্তর দিকে যাবে,data/videos/video/67.mp4,আমার ভাই উত্তর দিকে যাবে
872,আমার অফিসার আছে,data/videos/video/872.mp4,আমার অফিসার আছে
3947,আমার অফিসার আছে,data/videos/video/3947.mp4,আমার অফিসার আছে
1263,তুমি জেলে কেন,data/videos/video/1263.mp4,তুমি জেলে কেন
4086,তুমি জেলে কেন,data/videos/video/4086.mp4,তুমি জেলে কেন
2584,আমার ফুফা কানাডা যাবে,data/videos/video/2584.mp4,আমার ফুফা কানাডা যাবে
3741,আমার ভাই ফেল করেছে,data/videos/video/3741.mp4,আমার ভাই ফেল করেছে
4779,আমার ভাই ফেল করেছে,data/videos/video/4779.mp4,আমার ভাই ফেল করেছে
914,আমার নানী দাদী ভালো আছে,data/videos/video/914.mp4,আমার নানী দাদী ভালো আছে
2136,আমি শনিবার দুধ খাবো,data/videos/video/2136.mp4,আমি শনিবার দুধ খাবো
3215,আমি সেপ্টেম্বরে ভারত যাব,data/videos/video/3215.mp4,আমি সেপ্টেম্বরে ভারত যাব
3492,আমি কুয়াকাটা বেড়াতে গিয়েছিলাম,data/videos/video/3492.mp4,আমি কুয়াকাটা বেড়াতে গিয়েছিলাম
5031,আমি কুয়াকাটা বেড়াতে গিয়েছিলাম,data/videos/video/5031.mp4,আমি কুয়াকাটা বেড়াতে গিয়েছিলাম
3076,আমি বৃহস্পতিবারে মালদ্বীপ যাব,data/videos/video/3076.mp4,আমি বৃহস্পতিবারে মালদ্বীপ যাব
5192,জুন মাসে বর্ষাকাল থাকে,data/videos/video/5192.mp4,জুন মাসে বর্ষাকাল থাকে
3266,জুন মাসে বর্ষাকাল থাকে,data/videos/video/3266.mp4,জুন মাসে বর্ষাকাল থাকে
2890,আমার মামাতো ভাই ভুটান যাবে,data/videos/video/2890.mp4,আমার মামাতো ভাই ভুটান যাবে
2155,আমি ১৫ দিন পর দেখা করবো,data/videos/video/2155.mp4,আমি ১৫ দিন পর দেখা করবো
5029,আমি আপনাকে সাহায্য করব,data/videos/video/5029.mp4,আমি আপনাকে সাহায্য করব
5329,আমি আপনাকে সাহায্য করব,data/videos/video/5329.mp4,আমি আপনাকে সাহায্য করব
3876,আমি আপনাকে সাহায্য করব,data/videos/video/3876.mp4,আমি আপনাকে সাহায্য করব
3760,আমি আপনাকে সাহায্য করব,data/videos/video/3760.mp4,আমি আপনাকে সাহায্য করব
2666,আমার ফুলকপি খেতে ভালো লাগে,data/videos/video/2666.mp4,আমার ফুলকপি খেতে ভালো লাগে
2667,আমার ফুলকপি খেতে ভালো লাগে,data/videos/video/2667.mp4,আমার ফুলকপি খেতে ভালো লাগে।
2679,আমার বাবা ইলেক্ট্রিশিয়ান,data/videos/video/2679.mp4,আমার বাবা ইলেক্ট্রিশিয়ান
2356,আমার খালা এশিয়া যাবে,data/videos/video/2356.mp4,আমার খালা এশিয়া যাবে
1276,তুমি বর্তমানে কি করছো,data/videos/video/1276.mp4,তুমি বর্তমানে কি করছো
4100,তুমি বর্তমানে কি করছো,data/videos/video/4100.mp4,তুমি বর্তমানে কি করছো
2618,আমার ফুফাতো বোনের রান্না খেতে মজা,data/videos/video/2618.mp4,আমার ফুফাতো বোনের রান্না খেতে মজা
1099,আমি চিনি খাবো,data/videos/video/1099.mp4,আমি চিনি খাবো
60,আমার বোনের পৃথিবী দেখতে ভালো লাগে,data/videos/video/60.mp4,আমার বোনের পৃথিবী দেখতে ভালো লাগে
4474,আমার বোনের পৃথিবী দেখতে ভালো লাগে,data/videos/video/4474.mp4,আমার বোনের পৃথিবী দেখতে ভালো লাগে
2285,শুক্রবার আমি মাংস খাবো,data/videos/video/2285.mp4,শুক্রবার আমি মাংস খাবো
3413,১২ জানুয়ারি আমার জন্মদিন,data/videos/video/3413.mp4,১২ জানুয়ারি আমার জন্মদিন
1505,১২ জানুয়ারি আমার জন্মদিন,data/videos/video/1505.mp4,১২ জানুয়ারি আমার জন্মদিন
5300,১২ জানুয়ারি আমার জন্মদিন,data/videos/video/5300.mp4,১২ জানুয়ারি আমার জন্মদিন
3158,আমি শনিবার ইউরোপ যাব,data/videos/video/3158.mp4,আমি শনিবার ইউরোপ যাব
2372,আমার খালা রান্না খেতে মজা,data/videos/video/2372.mp4,আমার খালা রান্না খেতে মজা
2008,আমার স্ত্রী বুধবার মাছ খায়,data/videos/video/2008.mp4,আমার স্ত্রী বুধবার মাছ খায়
1802,আমার বড় ভাই অনেক গুলো ঘোড়া দেখেছে,data/videos/video/1802.mp4,আমার বড় ভাই অনেক গুলো ঘোড়া দেখেছে
5326,দেখা করে আমার অনেক ভালো লাগলো,data/videos/video/5326.mp4,দেখা করে আমার অনেক ভালো লাগলো
3811,দেখা করে আমার অনেক ভালো লাগলো,data/videos/video/3811.mp4,দেখা করে আমার অনেক ভালো লাগলো
2878,আমার মামাতো ভাই আমেরিকা যাবে,data/videos/video/2878.mp4,আমার মামাতো ভাই আমেরিকা যাবে
2332,আমাই দোকানদার,data/videos/video/2332.mp4,আমাই দোকানদার
3088,আমি মঙ্গলবার ইউরোপ যাব,data/videos/video/3088.mp4,আমি মঙ্গলবার ইউরোপ যাব
862,আমরা সবাই দূর্বল,data/videos/video/862.mp4,আমরা সবাই দূর্বল
4710,আমরা সবাই দূর্বল,data/videos/video/4710.mp4,আমরা সবাই দূর্বল
4697,আমরা মাংস খাবো,data/videos/video/4697.mp4,আমরা মাংস খাবো
848,আমরা মাংস খাবো,data/videos/video/848.mp4,আমরা মাংস খাবো
5160,তুমি অনেক মেধাবী শিক্ষার্থী,data/videos/video/5160.mp4,তুমি অনেক মেধাবী শিক্ষার্থী
3278,তুমি অনেক মেধাবী শিক্ষার্থী,data/videos/video/3278.mp4,তুমি অনেক মেধাবী শিক্ষার্থী
2146,আমি সোমবার মাছ খাবো,data/videos/video/2146.mp4,আমি সোমবার মাছ খাবো
2323,আপনি কি জাবেন সৃতিসৌধ,data/videos/video/2323.mp4,আপনি কি জাবেন সৃতিসৌধ
2116,আমি বুধবার মাংস খাবো,data/videos/video/2116.mp4,আমি বুধবার মাংস খাবো
2286,শুক্রবার আমি মাছ খাবো,data/videos/video/2286.mp4,শুক্রবার আমি মাছ খাবো
1945,আমার মা ভাত খাবে শুক্রবার,data/videos/video/1945.mp4,আমার মা ভাত খাবে শুক্রবার
2418,আমার খালার রান্না খেতে মজা,data/videos/video/2418.mp4,আমার খালার রান্না খেতে মজা
1804,আমার বড় ভাই ইদুর দেখে নাই,data/videos/video/1804.mp4,আমার বড় ভাই ইদুর দেখে নাই
4051,তাদের মনের কথা,data/videos/video/4051.mp4,তাদের মনের কথা
1228,তাদের মনের কথা,data/videos/video/1228.mp4,তাদের মনের কথা
1004,আমার মা খুব ভালো,data/videos/video/1004.mp4,আমার মা খুব ভালো
2983,আমি জানুয়ারিতে মালদ্বীপ যাব,data/videos/video/2983.mp4,আমি জানুয়ারিতে মালদ্বীপ যাব
2689,আমার বাবা চীন যাবে,data/videos/video/2689.mp4,আমার বাবা চীন যাবে
2585,আমার ফুফা ক্রিকেট খেলা পছন্দ করে না,data/videos/video/2585.mp4,আমার ফুফা ক্রিকেট খেলা পছন্দ করে না
4712,আমরা সবাই লবন খাবো না,data/videos/video/4712.mp4,আমরা সবাই লবন খাবো না
864,আমরা সবাই লবন খাবো না,data/videos/video/864.mp4,আমরা সবাই লবন খাবো না
3975,আমি বিজ্ঞান পড়ি,data/videos/video/3975.mp4,আমি বিজ্ঞান পড়ি
1151,আমি বিজ্ঞান পড়ি,data/videos/video/1151.mp4,আমি বিজ্ঞান পড়ি
3205,আমি শুক্রবারে মালদ্বীপ যাব,data/videos/video/3205.mp4,আমি শুক্রবারে মালদ্বীপ যাব
1221,চলো যাই,data/videos/video/1221.mp4,চলো যাই
4044,চলো যাই,data/videos/video/4044.mp4,চলো যাই
21,আমার বাবা মহাসাগর দেখতে যাবে,data/videos/video/21.mp4,আমার বাবা মহাসাগর দেখতে যাবে
4490,আমার বাবা মহাসাগর দেখতে যাবে,data/videos/video/4490.mp4,আমার বাবা মহাসাগর দেখতে যাবে
2037,আমার স্বামী বৃহস্পতিবার মাংস খায়,data/videos/video/2037.mp4,আমার স্বামী বৃহস্পতিবার মাংস খায়
2637,আমার ফুফার রান্না খেতে মজা,data/videos/video/2637.mp4,আমার ফুফার রান্না খেতে মজা
3569,তুমি অনেক ভালো মনের মানুষ,data/videos/video/3569.mp4,তুমি অনেক  ভালো মনের মানুষ
4849,তুমি অনেক ভালো মনের মানুষ,data/videos/video/4849.mp4,তুমি অনেক  ভালো মনের মানুষ
306,আমি সেপ্টেম্বরে বিদেশ যাব,data/videos/video/306.mp4,আমি সেপ্টেম্বরে বিদেশ যাব
4430,আমি সেপ্টেম্বরে বিদেশ যাব,data/videos/video/4430.mp4,আমি সেপ্টেম্বরে বিদেশ যাব
1055,আমি ইশারা ভাষা বলি,data/videos/video/1055.mp4,আমি ইশারা ভাষা বলি
3966,আমি বর্ডারগার্ড দেখেছি,data/videos/video/3966.mp4,আমি বর্ডারগার্ড দেখেছি
1142,আমি বর্ডারগার্ড দেখেছি,data/videos/video/1142.mp4,আমি বর্ডারগার্ড দেখেছি
1652,আমার বাবা টিয়া পাখি দেখেছে,data/videos/video/1652.mp4,আমার বাবা টিয়া পাখি দেখেছে
2506,আমার চাচাতো ভাই ইংল্যান্ডে যাবে,data/videos/video/2506.mp4,আমার চাচাতো ভাই ইংল্যান্ডে যাবে
174,আমি আগস্টে চীন যাব,data/videos/video/174.mp4,আমি আগস্টে চীন যাব
4296,আমি আগস্টে চীন যাব,data/videos/video/4296.mp4,আমি আগস্টে চীন যাব
2840,আমার মামা চিন যাবে,data/videos/video/2840.mp4,আমার মামা চিন যাবে
1763,আমার বোন সোমবার ভাত খায়,data/videos/video/1763.mp4,আমার বোন সোমবার ভাত খায়
2912,আমার মামি মালদ্বীপ যাবে,data/videos/video/2912.mp4,আমার মামি মালদ্বীপ যাবে
3486,আমি আমার বাবাকে ভালোবাসি,data/videos/video/3486.mp4,আমি আমার বাবাকে ভালোবাসি
5005,আমি আমার বাবাকে ভালোবাসি,data/videos/video/5005.mp4,আমি আমার বাবাকে ভালোবাসি
1909,আমার মা অনেক গুলো বিড়াল দেখেছে,data/videos/video/1909.mp4,আমার মা অনেক গুলো বিড়াল দেখেছে
5054,টোমা কোবে বদি জাবে,data/videos/video/5054.mp4,টোমা কোবে বদি জাবে
3933,টোমা কোবে বদি জাবে,data/videos/video/3933.mp4,টোমা কোবে বদি জাবে
1035,আমি অনেক খুশি,data/videos/video/1035.mp4,আমি অনেক খুশি
1405,বড় ভাই লিখতে জানে,data/videos/video/1405.mp4,বড় ভাই লিখতে জানে
4182,বড় ভাই লিখতে জানে,data/videos/video/4182.mp4,বড় ভাই লিখতে জানে
2824,আমার মা শ্রীলংকা যাবে,data/videos/video/2824.mp4,আমার মা শ্রীলংকা যাবে
1219,গনিত সুন্দর বিষয়,data/videos/video/1219.mp4,গনিত সুন্দর বিষয়
4042,গনিত সুন্দর বিষয়,data/videos/video/4042.mp4,গনিত সুন্দর বিষয়
2333,আমাদের সবার বিশেষ শিক্ষা দরকার,data/videos/video/2333.mp4,আমাদের সবার বিশেষ শিক্ষা দরকার
5441,সে চিনি খাবে না,data/videos/video/5441.mp4,সে চিনি খাবে না
1488,সে চিনি খাবে না,data/videos/video/1488.mp4,সে চিনি খাবে না
2220,দুপুরে আমাকে কল দিও,data/videos/video/2220.mp4,দুপুরে আমাকে কল দিও
4444,আমার বোন উত্তর দিকে যাবে,data/videos/video/4444.mp4,আমার বোন উত্তর দিকে যাবে
40,আমার বোন উত্তর দিকে যাবে,data/videos/video/40.mp4,আমার বোন উত্তর দিকে যাবে
957,আমার বাবা মারা গেছে,data/videos/video/957.mp4,আমার বাবা মারা গেছে
1272,তুমি পেয়াজ খাবে,data/videos/video/1272.mp4,তুমি পেয়াজ খাবে
4097,তুমি পেয়াজ খাবে,data/videos/video/4097.mp4,তুমি পেয়াজ খাবে
1348,ধন্যবাদ,data/videos/video/1348.mp4,ধন্যবাদ
4169,ধন্যবাদ,data/videos/video/4169.mp4,ধন্যবাদ
3566,তুমার চেহারা খুব সুন্দর,data/videos/video/3566.mp4,তুমার চেহারা খুব সুন্দর
4857,তুমার চেহারা খুব সুন্দর,data/videos/video/4857.mp4,তুমার চেহারা খুব সুন্দর
4299,আমি মার্চ মাসে জাপান যাবো,data/videos/video/4299.mp4,আমি মার্চ মাসে জাপান যাবো
279,আমি মার্চ মাসে জাপান যাবো,data/videos/video/279.mp4,আমি মার্চ মাসে জাপান যাবো
3312,তোমার দাদীর নাম কি,data/videos/video/3312.mp4,তোমার দাদীর নাম কি
5203,তোমার দাদীর নাম কি,data/videos/video/5203.mp4,তোমার দাদীর নাম কি
229,আমি ডিসেম্বর ইউরোপ যাব,data/videos/video/229.mp4,আমি ডিসেম্বর ইউরোপ যাব
4387,আমি ডিসেম্বর ইউরোপ যাব,data/videos/video/4387.mp4,আমি ডিসেম্বর ইউরোপ যাব
3225,আমি সোমবার স্কুল এ যাই,data/videos/video/3225.mp4,আমি সোমবার স্কুল এ যাই
1851,আমার ভাই খরগোশ দেখে নাই,data/videos/video/1851.mp4,আমার ভাই খরগোশ দেখে নাই
1902,আমার ভাই হাতি দেখেছে,data/videos/video/1902.mp4,আমার ভাই হাতি দেখেছে
1892,আমার ভাই শুক্রবার মাছ খায়,data/videos/video/1892.mp4,আমার ভাই শুক্রবার মাছ খায়
2557,আমার জাম্বুরা ভালো লাগে,data/videos/video/2557.mp4,আমার জাম্বুরা ভালো লাগে
2134,আমি রবিবার মাছ খাবো,data/videos/video/2134.mp4,আমি রবিবার মাছ খাবো
2104,আমি পাখি দেখেছি,data/videos/video/2104.mp4,আমি পাখি দেখেছি
3237,আমি সোমবারে ভুটান যাব,data/videos/video/3237.mp4,আমি সোমবারে ভুটান যাব
3169,আমি শনিবারে নেপাল যাবো,data/videos/video/3169.mp4,আমি শনিবারে নেপাল যাবো
2602,আমার ফুফাতো বোন আমেরিকা যাবে,data/videos/video/2602.mp4,আমার ফুফাতো বোন আমেরিকা যাবে
841,আমরা কফি খাবো,data/videos/video/841.mp4,আমরা কফি খাবো
4689,আমরা কফি খাবো,data/videos/video/4689.mp4,আমরা কফি খাবো
181,আমি এপ্রিল মাসে ইউরোপ যাব,data/videos/video/181.mp4,আমি এপ্রিল মাসে ইউরোপ যাব
4382,আমি এপ্রিল মাসে ইউরোপ যাব,data/videos/video/4382.mp4,আমি এপ্রিল মাসে ইউরোপ যাব
1408,ভবিষ্যতে তোমার সুন্দর ভালো,data/videos/video/1408.mp4,ভবিষ্যতে তোমার সুন্দর ভালো
4229,ভবিষ্যতে তোমার সুন্দর ভালো,data/videos/video/4229.mp4,ভবিষ্যতে তোমার সুন্দর ভালো
2700,আমার বাবা বিদেশ যাবে,data/videos/video/2700.mp4,আমার বাবা বিদেশ যাবে
4841,বাংলাদেশে অনেক মানুষ বেকার,data/videos/video/4841.mp4,বাংলাদেশে অনেক মানুষ বেকার
3617,বাংলাদেশে অনেক মানুষ বেকার,data/videos/video/3617.mp4,বাংলাদেশে অনেক মানুষ বেকার
4438,আমার মানচিত্র দেখতে ভালো লাগে,data/videos/video/4438.mp4,আমার মানচিত্র দেখতে ভালো লাগে
108,আমার মানচিত্র দেখতে ভালো লাগে,data/videos/video/108.mp4,আমার মানচিত্র দেখতে ভালো লাগে
4877,আমার বাসা সিলেটে,data/videos/video/4877.mp4,আমার বাসা সিলেটে
3466,আমার বাসা সিলেটে,data/videos/video/3466.mp4,আমার বাসা সিলেটে
1395,বোন,data/videos/video/1395.mp4,বোন
4225,বোন,data/videos/video/4225.mp4,বোন
1944,আমার মা বোট দেখেছে,data/videos/video/1944.mp4,আমার মা বোট দেখেছে
3889,ধ্যানবাদ,data/videos/video/3889.mp4,ধ্যানবাদ
5111,ধ্যানবাদ,data/videos/video/5111.mp4,ধ্যানবাদ
2141,আমি সাপ দেখেনি,data/videos/video/2141.mp4,আমি সাপ দেখেনি
163,আমি অক্টোবরে কানাডা যাব,data/videos/video/163.mp4,আমি অক্টোবরে কানাডা যাব
4344,আমি অক্টোবরে কানাডা যাব,data/videos/video/4344.mp4,আমি অক্টোবরে কানাডা যাব
4425,আমি মে মাসে বিদেশ যাবো,data/videos/video/4425.mp4,আমি মে মাসে বিদেশ যাবো
292,আমি মে মাসে বিদেশ যাবো,data/videos/video/292.mp4,আমি মে মাসে বিদেশ যাবো
2317,আপনার বাসা কোথায়,data/videos/video/2317.mp4,আপনার বাসা কোথায়
1535,আগে সময় কেমন ছিল,data/videos/video/1535.mp4,আগে সময় কেমন ছিল
223,আমি জুলাইয়ে ইংল্যান্ড যাব,data/videos/video/223.mp4,আমি জুলাইয়ে ইংল্যান্ড যাব
4329,আমি জুলাইয়ে ইংল্যান্ড যাব,data/videos/video/4329.mp4,আমি জুলাইয়ে ইংল্যান্ড যাব
4587,আমার ভাইয়ের মুরগি ভালো লাগে,data/videos/video/4587.mp4,আমার ভাইয়ের মুরগি ভালো লাগে
91,আমার ভাইয়ের মুরগি ভালো লাগে,data/videos/video/91.mp4,আমার ভাইয়ের মুরগি ভালো লাগে
2293,সকালের সময় অনেক ভালো,data/videos/video/2293.mp4,সকালের সময় অনেক ভালো
3795,তুমি আসো,data/videos/video/3795.mp4,তুমি আসো
5372,তুমি আসো,data/videos/video/5372.mp4,তুমি আসো
2736,আমার বোন নাই,data/videos/video/2736.mp4,আমার বোন নাই
4452,আমার মা উত্তর দিকে যাবে,data/videos/video/4452.mp4,আমার মা উত্তর দিকে যাবে
95,আমার মা উত্তর দিকে যাবে,data/videos/video/95.mp4,আমার মা উত্তর দিকে যাবে
1212,কোকো মুভিটি দারুন,data/videos/video/1212.mp4,কোকো মুভিটি দারুন
4036,কোকো মুভিটি দারুন,data/videos/video/4036.mp4,কোকো মুভিটি দারুন
2969,আমি কফি খাই,data/videos/video/2969.mp4,আমি কফি খাই
150,আমার মুরগি ভালো লাগে,data/videos/video/150.mp4,আমার মুরগি ভালো লাগে
4590,আমার মুরগি ভালো লাগে,data/videos/video/4590.mp4,আমার মুরগি ভালো লাগে
2925,আমার মুরগি ভালো লাগে,data/videos/video/2925.mp4,আমার মুরগি ভালো লাগে
2847,আমার মামা বিদেশ যাবে,data/videos/video/2847.mp4,আমার মামা বিদেশ যাবে
4653,আজকে রবিবার আমার জন্মদিন,data/videos/video/4653.mp4,আজকে রবিবার আমার জন্মদিন
804,আজকে রবিবার আমার জন্মদিন,data/videos/video/804.mp4,আজকে রবিবার আমার জন্মদিন
3175,আমি শনিবারে মুভি দেখতে যাব,data/videos/video/3175.mp4,আমি শনিবারে মুভি দেখতে যাব
4227,ভবিষ্যতে আমি ভালো করবো,data/videos/video/4227.mp4,ভবিষ্যতে আমি ভালো করবো
1406,ভবিষ্যতে আমি ভালো করবো,data/videos/video/1406.mp4,ভবিষ্যতে আমি ভালো করবো
2519,আমার চাচাতো ভাই ভালো মানুষ,data/videos/video/2519.mp4,আমার চাচাতো ভাই ভালো মানুষ
1714,আমার বোন ইলিশ মাছ দেখে নাই,data/videos/video/1714.mp4,আমার বোন ইলিশ মাছ দেখে নাই
1678,আমার বাবা মংগলবার মাছ খায়,data/videos/video/1678.mp4,আমার বাবা মংগলবার মাছ খায়
5422,হ্যালো,data/videos/video/5422.mp4,হ্যালো
1502,হ্যালো,data/videos/video/1502.mp4,হ্যালো
3896,হ্যালো,data/videos/video/3896.mp4,হ্যালো
5081,হ্যালো,data/videos/video/5081.mp4,হ্যালো
1359,বর্তমানে আমি ভালো আছি,data/videos/video/1359.mp4,বর্তমানে আমি ভালো আছি
4189,বর্তমানে আমি ভালো আছি,data/videos/video/4189.mp4,বর্তমানে আমি ভালো আছি
1720,আমার বোন খরগোশ দেখেছে,data/videos/video/1720.mp4,আমার বোন খরগোশ দেখেছে
1782,আমার বড় বোন চিড়িয়াখানা যাবে,data/videos/video/1782.mp4,আমার বড় বোন চিড়িয়াখানা যাবে
143,আমার মায়ের পাহাড় দেখতে ভালো লাগে,data/videos/video/143.mp4,আমার মায়ের পাহাড় দেখতে ভালো লাগে
4542,আমার মায়ের পাহাড় দেখতে ভালো লাগে,data/videos/video/4542.mp4,আমার মায়ের পাহাড় দেখতে ভালো লাগে
4620,মামী বৃহস্পতিবার ভাত খায়,data/videos/video/4620.mp4,মামী বৃহস্পতিবার ভাত খায়
1444,মামী বৃহস্পতিবার ভাত খায়,data/videos/video/1444.mp4,মামী বৃহস্পতিবার ভাত খায়
2715,আমার বাবার গ্রীষ্মকাল অনেক অনেক ভালো লাগে,data/videos/video/2715.mp4,আমার বাবার গ্রীষ্মকাল অনেক  অনেক ভালো লাগে
1506,১২ জুলাই আমার জন্মদিন,data/videos/video/1506.mp4,১২ জুলাই আমার জন্মদিন
3414,১২ জুলাই আমার জন্মদিন,data/videos/video/3414.mp4,১২ জুলাই আমার জন্মদিন
5301,১২ জুলাই আমার জন্মদিন,data/videos/video/5301.mp4,১২ জুলাই আমার জন্মদিন
2881,আমার মামাতো ভাই এশিয়া যাবে,data/videos/video/2881.mp4,আমার মামাতো ভাই এশিয়া যাবে
1355,বর্তমানে আমি ঘুমাচ্ছি,data/videos/video/1355.mp4,বর্তমানে আমি ঘুমাচ্ছি
4185,বর্তমানে আমি ঘুমাচ্ছি,data/videos/video/4185.mp4,বর্তমানে আমি ঘুমাচ্ছি
2742,আমার বোন বাংলাদেশে যাবে,data/videos/video/2742.mp4,আমার বোন বাংলাদেশে যাবে
3343,তোমার মামী কোথায় কাজ করে,data/videos/video/3343.mp4,তোমার মামী কোথায় কাজ করে
5244,তোমার মামী কোথায় কাজ করে,data/videos/video/5244.mp4,তোমার মামী কোথায় কাজ করে
1135,আমি পেয়াজ খাবো,data/videos/video/1135.mp4,আমি পেয়াজ খাবো
1136,আমি পেয়াজ খাবো,data/videos/video/1136.mp4,আমি পেয়াজ খাবো
4696,আমি পেয়াজ খাবো,data/videos/video/4696.mp4,আমি পেয়াজ খাবো
3962,আমি পেয়াজ খাবো,data/videos/video/3962.mp4,আমি পেয়াজ খাবো
2365,আমার খালা ফুটবল খেলা পছন্দ করে,data/videos/video/2365.mp4,আমার খালা ফুটবল খেলা পছন্দ করে
817,আপনার কাজ অনেক ভালো,data/videos/video/817.mp4,আপনার কাজ অনেক ভালো
4665,আপনার কাজ অনেক ভালো,data/videos/video/4665.mp4,আপনার কাজ অনেক ভালো
1615,আমার ছোট ভাই কচ্ছপ দেখে নাই,data/videos/video/1615.mp4,আমার ছোট ভাই কচ্ছপ দেখে নাই
1509,১২ মে আমার জন্মদিন,data/videos/video/1509.mp4,১২ মে আমার জন্মদিন
1510,১২ মে আমার জন্মদিন,data/videos/video/1510.mp4,১২ মে আমার জন্মদিন
5417,১২ মে আমার জন্মদিন,data/videos/video/5417.mp4,১২ মে আমার জন্মদিন
3590,দাঁত ব্রাশ শেষ করে সকালের খাবার খেতে আসো,data/videos/video/3590.mp4,দাঁত ব্রাশ শেষ করে সকালের খাবার খেতে আসো
5292,দাঁত ব্রাশ শেষ করে সকালের খাবার খেতে আসো,data/videos/video/5292.mp4,দাঁত ব্রাশ শেষ করে সকালের খাবার খেতে আসো
2606,আমার ফুফাতো বোন কানাডা যাবে,data/videos/video/2606.mp4,আমার ফুফাতো বোন কানাডা যাবে
5221,আর মা ক্রিকেট খেলা পছন্দ করে,data/videos/video/5221.mp4,আর মা ক্রিকেট খেলা পছন্দ করে
3250,আর মা ক্রিকেট খেলা পছন্দ করে,data/videos/video/3250.mp4,আর মা ক্রিকেট খেলা পছন্দ করে
888,আমার চাচী নেই,data/videos/video/888.mp4,আমার চাচী নেই
1983,আমার মেয়ে বৃহস্পতিবার মাছ খায়,data/videos/video/1983.mp4,আমার মেয়ে বৃহস্পতিবার মাছ খায়
1986,আমার মেয়ে মংগলবার ভাত খাবে,data/videos/video/1986.mp4,আমার মেয়ে মংগলবার ভাত খাবে
1774,আমার বড় বোন ইদুর দেখে নাই,data/videos/video/1774.mp4,আমার বড় বোন ইদুর দেখে নাই
3913,অমি নীল জামা পোর্টে পোচন্ডো কোরি,data/videos/video/3913.mp4,অমি নীল জামা পোর্টে পোচন্ডো কোরি
5065,অমি নীল জামা পোর্টে পোচন্ডো কোরি,data/videos/video/5065.mp4,অমি নীল জামা পোর্টে পোচন্ডো কোরি
2375,আমার খালা শ্রীলংকা যাবে,data/videos/video/2375.mp4,আমার খালা শ্রীলংকা যাবে
1524,আগে ঘুমাও পরে লিখো,data/videos/video/1524.mp4,আগে ঘুমাও পরে লিখো
2948,আমি আগস্টে নেপাল যাবো,data/videos/video/2948.mp4,আমি আগস্টে নেপাল যাবো
1418,ভাইয়া তোমাকে অনেক পছন্দ করে,data/videos/video/1418.mp4,ভাইয়া তোমাকে অনেক পছন্দ করে
4239,ভাইয়া তোমাকে অনেক পছন্দ করে,data/videos/video/4239.mp4,ভাইয়া তোমাকে অনেক পছন্দ করে
2516,আমার চাচাতো ভাই বিদেশ যাবে,data/videos/video/2516.mp4,আমার চাচাতো ভাই বিদেশ যাবে
2657,আমার ফুফু ভারত যাবে,data/videos/video/2657.mp4,আমার ফুফু ভারত যাবে
2128,আমি মংগলবার মাছ খাবো,data/videos/video/2128.mp4,আমি মংগলবার মাছ খাবো
1605,আমার ছোট বোন খরগোশ দেখেছে,data/videos/video/1605.mp4,আমার ছোট বোন খরগোশ দেখেছে
4420,আমি মার্চ মাসে বিদেশ যাবো,data/videos/video/4420.mp4,আমি মার্চ মাসে বিদেশ যাবো
280,আমি মার্চ মাসে বিদেশ যাবো,data/videos/video/280.mp4,আমি মার্চ মাসে বিদেশ যাবো
5338,তুমি কবে বাড়ি যাবে,data/videos/video/5338.mp4,তুমি কবে বাড়ি যাবে
3797,তুমি কবে বাড়ি যাবে,data/videos/video/3797.mp4,তুমি কবে বাড়ি যাবে
3897,অপনি কি কাজ কোরেন,data/videos/video/3897.mp4,অপনি কি কাজ কোরেন
5052,অপনি কি কাজ কোরেন,data/videos/video/5052.mp4,অপনি কি কাজ কোরেন
1266,তুমি দারুন করেছো,data/videos/video/1266.mp4,তুমি দারুন করেছো
4089,তুমি দারুন করেছো,data/videos/video/4089.mp4,তুমি দারুন করেছো
3079,আমি ভারত যাব,data/videos/video/3079.mp4,আমি ভারত যাব
1694,আমার বাবা সাপ দেখেছে,data/videos/video/1694.mp4,আমার বাবা সাপ দেখেছে
3387,আমার বাবা তেলাপোকা দেখেছে,data/videos/video/3387.mp4,আমার বাবা তেলাপোকা দেখেছে
4795,আমার বাবা তেলাপোকা দেখেছে,data/videos/video/4795.mp4,আমার বাবা তেলাপোকা দেখেছে
1656,আমার বাবা তেলাপোকা দেখেছে,data/videos/video/1656.mp4,আমার বাবা তেলাপোকা দেখেছে
5408,আমার বাবা একজন ডাক্তার,data/videos/video/5408.mp4,আমার বাবা একজন ডাক্তার
3715,আমার বাবা একজন ডাক্তার,data/videos/video/3715.mp4,আমার বাবা একজন ডাক্তার
2171,চাচা আমি দেখি,data/videos/video/2171.mp4,চাচা আমি দেখি
1638,আমার বাবা ইলিশ মাছ দেখেছে,data/videos/video/1638.mp4,আমার বাবা ইলিশ মাছ দেখেছে
2244,মামা বৃহস্পতিবার মাংস খায়,data/videos/video/2244.mp4,মামা বৃহস্পতিবার মাংস খায়
962,আমার বাসা আছে,data/videos/video/962.mp4,আমার বাসা আছে
4526,তোমার ভূমিকম্প ভয় করে,data/videos/video/4526.mp4,তোমার ভূমিকম্প ভয় করে
328,তোমার ভূমিকম্প ভয় করে,data/videos/video/328.mp4,তোমার ভূমিকম্প ভয় করে
3821,বাবার মাতৃভাষা বাংলা,data/videos/video/3821.mp4,বাবার মাতৃভাষা বাংলা
5394,বাবার মাতৃভাষা বাংলা,data/videos/video/5394.mp4,বাবার মাতৃভাষা বাংলা
4654,আজকে রবিবার,data/videos/video/4654.mp4,আজকে রবিবার
805,আজকে রবিবার,data/videos/video/805.mp4,আজকে রবিবার
3840,সে আমার মামা,data/videos/video/3840.mp4,সে আমার মামা
5354,সে আমার মামা,data/videos/video/5354.mp4,সে আমার মামা
2471,আমার চাচা বাংলাদেশে যাবে,data/videos/video/2471.mp4,আমার চাচা বাংলাদেশে যাবে
4347,আমি ফেব্রুয়ারিতে রাশিয়া যাব,data/videos/video/4347.mp4,আমি ফেব্রুয়ারিতে রাশিয়া যাব
267,আমি ফেব্রুয়ারিতে রাশিয়া যাব,data/videos/video/267.mp4,আমি ফেব্রুয়ারিতে রাশিয়া যাব
1576,আমার ছেলে বুধবার মাংস খায়,data/videos/video/1576.mp4,আমার ছেলে বুধবার মাংস খায়
1360,বর্তমানে আমি ভালো নেই,data/videos/video/1360.mp4,বর্তমানে আমি ভালো নেই
4190,বর্তমানে আমি ভালো নেই,data/videos/video/4190.mp4,বর্তমানে আমি ভালো নেই
1764,আমার বোন সোমবার মাংস খায়,data/videos/video/1764.mp4,আমার বোন সোমবার মাংস খায়
1999,আমার মেয়ে শুক্রবার মাংস খাবে,data/videos/video/1999.mp4,আমার মেয়ে শুক্রবার মাংস খাবে
5245,বৃষ্টি হয়েছে অনেক,data/videos/video/5245.mp4,বৃষ্টি হয়েছে অনেক
3631,বৃষ্টি হয়েছে অনেক,data/videos/video/3631.mp4,বৃষ্টি হয়েছে অনেক
4453,আমার মামা উত্তর দিকে যাবে,data/videos/video/4453.mp4,আমার মামা উত্তর দিকে যাবে
109,আমার মামা উত্তর দিকে যাবে,data/videos/video/109.mp4,আমার মামা উত্তর দিকে যাবে
2858,আমার মামাতো বোন আমেরিকা যাবে,data/videos/video/2858.mp4,আমার মামাতো বোন আমেরিকা যাবে
3206,আমি শুক্রবারে শ্রীলঙ্কা যাব,data/videos/video/3206.mp4,আমি শুক্রবারে শ্রীলঙ্কা যাব
2844,আমার মামা পেয়ারা খেতে পছন্দ করে,data/videos/video/2844.mp4,আমার মামা পেয়ারা খেতে পছন্দ করে
3720,আমার বাবা হাসপাতালে যাবে,data/videos/video/3720.mp4,আমার বাবা হাসপাতালে যাবে
4721,আমার বাবা হাসপাতালে যাবে,data/videos/video/4721.mp4,আমার বাবা হাসপাতালে যাবে
4433,আমি উত্তর দিকে যাব,data/videos/video/4433.mp4,আমি উত্তর দিকে যাব
178,আমি উত্তর দিকে যাব,data/videos/video/178.mp4,আমি উত্তর দিকে যাব
3762,আমি ইশারা ভাষা জানি,data/videos/video/3762.mp4,আমি ইশারা ভাষা জানি
1053,আমি ইশারা ভাষা জানি,data/videos/video/1053.mp4,আমি ইশারা ভাষা জানি
4775,আমি ইশারা ভাষা জানি,data/videos/video/4775.mp4,আমি ইশারা ভাষা জানি
2692,আমার বাবা নিরক্ষর,data/videos/video/2692.mp4,আমার বাবা নিরক্ষর
3539,খাবার নেই,data/videos/video/3539.mp4,খাবার নেই
4839,খাবার নেই,data/videos/video/4839.mp4,খাবার নেই
3694,আপনি ইশারা ভাষা জানেন কি,data/videos/video/3694.mp4,আপনি ইশারা ভাষা জানেন কি
4776,আপনি ইশারা ভাষা জানেন কি,data/videos/video/4776.mp4,আপনি ইশারা ভাষা জানেন কি
4941,এখন সকাল সময় ১০টা,data/videos/video/4941.mp4,"এখন সকাল, সময় ১০টা"
3531,এখন সকাল সময় ১০টা,data/videos/video/3531.mp4,"এখন সকাল, সময় ১০টা"
4336,আমি মে মাসে ইংল্যান্ড যাব,data/videos/video/4336.mp4,আমি মে মাসে ইংল্যান্ড যাব
287,আমি মে মাসে ইংল্যান্ড যাব,data/videos/video/287.mp4,আমি মে মাসে ইংল্যান্ড যাব
2998,আমি ডিসেম্বরে ভারত যাব,data/videos/video/2998.mp4,আমি ডিসেম্বরে ভারত যাব
1565,আমার চাচা শুক্রবার দুধ খায়,data/videos/video/1565.mp4,আমার চাচা শুক্রবার দুধ খায়
4389,আমি মার্চ মাসে আমেরিকা যাবো,data/videos/video/4389.mp4,আমি মার্চ মাসে আমেরিকা যাবো
274,আমি মার্চ মাসে আমেরিকা যাবো,data/videos/video/274.mp4,আমি মার্চ মাসে আমেরিকা যাবো
3562,তুমাকে নীল রঙের জামায় সুন্দর লাগছে,data/videos/video/3562.mp4,তুমাকে নীল রঙের জামায় সুন্দর লাগছে
4895,তুমাকে নীল রঙের জামায় সুন্দর লাগছে,data/videos/video/4895.mp4,তুমাকে নীল রঙের জামায় সুন্দর লাগছে
4952,তুমার আজ রান্না মজা,data/videos/video/4952.mp4,তুমার আজ রান্না মজা
3564,তুমার আজ রান্না মজা,data/videos/video/3564.mp4,তুমার আজ রান্না মজা
2873,আমার মামাতো বোন রাশিয়া যাবে,data/videos/video/2873.mp4,আমার মামাতো বোন রাশিয়া যাবে
2148,আমি হাতি দেখেছি,data/videos/video/2148.mp4,আমি হাতি দেখেছি
4600,আমার মায়ের দোয়েল পছন্দ,data/videos/video/4600.mp4,আমার মায়ের দোয়েল পছন্দ
141,আমার মায়ের দোয়েল পছন্দ,data/videos/video/141.mp4,আমার মায়ের দোয়েল পছন্দ
3272,টাই পড়লে তোমাকে সুন্দর দেখা যায়,data/videos/video/3272.mp4,টাই পড়লে তোমাকে সুন্দর দেখা যায়
4822,টাই পড়লে তোমাকে সুন্দর দেখা যায়,data/videos/video/4822.mp4,টাই পড়লে তোমাকে সুন্দর দেখা যায়
3519,আমি বেশি খেতে পারি না,data/videos/video/3519.mp4,আমি বেশি খেতে পারি না
5263,আমি বেশি খেতে পারি না,data/videos/video/5263.mp4,আমি বেশি খেতে পারি না
2477,আমার চাচা রাশিয়া যাবে,data/videos/video/2477.mp4,আমার চাচা রাশিয়া যাবে
2541,আমার চাচি ফুটবল খেলা পছন্দ করে,data/videos/video/2541.mp4,আমার চাচি ফুটবল খেলা পছন্দ করে
3001,আমি তুমি কসাই,data/videos/video/3001.mp4,আমি তুমি কসাই
2783,আমার ভাই ভার্সিটিতে যাবে,data/videos/video/2783.mp4,আমার ভাই ভার্সিটিতে যাবে
4916,আপনি লবণ গরম পানি দিয়ে কুলি করবেন,data/videos/video/4916.mp4,"আপনি লবণ, গরম পানি দিয়ে কুলি করবেন"
3438,আপনি লবণ গরম পানি দিয়ে কুলি করবেন,data/videos/video/3438.mp4,"আপনি লবণ, গরম পানি দিয়ে কুলি করবেন"
857,আমরা সবাই চা খাবো,data/videos/video/857.mp4,আমরা সবাই চা খাবো
4705,আমরা সবাই চা খাবো,data/videos/video/4705.mp4,আমরা সবাই চা খাবো
903,আমার দাদা অনেক ভালো,data/videos/video/903.mp4,আমার দাদা অনেক ভালো
2543,আমার চাচি বিদেশ যাবে,data/videos/video/2543.mp4,আমার চাচি বিদেশ যাবে
3151,আমি রবিবারে শ্রীলঙ্কা যাব,data/videos/video/3151.mp4,আমি রবিবারে শ্রীলঙ্কা যাব
3064,আমি বৃহস্পতিবার জাপান যাবো,data/videos/video/3064.mp4,আমি বৃহস্পতিবার জাপান যাবো
1093,আমি ঘর দেখেছি,data/videos/video/1093.mp4,আমি ঘর দেখেছি
2364,আমার খালা পেয়ারা খেতে পছন্দ করে,data/videos/video/2364.mp4,আমার খালা পেয়ারা খেতে পছন্দ করে
1664,আমার বাবা বিড়াল দেখে নাই,data/videos/video/1664.mp4,আমার বাবা বিড়াল দেখে নাই
1913,আমার মা ইলিশ মাছ খাবে,data/videos/video/1913.mp4,আমার মা ইলিশ মাছ খাবে
4892,৪ পাশে পতাকা সবুজ,data/videos/video/4892.mp4,৪ পাশে পতাকা সবুজ
3672,৪ পাশে পতাকা সবুজ,data/videos/video/3672.mp4,৪ পাশে পতাকা সবুজ
4366,আমি জানুয়ারিতে ইউরোপ যাব,data/videos/video/4366.mp4,আমি জানুয়ারিতে ইউরোপ যাব
194,আমি জানুয়ারিতে ইউরোপ যাব,data/videos/video/194.mp4,আমি জানুয়ারিতে ইউরোপ যাব
1696,আমার বাবা সোমবার দুধ খাবে,data/videos/video/1696.mp4,আমার বাবা সোমবার দুধ খাবে
2509,আমার চাচাতো ভাই এশিয়া যাবে,data/videos/video/2509.mp4,আমার চাচাতো ভাই এশিয়া যাবে
2875,আমার মামাতো বোনের রান্না খেতে হবে,data/videos/video/2875.mp4,আমার মামাতো বোনের রান্না খেতে হবে
2898,আমার মামি আফ্রিকা যাবে,data/videos/video/2898.mp4,আমার মামি আফ্রিকা যাবে
2740,আমার বোন পেয়ারা খেতে পছন্দ করে,data/videos/video/2740.mp4,আমার বোন পেয়ারা খেতে পছন্দ করে
2863,আমার মামাতো বোন চীন যাবে,data/videos/video/2863.mp4,আমার মামাতো বোন চীন যাবে
3139,আমি রবিবারে চীন যাব,data/videos/video/3139.mp4,আমি রবিবারে চীন যাব
893,আমার ছেলে ভালো,data/videos/video/893.mp4,আমার ছেলে ভালো
3184,আমি শুক্রবার আফ্রিকা যাব,data/videos/video/3184.mp4,আমি শুক্রবার আফ্রিকা যাব
3561,তুমাকে দেখতে অনেক বেশি দুর্বল লাগছে,data/videos/video/3561.mp4,তুমাকে দেখতে অনেক বেশি দুর্বল লাগছে
4876,তুমাকে দেখতে অনেক বেশি দুর্বল লাগছে,data/videos/video/4876.mp4,তুমাকে দেখতে অনেক বেশি দুর্বল লাগছে
1985,আমার মেয়ে মংগলবার দুধ খায়,data/videos/video/1985.mp4,আমার মেয়ে মংগলবার দুধ খায়
2110,আমি বিকালে যাবো,data/videos/video/2110.mp4,আমি বিকালে যাবো
1148,আমি বাজার থেকে ফিরছি,data/videos/video/1148.mp4,আমি বাজার থেকে ফিরছি
3971,আমি বাজার থেকে ফিরছি,data/videos/video/3971.mp4,আমি বাজার থেকে ফিরছি
1996,আমার মেয়ে শনিবার মাছ খায়,data/videos/video/1996.mp4,আমার মেয়ে শনিবার মাছ খায়
3527,আমি সি এন জির ড্রাইভারের পাশে বসি,data/videos/video/3527.mp4,আমি সি এন জির ড্রাইভারের পাশে বসি
4986,আমি সি এন জির ড্রাইভারের পাশে বসি,data/videos/video/4986.mp4,আমি সি এন জির ড্রাইভারের পাশে বসি
906,আমার দাদা মারা গেছে,data/videos/video/906.mp4,আমার দাদা মারা গেছে
4733,তোমার বাহিরে যেতে কেমন লাগে,data/videos/video/4733.mp4,তোমার বাহিরে যেতে কেমন লাগে
3806,তোমার বাহিরে যেতে কেমন লাগে,data/videos/video/3806.mp4,তোমার বাহিরে যেতে কেমন লাগে
4836,আমি ছোট বাচ্চাদের আদর করি,data/videos/video/4836.mp4,আমি ছোট বাচ্চাদের আদর করি
3494,আমি ছোট বাচ্চাদের আদর করি,data/videos/video/3494.mp4,আমি ছোট বাচ্চাদের আদর করি
2537,আমার চাচি জাপান যাবে,data/videos/video/2537.mp4,আমার চাচি জাপান যাবে
102,আমার মা পূর্ব দিকে যাবে,data/videos/video/102.mp4,আমার মা পূর্ব দিকে যাবে
4457,আমার মা পূর্ব দিকে যাবে,data/videos/video/4457.mp4,আমার মা পূর্ব দিকে যাবে
3769,আমি বাহিরে যাবো,data/videos/video/3769.mp4,আমি বাহিরে যাবো
4725,আমি বাহিরে যাবো,data/videos/video/4725.mp4,আমি বাহিরে যাবো
222,আমি জুলাইয়ে আফ্রিকা যাব,data/videos/video/222.mp4,আমি জুলাইয়ে আফ্রিকা যাব
4400,আমি জুলাইয়ে আফ্রিকা যাব,data/videos/video/4400.mp4,আমি জুলাইয়ে আফ্রিকা যাব
2733,আমার বোন গায়িকা,data/videos/video/2733.mp4,আমার বোন গায়িকা
2616,আমার ফুফাতো বোন রাশিয়া যাবে,data/videos/video/2616.mp4,আমার ফুফাতো বোন রাশিয়া যাবে
1753,আমার বোন শনিবার মাছ খায়,data/videos/video/1753.mp4,আমার বোন শনিবার মাছ খায়
4411,আমি নভেম্বরে আমেরিকা যাবো,data/videos/video/4411.mp4,আমি নভেম্বরে আমেরিকা যাবো
248,আমি নভেম্বরে আমেরিকা যাবো,data/videos/video/248.mp4,আমি নভেম্বরে আমেরিকা যাবো
2852,আমার মামা রাশিয়া যাবে,data/videos/video/2852.mp4,আমার মামা রাশিয়া যাবে
3824,ভবিষ্যৎ নিয়ে ভাবো,data/videos/video/3824.mp4,ভবিষ্যৎ নিয়ে ভাবো
4752,ভবিষ্যৎ নিয়ে ভাবো,data/videos/video/4752.mp4,ভবিষ্যৎ নিয়ে ভাবো
951,আমার বাবা usa তে থাকে,data/videos/video/951.mp4,আমার বাবা usa তে থাকে
2661,আমার ফুফু রাশিয়া যাবে,data/videos/video/2661.mp4,আমার ফুফু রাশিয়া যাবে
3116,আমি মার্চে ভুটান যাব,data/videos/video/3116.mp4,আমি মার্চে ভুটান যাব
4815,জুতা পড়লে তোমাকে সুন্দর দেখা যায়,data/videos/video/4815.mp4,জুতা পড়লে তোমাকে সুন্দর দেখা যায়
3264,জুতা পড়লে তোমাকে সুন্দর দেখা যায়,data/videos/video/3264.mp4,জুতা পড়লে তোমাকে সুন্দর দেখা যায়
1857,আমার ভাই ছাগল দেখেছে,data/videos/video/1857.mp4,আমার ভাই ছাগল দেখেছে
2466,আমার চাচা দোকানদার,data/videos/video/2466.mp4,আমার চাচা দোকানদার
1611,আমার ছোট বোন সাপ দেখছে,data/videos/video/1611.mp4,আমার ছোট বোন সাপ দেখছে
3666,সিঙ্গাপুর দেখতে সুন্দর জায়গা,data/videos/video/3666.mp4,সিঙ্গাপুর দেখতে সুন্দর জায়গা
4934,সিঙ্গাপুর দেখতে সুন্দর জায়গা,data/videos/video/4934.mp4,সিঙ্গাপুর দেখতে সুন্দর জায়গা
2322,আপনি কি কাজ করেন,data/videos/video/2322.mp4,আপনি কি কাজ করেন
3436,আপনি কি কাজ করেন,data/videos/video/3436.mp4,আপনি কি কাজ করেন
3695,আপনি কি কাজ করেন,data/videos/video/3695.mp4,আপনি কি কাজ করেন
3862,আপনি কি কাজ করেন,data/videos/video/3862.mp4,আপনি কি কাজ করেন
5332,আপনি কি কাজ করেন,data/videos/video/5332.mp4,আপনি কি কাজ করেন
4864,আপনি কি কাজ করেন,data/videos/video/4864.mp4,আপনি কি কাজ করেন
5122,আপনি কি কাজ করেন,data/videos/video/5122.mp4,আপনি কি কাজ করেন
3861,আপনি কি কাজ করেন,data/videos/video/3861.mp4,আপনি কি কাজ করেন..
5296,আপনি কি কাজ করেন,data/videos/video/5296.mp4,আপনি কি কাজ করেন..
826,আপনি কি কাজ করেন,data/videos/video/826.mp4,আপনি কি কাজ করেন।
4675,আপনি কি কাজ করেন,data/videos/video/4675.mp4,আপনি কি কাজ করেন।
1052,আমি ইংরেজি বই পড়তে জানি,data/videos/video/1052.mp4,আমি ইংরেজি বই পড়তে জানি
2787,আমার ভাই রাশিয়া যাবে,data/videos/video/2787.mp4,আমার ভাই রাশিয়া যাবে
4685,আমরা অনেক দূর্বল,data/videos/video/4685.mp4,আমরা অনেক দূর্বল
837,আমরা অনেক দূর্বল,data/videos/video/837.mp4,আমরা অনেক দূর্বল
4223,বোন লিখতে জানে,data/videos/video/4223.mp4,বোন লিখতে জানে
1393,বোন লিখতে জানে,data/videos/video/1393.mp4,বোন লিখতে জানে
2555,আমার জলপাই ভালো লাগে,data/videos/video/2555.mp4,আমার জলপাই ভালো লাগে
2725,আমার বোন ইউরোপ যাবে,data/videos/video/2725.mp4,আমার বোন ইউরোপ যাবে
4828,মাই ফেব্রুয়ারিতে পাকিস্তান যাব,data/videos/video/4828.mp4,মাই ফেব্রুয়ারিতে পাকিস্তান যাব
3364,মাই ফেব্রুয়ারিতে পাকিস্তান যাব,data/videos/video/3364.mp4,মাই ফেব্রুয়ারিতে পাকিস্তান যাব
4458,আমার বাবা পূর্ব দিকে যাবে,data/videos/video/4458.mp4,আমার বাবা পূর্ব দিকে যাবে
17,আমার বাবা পূর্ব দিকে যাবে,data/videos/video/17.mp4,আমার বাবা পূর্ব দিকে যাবে
1967,আমার মা সোমবার ভাত খায়,data/videos/video/1967.mp4,আমার মা সোমবার ভাত খায়
2270,মামী শনিবার মাছ খায়,data/videos/video/2270.mp4,মামী শনিবার মাছ খায়
2759,আমার ভাই আফ্রিকা যাবে,data/videos/video/2759.mp4,আমার ভাই আফ্রিকা যাবে
2098,আমি তোমার সাথে দুপুরে দেখা করবো,data/videos/video/2098.mp4,আমি তোমার  সাথে দুপুরে দেখা করবো
868,আমাকে ভাড়া দিন,data/videos/video/868.mp4,আমাকে ভাড়া দিন
3943,আমাকে ভাড়া দিন,data/videos/video/3943.mp4,আমাকে ভাড়া দিন
3916,অমি স্কুল ই জাই,data/videos/video/3916.mp4,অমি স্কুল ই জাই
5062,অমি স্কুল ই জাই,data/videos/video/5062.mp4,অমি স্কুল ই জাই
3573,তুমি এতো ঝগরা কেন করো,data/videos/video/3573.mp4,তুমি এতো ঝগরা কেন করো
4851,তুমি এতো ঝগরা কেন করো,data/videos/video/4851.mp4,তুমি এতো ঝগরা কেন করো
3825,রংপুর যাবো,data/videos/video/3825.mp4,রংপুর যাবো
5376,রংপুর যাবো,data/videos/video/5376.mp4,রংপুর যাবো
4855,আজকে রাস্তায় অনেক যানজট ছিল,data/videos/video/4855.mp4,আজকে রাস্তায় অনেক যানজট ছিল
3429,আজকে রাস্তায় অনেক যানজট ছিল,data/videos/video/3429.mp4,আজকে রাস্তায় অনেক যানজট ছিল
4510,আমার ভাই জমিতে যাবে,data/videos/video/4510.mp4,আমার ভাই জমিতে যাবে
69,আমার ভাই জমিতে যাবে,data/videos/video/69.mp4,আমার ভাই জমিতে যাবে
3662,সারা রাত খুব বেশি বৃস্টি হয়েছে,data/videos/video/3662.mp4,সারা রাত খুব বেশি বৃস্টি হয়েছে
5276,সারা রাত খুব বেশি বৃস্টি হয়েছে,data/videos/video/5276.mp4,সারা রাত খুব বেশি বৃস্টি হয়েছে
1482,সে কলা খাবে,data/videos/video/1482.mp4,সে কলা খাবে
5436,সে কলা খাবে,data/videos/video/5436.mp4,সে কলা খাবে
2900,আমার মামি আমেরিকা যাবে,data/videos/video/2900.mp4,আমার মামি আমেরিকা যাবে
2714,আমার বাবাকে আমি ভালোবাসি,data/videos/video/2714.mp4,আমার বাবাকে আমি ভালোবাসি
3589,দাঁত ব্রাশ করে মুখ ধুয়া শেষ করে সকালের খাবার খেতে আসো,data/videos/video/3589.mp4,দাঁত ব্রাশ করে মুখ ধুয়া শেষ করে সকালের খাবার খেতে আসো
5290,দাঁত ব্রাশ করে মুখ ধুয়া শেষ করে সকালের খাবার খেতে আসো,data/videos/video/5290.mp4,দাঁত ব্রাশ করে মুখ ধুয়া শেষ করে সকালের খাবার খেতে আসো
1105,আমি জেলে,data/videos/video/1105.mp4,আমি জেলে
2913,আমার মামি শ্রীলঙ্কা যাবে,data/videos/video/2913.mp4,আমার মামি শ্রীলঙ্কা যাবে
3357,বৃহস্পতিবারে রোজা রাখি,data/videos/video/3357.mp4,বৃহস্পতিবারে রোজা রাখি
5014,বৃহস্পতিবারে রোজা রাখি,data/videos/video/5014.mp4,বৃহস্পতিবারে রোজা রাখি
1867,আমার ভাই বুধবার ভাত খায়,data/videos/video/1867.mp4,আমার ভাই বুধবার ভাত খায়
2127,আমি মংগলবার মাংস খাবো,data/videos/video/2127.mp4,আমি মংগলবার মাংস খাবো
2723,আমার বোন আমেরিকা যাবে,data/videos/video/2723.mp4,আমার বোন আমেরিকা যাবে
164,আমি অক্টোবরে জাপান যাবো,data/videos/video/164.mp4,আমি অক্টোবরে জাপান যাবো
4317,আমি অক্টোবরে জাপান যাবো,data/videos/video/4317.mp4,আমি অক্টোবরে জাপান যাবো
2777,আমার ভাই পাকিস্তান যাবে,data/videos/video/2777.mp4,আমার ভাই পাকিস্তান যাবে
3587,তোমাকে দেখতে সুন্দর লাগছে,data/videos/video/3587.mp4,তোমাকে দেখতে সুন্দর লাগছে
4885,তোমাকে দেখতে সুন্দর লাগছে,data/videos/video/4885.mp4,তোমাকে দেখতে সুন্দর লাগছে
2189,তুমি বুধবার মাছ খাবে,data/videos/video/2189.mp4,তুমি বুধবার মাছ খাবে
2408,আমার খালাতো ভাই বাংলাদেশে যাবি,data/videos/video/2408.mp4,আমার খালাতো ভাই বাংলাদেশে যাবি
3638,মাস্ক খুলবেন আবার সাবান দিয়ে হাত ধুবেন,data/videos/video/3638.mp4,মাস্ক খুলবেন আবার সাবান দিয়ে হাত ধুবেন
4913,মাস্ক খুলবেন আবার সাবান দিয়ে হাত ধুবেন,data/videos/video/4913.mp4,মাস্ক খুলবেন আবার সাবান দিয়ে হাত ধুবেন
1845,আমার ভাই ইলিশ মাছ খাবে,data/videos/video/1845.mp4,আমার ভাই ইলিশ মাছ খাবে
2080,আমি ঘোড়া দেখেছি,data/videos/video/2080.mp4,আমি ঘোড়া দেখেছি
2225,পরশু কি করবা,data/videos/video/2225.mp4,পরশু কি করবা
2730,আমার বোন কাঁঠাল খেতে পছন্দ করে,data/videos/video/2730.mp4,আমার বোন কাঁঠাল খেতে পছন্দ করে
1082,আমি ক্লান্ত পান করবো,data/videos/video/1082.mp4,আমি ক্লান্ত পান করবো
2727,আমার বোন এর বাসা হসপিটাল এর অইখানে,data/videos/video/2727.mp4,আমার বোন এর বাসা হসপিটাল এর অইখানে
2077,আমি খরগোশ দেখেছি,data/videos/video/2077.mp4,আমি খরগোশ দেখেছি
2708,আমার বাবা শ্রীলংকা যাবে,data/videos/video/2708.mp4,আমার বাবা শ্রীলংকা যাবে
913,আমার নানা নেই,data/videos/video/913.mp4,আমার নানা নেই
1120,আমি দাঁড়ানো,data/videos/video/1120.mp4,আমি দাঁড়ানো
2254,মামা শনিবার দুধ খায়,data/videos/video/2254.mp4,মামা শনিবার দুধ খায়
4138,তোমার জন্মদিন ২২ ডিসেম্বর,data/videos/video/4138.mp4,তোমার জন্মদিন ২২ ডিসেম্বর
1316,তোমার জন্মদিন ২২ ডিসেম্বর,data/videos/video/1316.mp4,তোমার জন্মদিন ২২ ডিসেম্বর
2429,আমার খালু ক্রিকেট খেলে পছন্দ,data/videos/video/2429.mp4,আমার খালু ক্রিকেট খেলে পছন্দ
3155,আমি শনিবার অস্ট্রেলিয়া যাব,data/videos/video/3155.mp4,আমি শনিবার অস্ট্রেলিয়া যাব
2639,আমার ফুফু আফ্রিকা যাবে,data/videos/video/2639.mp4,আমার ফুফু আফ্রিকা যাবে
1778,আমার বড় বোন কচ্ছপ দেখেছে,data/videos/video/1778.mp4,আমার বড় বোন কচ্ছপ দেখেছে
1027,আমার স্বামী দেখতে সুন্দর,data/videos/video/1027.mp4,আমার স্বামী দেখতে সুন্দর
3576,তুমি কোন সময় বাসায় আসবে,data/videos/video/3576.mp4,তুমি কোন সময় বাসায় আসবে
4990,তুমি কোন সময় বাসায় আসবে,data/videos/video/4990.mp4,তুমি কোন সময় বাসায় আসবে
1345,দেখা করে খুশি হলাম,data/videos/video/1345.mp4,দেখা করে খুশি হলাম
4168,দেখা করে খুশি হলাম,data/videos/video/4168.mp4,দেখা করে খুশি হলাম
2569,আমার পছন্দের ঋতু গ্রীষ্মকাল,data/videos/video/2569.mp4,আমার পছন্দের ঋতু গ্রীষ্মকাল
4393,আমি আগস্ট আফ্রিকা যাব,data/videos/video/4393.mp4,আমি আগস্ট আফ্রিকা যাব
166,আমি আগস্ট আফ্রিকা যাব,data/videos/video/166.mp4,আমি আগস্ট আফ্রিকা যাব
2889,আমার মামাতো ভাই ভালো,data/videos/video/2889.mp4,আমার মামাতো ভাই ভালো
2835,আমার মামা ইশারা ভাষা পছন্দ করে,data/videos/video/2835.mp4,আমার মামা ইশারা ভাষা পছন্দ করে
991,আমার ভাই খুব ভালো,data/videos/video/991.mp4,আমার ভাই খুব ভালো
2292,সকালের সময় অনেক ভালো কাজ হয়,data/videos/video/2292.mp4,সকালের সময় অনেক ভালো কাজ হয়
4921,সবসময় সাবান পানি দিয়ে হাত পরিষ্কার করবেন,data/videos/video/4921.mp4,সবসময় সাবান পানি দিয়ে হাত পরিষ্কার করবেন
3657,সবসময় সাবান পানি দিয়ে হাত পরিষ্কার করবেন,data/videos/video/3657.mp4,সবসময় সাবান পানি দিয়ে হাত পরিষ্কার করবেন
860,আমরা সবাই ডাল খাবো,data/videos/video/860.mp4,আমরা সবাই ডাল খাবো
4708,আমরা সবাই ডাল খাবো,data/videos/video/4708.mp4,আমরা সবাই ডাল খাবো
3551,গোসুল করবেন পরিষ্কার হবেন,data/videos/video/3551.mp4,গোসুল করবেন পরিষ্কার হবেন
4923,গোসুল করবেন পরিষ্কার হবেন,data/videos/video/4923.mp4,গোসুল করবেন পরিষ্কার হবেন
2273,মামী শুক্রবার মাংস খায়,data/videos/video/2273.mp4,মামী শুক্রবার মাংস খায়
2287,শুক্রবার ভালো দিন আমি মসজিদে যাবো,data/videos/video/2287.mp4,শুক্রবার ভালো দিন আমি মসজিদে যাবো
1054,আমি ইশারা ভাষা বলতে পারি,data/videos/video/1054.mp4,আমি ইশারা ভাষা বলতে পারি
5148,তুমি কি বেল খাও,data/videos/video/5148.mp4,তুমি কি বেল খাও
3285,তুমি কি বেল খাও,data/videos/video/3285.mp4,তুমি কি বেল খাও
5249,বৃষ্টিতে ঠান্ডা বরফ হয়েছে,data/videos/video/5249.mp4,বৃষ্টিতে ঠান্ডা বরফ হয়েছে
3632,বৃষ্টিতে ঠান্ডা বরফ হয়েছে,data/videos/video/3632.mp4,বৃষ্টিতে ঠান্ডা বরফ হয়েছে
2951,আমি আগস্টে ভুটান যাবো,data/videos/video/2951.mp4,আমি আগস্টে ভুটান যাবো
883,আমার চাচা নেই,data/videos/video/883.mp4,আমার চাচা নেই
3232,আমি সোমবারে জাপান যাবো,data/videos/video/3232.mp4,আমি সোমবারে জাপান যাবো
1843,আমার ভাই ইদুর দেখে নাই,data/videos/video/1843.mp4,আমার ভাই ইদুর দেখে নাই
2711,আমার বাবা সৌদি আরব যাবে,data/videos/video/2711.mp4,আমার বাবা সৌদি আরব যাবে
3353,ফেব্রুয়ারি মাসে গ্রীষ্মকাল থাকে,data/videos/video/3353.mp4,ফেব্রুয়ারি মাসে গ্রীষ্মকাল থাকে
5183,ফেব্রুয়ারি মাসে গ্রীষ্মকাল থাকে,data/videos/video/5183.mp4,ফেব্রুয়ারি মাসে গ্রীষ্মকাল থাকে
5233,তোমার বাবা কোথায় কাজ করে,data/videos/video/5233.mp4,তোমার বাবা কোথায় কাজ করে
3324,তোমার বাবা কোথায় কাজ করে,data/videos/video/3324.mp4,তোমার বাবা কোথায় কাজ করে
3075,আমি বৃহস্পতিবারে মসজিদে যাব,data/videos/video/3075.mp4,আমি বৃহস্পতিবারে মসজিদে যাব
4294,আমি ডিসেম্বরে চীন যাবো,data/videos/video/4294.mp4,আমি ডিসেম্বরে চীন যাবো
234,আমি ডিসেম্বরে চীন যাবো,data/videos/video/234.mp4,আমি ডিসেম্বরে চীন যাবো
1903,আমার ভাই হাস দেখে নাই,data/videos/video/1903.mp4,আমার ভাই হাস দেখে নাই
3895,সুভ সকাল,data/videos/video/3895.mp4,সুভ সকাল
5082,সুভ সকাল,data/videos/video/5082.mp4,সুভ সকাল
3048,আমি বুধবারে ভুটান যাব,data/videos/video/3048.mp4,আমি বুধবারে ভুটান যাব
1914,আমার মা ইলিশ মাছ দেখে নাই,data/videos/video/1914.mp4,আমার মা ইলিশ মাছ দেখে নাই
3819,বই পড়ি,data/videos/video/3819.mp4,বই পড়ি
5363,বই পড়ি,data/videos/video/5363.mp4,বই পড়ি
1997,আমার মেয়ে শুক্রবার দুধ খাবে,data/videos/video/1997.mp4,আমার মেয়ে শুক্রবার দুধ খাবে
2813,আমার মা পাকিস্তান যাবে,data/videos/video/2813.mp4,আমার মা পাকিস্তান যাবে
3374,সবজি আমার ভালো লাগে,data/videos/video/3374.mp4,সবজি আমার ভালো লাগে
5152,সবজি আমার ভালো লাগে,data/videos/video/5152.mp4,সবজি আমার ভালো লাগে
2086,আমি জানি তুমি কি বলবে,data/videos/video/2086.mp4,আমি জানি তুমি কি বলবে
2412,আমার খালাতো ভাই ভুটান যাবে,data/videos/video/2412.mp4,আমার খালাতো ভাই ভুটান যাবে
2578,আমার ফুফা আফ্রিকা যাবে,data/videos/video/2578.mp4,আমার ফুফা আফ্রিকা যাবে
2025,আমার স্ত্রী শুক্রবার মাংস খাবে,data/videos/video/2025.mp4,আমার স্ত্রী শুক্রবার মাংস খাবে
915,আমার নানী বাসায় থাকে,data/videos/video/915.mp4,আমার নানী বাসায় থাকে
1534,আগে সময় এরপর তুমি,data/videos/video/1534.mp4,আগে সময় এরপর তুমি
4897,আমি কারণে ভিরুসের টিকা নেই নাই,data/videos/video/4897.mp4,আমি কারণে ভিরুসের টিকা নেই নাই
3491,আমি কারণে ভিরুসের টিকা নেই নাই,data/videos/video/3491.mp4,আমি কারণে ভিরুসের টিকা নেই নাই
3516,আমি বিদেশে বেড়াতে যাবো,data/videos/video/3516.mp4,আমি বিদেশে বেড়াতে যাবো
4935,আমি বিদেশে বেড়াতে যাবো,data/videos/video/4935.mp4,আমি বিদেশে বেড়াতে যাবো
1568,আমার চাচা শুক্রবার মাছ খায়,data/videos/video/1568.mp4,আমার চাচা শুক্রবার মাছ খায়
1050,আমি আর্মি দেখেছি,data/videos/video/1050.mp4,আমি আর্মি দেখেছি
3344,তোমার মামী ভালো মানুষ,data/videos/video/3344.mp4,তোমার মামী ভালো মানুষ
5138,তোমার মামী ভালো মানুষ,data/videos/video/5138.mp4,তোমার মামী ভালো মানুষ
97,আমার মা ক্ষেত এ যাবে,data/videos/video/97.mp4,আমার মা ক্ষেত এ যাবে
4522,আমার মা ক্ষেত এ যাবে,data/videos/video/4522.mp4,আমার মা ক্ষেত এ যাবে
3006,আমি নভেম্বরে ঘুরতে যাব,data/videos/video/3006.mp4,আমি নভেম্বরে ঘুরতে যাব
2143,আমি সোমবার দুধ খাবো,data/videos/video/2143.mp4,আমি সোমবার দুধ খাবো
4680,আপনি ভালো থাকবেন ওকে,data/videos/video/4680.mp4,আপনি ভালো থাকবেন ওকে
832,আপনি ভালো থাকবেন ওকে,data/videos/video/832.mp4,আপনি ভালো থাকবেন ওকে
5001,আমি তোমাকে ভয় পাই,data/videos/video/5001.mp4,আমি তোমাকে ভয় পাই
3501,আমি তোমাকে ভয় পাই,data/videos/video/3501.mp4,আমি তোমাকে ভয় পাই
932,আমার প্রিয় রঙ গোলাপী,data/videos/video/932.mp4,আমার প্রিয় রঙ গোলাপী
2919,আমার মামী রাশিয়া যাবে,data/videos/video/2919.mp4,আমার মামী রাশিয়া যাবে
2899,আমার মামি আম খেতে পছন্দ করে,data/videos/video/2899.mp4,আমার মামি আম খেতে পছন্দ করে
3937,বোশন্টো কাল ই ওয়ানক বোকা fute,data/videos/video/3937.mp4,বোশন্টো কাল ই ওয়ানক বোকা fute
5066,বোশন্টো কাল ই ওয়ানক বোকা fute,data/videos/video/5066.mp4,বোশন্টো কাল ই ওয়ানক বোকা fute
4547,আমার ভাইয়ের কুকুর ভালো লাগে,data/videos/video/4547.mp4,আমার ভাইয়ের কুকুর ভালো লাগে
80,আমার ভাইয়ের কুকুর ভালো লাগে,data/videos/video/80.mp4,আমার ভাইয়ের কুকুর ভালো লাগে
851,আমরা শাক খাবো,data/videos/video/851.mp4,আমরা শাক খাবো
4699,আমরা শাক খাবো,data/videos/video/4699.mp4,আমরা শাক খাবো
2028,আমার স্ত্রী সোমবার ভাত খায়,data/videos/video/2028.mp4,আমার স্ত্রী সোমবার ভাত খায়
3185,আমি শুক্রবার আমেরিকা যাবো,data/videos/video/3185.mp4,আমি শুক্রবার আমেরিকা যাবো
2176,তুমি আমার সাথে দুপুরে দেখা করবে না,data/videos/video/2176.mp4,তুমি আমার সাথে দুপুরে দেখা করবে না
4787,আমার বাবার ছুটি,data/videos/video/4787.mp4,আমার বাবার ছুটি
3721,আমার বাবার ছুটি,data/videos/video/3721.mp4,আমার বাবার ছুটি
1810,আমার বড় ভাই কচ্ছপ দেখেছে,data/videos/video/1810.mp4,আমার বড় ভাই কচ্ছপ দেখেছে
2797,আমার ভাইয়ের রান্না খেতে মজা,data/videos/video/2797.mp4,আমার ভাইয়ের রান্না খেতে মজা
4093,তুমি পরীক্ষা পাশ করছো,data/videos/video/4093.mp4,তুমি পরীক্ষা পাশ করছো
1269,তুমি পরীক্ষা পাশ করছো,data/videos/video/1269.mp4,তুমি পরীক্ষা পাশ করছো
4546,আমার মামার ছাগল ভালো লাগে,data/videos/video/4546.mp4,আমার মামার ছাগল ভালো লাগে
124,আমার মামার ছাগল ভালো লাগে,data/videos/video/124.mp4,আমার মামার ছাগল ভালো লাগে
3592,দূর থেকে দেখলে আমার মনে হয় বাসার পেছনের সিট সি এন জি,data/videos/video/3592.mp4,দূর থেকে দেখলে আমার মনে হয় বাসার পেছনের সিট সি এন জি
4979,দূর থেকে দেখলে আমার মনে হয় বাসার পেছনের সিট সি এন জি,data/videos/video/4979.mp4,দূর থেকে দেখলে আমার মনে হয় বাসার পেছনের সিট সি এন জি
4814,সোয়েটার পড়লে আমাকে সুন্দর দেখা যায়,data/videos/video/4814.mp4,সোয়েটার পড়লে আমাকে সুন্দর দেখা যায়
3378,সোয়েটার পড়লে আমাকে সুন্দর দেখা যায়,data/videos/video/3378.mp4,সোয়েটার পড়লে আমাকে সুন্দর দেখা যায়
1920,আমার মা খরগোশ দেখেছে,data/videos/video/1920.mp4,আমার মা খরগোশ দেখেছে
1949,আমার মা মংগলবার মাছ খায়,data/videos/video/1949.mp4,আমার মা মংগলবার মাছ খায়
5400,তোমার বাসা কোথায়,data/videos/video/5400.mp4,তোমার বাসা কোথায়
3588,তোমার বাসা কোথায়,data/videos/video/3588.mp4,তোমার বাসা কোথায়
3805,তোমার বাসা কোথায়,data/videos/video/3805.mp4,তোমার বাসা কোথায়
4863,তোমার বাসা কোথায়,data/videos/video/4863.mp4,তোমার বাসা কোথায়
2120,আমি বৃহস্পতিবার মাংস খাবো,data/videos/video/2120.mp4,আমি বৃহস্পতিবার মাংস খাবো
1062,আমি একজন শিক্ষক,data/videos/video/1062.mp4,আমি একজন শিক্ষক
9,আমার পৃথিবী দেখতে ভালো লাগে,data/videos/video/9.mp4,আমার পৃথিবী দেখতে ভালো লাগে
4441,আমার পৃথিবী দেখতে ভালো লাগে,data/videos/video/4441.mp4,আমার পৃথিবী দেখতে ভালো লাগে
2999,আমি ডিসেম্বরে ভুটান যাব,data/videos/video/2999.mp4,আমি ডিসেম্বরে ভুটান যাব
4622,মামী বৃহস্পতিবার মাংস খায়,data/videos/video/4622.mp4,মামী বৃহস্পতিবার মাংস খায়
1445,মামী বৃহস্পতিবার মাংস খায়,data/videos/video/1445.mp4,মামী বৃহস্পতিবার মাংস খায়
3188,আমি শুক্রবার এ স্কুল এ যাই না,data/videos/video/3188.mp4,আমি শুক্রবার এ স্কুল এ যাই না
3534,করোনা ভাইরাস কিভাবে ছড়ায়,data/videos/video/3534.mp4,করোনা ভাইরাস কিভাবে ছড়ায়
4911,করোনা ভাইরাস কিভাবে ছড়ায়,data/videos/video/4911.mp4,করোনা ভাইরাস কিভাবে ছড়ায়
1741,আমার বোন মংগলবার ভাত খায়,data/videos/video/1741.mp4,আমার বোন মংগলবার ভাত খায়
1443,মামী বৃহস্পতিবার দুধ খায়,data/videos/video/1443.mp4,মামী বৃহস্পতিবার দুধ খায়
4619,মামী বৃহস্পতিবার দুধ খায়,data/videos/video/4619.mp4,মামী বৃহস্পতিবার দুধ খায়
2817,আমার মা বাবুর্চি,data/videos/video/2817.mp4,আমার মা বাবুর্চি
3940,শেই স্কুল ই জাই,data/videos/video/3940.mp4,শেই স্কুল ই জাই
5063,শেই স্কুল ই জাই,data/videos/video/5063.mp4,শেই স্কুল ই জাই
1198,এখন শরৎ কাল,data/videos/video/1198.mp4,এখন শরৎ কাল
4021,এখন শরৎ কাল,data/videos/video/4021.mp4,এখন শরৎ কাল
2391,আমার খালাতো বোন ভার্সিটিতে পড়াশোনা করে,data/videos/video/2391.mp4,আমার খালাতো বোন ভার্সিটিতে পড়াশোনা করে
899,আমার জন্মদিন ১২ অক্টোবর,data/videos/video/899.mp4,আমার জন্মদিন ১২ অক্টোবর
3013,আমি পাকিস্তান যাব,data/videos/video/3013.mp4,আমি পাকিস্তান যাব
1818,আমার বড় ভাই টিয়া পাখি দেখেছে,data/videos/video/1818.mp4,আমার বড় ভাই টিয়া পাখি দেখেছে
2909,আমার মামি ভারত যাবে,data/videos/video/2909.mp4,আমার মামি ভারত যাবে
916,আমার নাম আবির,data/videos/video/916.mp4,আমার নাম আবির
3099,আমি মঙ্গলবারে নেপাল যাবো,data/videos/video/3099.mp4,আমি মঙ্গলবারে নেপাল যাবো
2971,আমি কানাডা যাব,data/videos/video/2971.mp4,আমি কানাডা যাব
5388,চতুর্থটি D,data/videos/video/5388.mp4,চতুর্থটি D
3787,চতুর্থটি D,data/videos/video/3787.mp4,চতুর্থটি D
197,আমি জানুয়ারিতে চীন যাব,data/videos/video/197.mp4,আমি জানুয়ারিতে চীন যাব
4289,আমি জানুয়ারিতে চীন যাব,data/videos/video/4289.mp4,আমি জানুয়ারিতে চীন যাব
2992,আমি জুলাইয়ে পাকিস্তান যাব,data/videos/video/2992.mp4,আমি জুলাইয়ে পাকিস্তান যাব
2044,আমার স্বামী রবিবার ভাত খায়,data/videos/video/2044.mp4,আমার স্বামী রবিবার ভাত খায়
1756,আমার বোন শুক্রবার মাংস খায়,data/videos/video/1756.mp4,আমার বোন শুক্রবার মাংস খায়
3958,আমি পান করবো,data/videos/video/3958.mp4,আমি পান করবো
1131,আমি পান করবো,data/videos/video/1131.mp4,আমি পান করবো
1850,আমার ভাই কুকুর দেখেছে,data/videos/video/1850.mp4,আমার ভাই কুকুর দেখেছে
3127,আমি রবিবার অস্ট্রেলিয়া যাব,data/videos/video/3127.mp4,আমি রবিবার অস্ট্রেলিয়া যাব
2575,আমার ফুপাতো ভাই রাশিয়া যাবে,data/videos/video/2575.mp4,আমার ফুপাতো ভাই রাশিয়া যাবে
2547,আমার চাচি লিচু খেতে পছন্দ করে,data/videos/video/2547.mp4,আমার চাচি লিচু খেতে পছন্দ করে
1087,আমি খাতায় লিখি,data/videos/video/1087.mp4,আমি খাতায় লিখি
2530,আমার চাচি ইংল্যান্ডে যাবে,data/videos/video/2530.mp4,আমার চাচি ইংল্যান্ডে যাবে
4002,আমি শারীরিক ভাবে অসুস্থ,data/videos/video/4002.mp4,আমি শারীরিক ভাবে অসুস্থ
1178,আমি শারীরিক ভাবে অসুস্থ,data/videos/video/1178.mp4,আমি শারীরিক ভাবে অসুস্থ
4013,আর্মি আমাকে দেখেছে,data/videos/video/4013.mp4,আর্মি আমাকে দেখেছে
1189,আর্মি আমাকে দেখেছে,data/videos/video/1189.mp4,আর্মি আমাকে দেখেছে
2017,আমার স্ত্রী রবিবার ভাত খায়,data/videos/video/2017.mp4,আমার স্ত্রী রবিবার ভাত খায়
3104,আমি মঙ্গলবারে মসজিদে যাই,data/videos/video/3104.mp4,আমি মঙ্গলবারে মসজিদে যাই
1529,আগে বাবা খাবে,data/videos/video/1529.mp4,আগে বাবা খাবে
3098,আমি মঙ্গলবারে জাপান যাবো,data/videos/video/3098.mp4,আমি মঙ্গলবারে জাপান যাবো
1888,আমার ভাই শনিবার মাছ খায়,data/videos/video/1888.mp4,আমার ভাই শনিবার মাছ খায়
2593,আমার ফুফা বিদেশ যাবে,data/videos/video/2593.mp4,আমার ফুফা বিদেশ যাবে
2256,মামা শনিবার মাংস খায়,data/videos/video/2256.mp4,মামা শনিবার মাংস খায়
4058,তারা সবাই ডাল খাবে,data/videos/video/4058.mp4,তারা সবাই ডাল খাবে
1234,তারা সবাই ডাল খাবে,data/videos/video/1234.mp4,তারা সবাই ডাল খাবে
1259,তুমি চিঠি লিখবা,data/videos/video/1259.mp4,তুমি চিঠি লিখবা
4082,তুমি চিঠি লিখবা,data/videos/video/4082.mp4,তুমি চিঠি লিখবা
2094,আমি ট্রেনে যাবো,data/videos/video/2094.mp4,আমি ট্রেনে যাবো
2274,মামী শুক্রবার মাছ খায়,data/videos/video/2274.mp4,মামী শুক্রবার মাছ খায়
1844,আমার ভাই ইলিশ মাছ খাবে না,data/videos/video/1844.mp4,আমার ভাই ইলিশ মাছ খাবে না
4898,পরে করোনা ভাইরাসের টিকা নিবো,data/videos/video/4898.mp4,পরে করোনা ভাইরাসের টিকা নিবো
3596,পরে করোনা ভাইরাসের টিকা নিবো,data/videos/video/3596.mp4,পরে করোনা ভাইরাসের টিকা নিবো
3091,আমি মঙ্গলবার স্কুল এ যাই,data/videos/video/3091.mp4,আমি মঙ্গলবার স্কুল এ যাই
3375,সাল করলে তোমাকে সুন্দর দেখা যায়,data/videos/video/3375.mp4,সাল করলে তোমাকে সুন্দর দেখা যায়
4820,সাল করলে তোমাকে সুন্দর দেখা যায়,data/videos/video/4820.mp4,সাল করলে তোমাকে সুন্দর দেখা যায়
1386,বোন অনেক মেধাবী,data/videos/video/1386.mp4,বোন অনেক মেধাবী
4216,বোন অনেক মেধাবী,data/videos/video/4216.mp4,বোন অনেক মেধাবী
3946,আমার অনেক শর্দি হয়েছে,data/videos/video/3946.mp4,আমার অনেক শর্দি হয়েছে
871,আমার অনেক শর্দি হয়েছে,data/videos/video/871.mp4,আমার অনেক শর্দি হয়েছে
2065,আমি ইদুর দেখেছি,data/videos/video/2065.mp4,আমি ইদুর দেখেছি
3877,আমি দুখঃখিত,data/videos/video/3877.mp4,আমি দুখঃখিত
5112,আমি দুখঃখিত,data/videos/video/5112.mp4,আমি দুখঃখিত
3839,সে আমার ভাইয়ের স্যার,data/videos/video/3839.mp4,সে আমার ভাইয়ের স্যার
5403,সে আমার ভাইয়ের স্যার,data/videos/video/5403.mp4,সে আমার ভাইয়ের স্যার
3521,আমি বড়ো ব্যক্তিদের সম্মান করি,data/videos/video/3521.mp4,আমি বড়ো ব্যক্তিদের সম্মান করি
4835,আমি বড়ো ব্যক্তিদের সম্মান করি,data/videos/video/4835.mp4,আমি বড়ো ব্যক্তিদের সম্মান করি
1805,আমার বড় ভাই ইলিশ মাছ খাবে না,data/videos/video/1805.mp4,আমার বড় ভাই ইলিশ মাছ খাবে না
876,আমার ইগো আছে,data/videos/video/876.mp4,আমার ইগো আছে
4625,আমার ইগো আছে,data/videos/video/4625.mp4,আমার ইগো আছে
2035,আমার স্বামী বৃহস্পতিবার দুধ খায়,data/videos/video/2035.mp4,আমার স্বামী বৃহস্পতিবার দুধ খায়
1089,আমি খুব ক্লান্ত খেতে যাই,data/videos/video/1089.mp4,আমি খুব ক্লান্ত খেতে যাই
2192,তুমি বৃ্হস্পতিবার মাংস খাবো,data/videos/video/2192.mp4,তুমি বৃ্‌হস্পতিবার মাংস খাবো
4751,অতীত ভুলে যাও,data/videos/video/4751.mp4,অতীত ভুলে যাও
3676,অতীত ভুলে যাও,data/videos/video/3676.mp4,অতীত ভুলে যাও
262,আমি ফেব্রুয়ারিতে এশিয়া যাব,data/videos/video/262.mp4,আমি ফেব্রুয়ারিতে এশিয়া যাব
4353,আমি ফেব্রুয়ারিতে এশিয়া যাব,data/videos/video/4353.mp4,আমি ফেব্রুয়ারিতে এশিয়া যাব
4596,আমার সাপ ভয় লাগে,data/videos/video/4596.mp4,আমার সাপ ভয় লাগে
151,আমার সাপ ভয় লাগে,data/videos/video/151.mp4,আমার সাপ ভয় লাগে
2540,আমার চাচি পেয়ারা খেতে পছন্দ করে,data/videos/video/2540.mp4,আমার চাচি পেয়ারা খেতে পছন্দ করে
1000,আমার ভাষা সুন্দর,data/videos/video/1000.mp4,আমার ভাষা সুন্দর
5253,ছোট ছেলে মেয়েদের সব সময় পানি শরবত খাওয়াবেন,data/videos/video/5253.mp4,ছোট ছেলে-মেয়েদের সব সময় পানি শরবত খাওয়াবেন
3556,ছোট ছেলে মেয়েদের সব সময় পানি শরবত খাওয়াবেন,data/videos/video/3556.mp4,ছোট ছেলে-মেয়েদের সব সময় পানি শরবত খাওয়াবেন
3941,শোবাই শাবধন ই ঠাকুন,data/videos/video/3941.mp4,শোবাই শাবধন ই ঠাকুন
5069,শোবাই শাবধন ই ঠাকুন,data/videos/video/5069.mp4,শোবাই শাবধন ই ঠাকুন
2457,আমার চাচা ইউরোপ যাবে,data/videos/video/2457.mp4,আমার চাচা ইউরোপ যাবে
3265,জুন মাসে ঘুরতে যাব,data/videos/video/3265.mp4,জুন মাসে ঘুরতে যাব
5181,জুন মাসে ঘুরতে যাব,data/videos/video/5181.mp4,জুন মাসে ঘুরতে যাব
3865,আপনি ভালো থাকবেন,data/videos/video/3865.mp4,আপনি ভালো থাকবেন
5328,আপনি ভালো থাকবেন,data/videos/video/5328.mp4,আপনি ভালো থাকবেন
3697,আপনি ভালো থাকবেন,data/videos/video/3697.mp4,আপনি ভালো থাকবেন
5026,আপনি ভালো থাকবেন,data/videos/video/5026.mp4,আপনি ভালো থাকবেন
833,আপনি ভালো থাকবেন,data/videos/video/833.mp4,আপনি ভালো থাকবেন...
4681,আপনি ভালো থাকবেন,data/videos/video/4681.mp4,আপনি ভালো থাকবেন...
3095,আমি মঙ্গলবারে খেলাধুলা করি,data/videos/video/3095.mp4,আমি মঙ্গলবারে খেলাধুলা করি
2928,আমার লিচু ভালো লাগে,data/videos/video/2928.mp4,আমার লিচু ভালো লাগে
4791,আমি শুক্রবার বাড়ি যাবো,data/videos/video/4791.mp4,আমি শুক্রবার বাড়ি যাবো
3407,আমি শুক্রবার বাড়ি যাবো,data/videos/video/3407.mp4,আমি শুক্রবার বাড়ি যাবো
1179,আমি শুক্রবার বাড়ি যাবো,data/videos/video/1179.mp4,আমি শুক্রবার বাড়ি যাবো
4003,আমি শুক্রবার বাড়ি যাবো,data/videos/video/4003.mp4,আমি শুক্রবার বাড়ি যাবো
3502,আমি তোমাকে সাহায্য করব,data/videos/video/3502.mp4,আমি তোমাকে সাহায্য করব
4994,আমি তোমাকে সাহায্য করব,data/videos/video/4994.mp4,আমি তোমাকে সাহায্য করব
3663,সারাদিন বৃষ্টি হচ্ছে,data/videos/video/3663.mp4,সারাদিন বৃষ্টি হচ্ছে
5246,সারাদিন বৃষ্টি হচ্ছে,data/videos/video/5246.mp4,সারাদিন বৃষ্টি হচ্ছে
3749,আমার মা একজন উকিল,data/videos/video/3749.mp4,আমার মা একজন উকিল
4715,আমার মা একজন উকিল,data/videos/video/4715.mp4,আমার মা একজন উকিল
2601,আমার ফুফাতো বোন আফ্রিকা যাবে,data/videos/video/2601.mp4,আমার ফুফাতো বোন আফ্রিকা যাবে
2494,আমার চাচাতো বোন বাংলাদেশ যাবে,data/videos/video/2494.mp4,আমার চাচাতো বোন বাংলাদেশ যাবে
4566,আমার ভাইয়ের বিড়াল ভালো লাগে,data/videos/video/4566.mp4,আমার ভাইয়ের বিড়াল  ভালো লাগে
89,আমার ভাইয়ের বিড়াল ভালো লাগে,data/videos/video/89.mp4,আমার ভাইয়ের বিড়াল  ভালো লাগে
1005,আমার মা গৃহিনী,data/videos/video/1005.mp4,আমার মা গৃহিনী
4115,তুমি রসুন খাবে,data/videos/video/4115.mp4,তুমি রসুন খাবে
1292,তুমি রসুন খাবে,data/videos/video/1292.mp4,তুমি রসুন খাবে
1955,আমার মা রবিবার মাংস খায়,data/videos/video/1955.mp4,আমার মা রবিবার মাংস খায়
2089,আমি জানি না ওটা কত কি মি,data/videos/video/2089.mp4,আমি জানি না ওটা কত কি.মি.
1102,আমি জানি না ওটা কত কি মি,data/videos/video/1102.mp4,আমি জানি না ওটা কত কি.মি.
2469,আমার চাচা পেয়ারা খেতে পছন্দ করে,data/videos/video/2469.mp4,আমার চাচা পেয়ারা  খেতে পছন্দ করে
3212,আমি সেপ্টেম্বরে নেপাল যাব,data/videos/video/3212.mp4,আমি সেপ্টেম্বরে নেপাল যাব
4054,তাারা আমাকে অনেক পছন্দ করে,data/videos/video/4054.mp4,তাারা আমাকে অনেক পছন্দ করে
1236,তাারা আমাকে অনেক পছন্দ করে,data/videos/video/1236.mp4,তাারা আমাকে অনেক পছন্দ করে
1784,আমার বড় বোন টিয়া পাখি দেখেছে,data/videos/video/1784.mp4,আমার বড় বোন টিয়া পাখি দেখেছে
3261,জানুয়ারিতে ঘুরতে যাব,data/videos/video/3261.mp4,জানুয়ারিতে ঘুরতে যাব
5179,জানুয়ারিতে ঘুরতে যাব,data/videos/video/5179.mp4,জানুয়ারিতে ঘুরতে যাব
1449,রঙ এর নাম কি,data/videos/video/1449.mp4,রঙ এর নাম কি
4262,রঙ এর নাম কি,data/videos/video/4262.mp4,রঙ এর নাম কি
3965,আমি বন্ধুদের সাথে দেখা করবো,data/videos/video/3965.mp4,আমি বন্ধুদের সাথে দেখা করবো
1141,আমি বন্ধুদের সাথে দেখা করবো,data/videos/video/1141.mp4,আমি বন্ধুদের সাথে দেখা করবো
1314,তোমার জন্মদিন ২২ জানুয়ারি,data/videos/video/1314.mp4,তোমার জন্মদিন ২২ জানুয়ারি
4136,তোমার জন্মদিন ২২ জানুয়ারি,data/videos/video/4136.mp4,তোমার জন্মদিন ২২ জানুয়ারি
2659,আমার ফুফু ভুটান যাবে,data/videos/video/2659.mp4,আমার ফুফু ভুটান যাবে
4045,চাচা,data/videos/video/4045.mp4,চাচা
1222,চাচা,data/videos/video/1222.mp4,চাচা
4228,ভবিষ্যতে তুমি কি করবে,data/videos/video/4228.mp4,ভবিষ্যতে তুমি কি করবে
1407,ভবিষ্যতে তুমি কি করবে,data/videos/video/1407.mp4,ভবিষ্যতে তুমি কি করবে
1745,আমার বোন মুরগি দেখেছে,data/videos/video/1745.mp4,আমার বোন মুরগি দেখেছে
4650,আজকে বৃহস্পতিবার,data/videos/video/4650.mp4,আজকে বৃহস্পতিবার
801,আজকে বৃহস্পতিবার,data/videos/video/801.mp4,আজকে বৃহস্পতিবার
3153,আমি রাশিয়া যাব,data/videos/video/3153.mp4,আমি রাশিয়া যাব
4241,ভাষা কেমন,data/videos/video/4241.mp4,ভাষা কেমন
1420,ভাষা কেমন,data/videos/video/1420.mp4,ভাষা কেমন
2470,আমার চাচা ফুটবল খেলা পছন্দ করে,data/videos/video/2470.mp4,আমার চাচা ফুটবল খেলা পছন্দ করে
5106,গরমকালে মশা বেশি হয়,data/videos/video/5106.mp4,গরমকালে মশা বেশি হয়
3544,গরমকালে মশা বেশি হয়,data/videos/video/3544.mp4,গরমকালে মশা বেশি হয়
2724,আমার বোন ইংল্যান্ডে যাবে,data/videos/video/2724.mp4,আমার বোন ইংল্যান্ডে যাবে
3533,কমলার জিউস খাবেন,data/videos/video/3533.mp4,কমলার জিউস খাবেন
4967,কমলার জিউস খাবেন,data/videos/video/4967.mp4,কমলার জিউস খাবেন
171,আমি আগস্টে অস্ট্রেলিয়া যাব,data/videos/video/171.mp4,আমি আগস্টে অস্ট্রেলিয়া যাব
4424,আমি আগস্টে অস্ট্রেলিয়া যাব,data/videos/video/4424.mp4,আমি আগস্টে অস্ট্রেলিয়া যাব
5146,তোমার ফুফাতো বোন ভালো মানুষ,data/videos/video/5146.mp4,তোমার ফুফাতো বোন ভালো মানুষ
3316,তোমার ফুফাতো বোন ভালো মানুষ,data/videos/video/3316.mp4,তোমার ফুফাতো বোন ভালো মানুষ
2434,আমার খালু পেয়ারা খেতে পছন্দ করে,data/videos/video/2434.mp4,আমার খালু পেয়ারা খেতে পছন্দ করে
2954,আমি আফ্রিকা যাব,data/videos/video/2954.mp4,আমি আফ্রিকা যাব
3003,আমি তোমাক ভালোবাসি,data/videos/video/3003.mp4,আমি তোমাক ভালোবাসি
3070,আমি বৃহস্পতিবারে খেলাধুলা করি,data/videos/video/3070.mp4,আমি বৃহস্পতিবারে খেলাধুলা করি
242,আমি নভেম্বর আফ্রিকা যাব,data/videos/video/242.mp4,আমি নভেম্বর আফ্রিকা যাব
4401,আমি নভেম্বর আফ্রিকা যাব,data/videos/video/4401.mp4,আমি নভেম্বর আফ্রিকা যাব
5198,তোমার মায়ের নাম কি,data/videos/video/5198.mp4,তোমার মায়ের নাম কি
3346,তোমার মায়ের নাম কি,data/videos/video/3346.mp4,তোমার মায়ের নাম কি
2201,তুমি রবিবার মাংস খাবে,data/videos/video/2201.mp4,তুমি রবিবার মাংস খাবে
2782,আমার ভাই ভারত যাবে,data/videos/video/2782.mp4,আমার ভাই ভারত যাবে
5275,আমি ছোট মাছ না,data/videos/video/5275.mp4,আমি ছোট মাছ  না
3495,আমি ছোট মাছ না,data/videos/video/3495.mp4,আমি ছোট মাছ  না
1584,আমার ছেলে মংগলবার মাংস খায়,data/videos/video/1584.mp4,আমার ছেলে মংগলবার মাংস খায়
5002,আমি আমার মাকে বেশি পছন্দ করি,data/videos/video/5002.mp4,আমি আমার মাকে বেশি পছন্দ করি
3487,আমি আমার মাকে বেশি পছন্দ করি,data/videos/video/3487.mp4,আমি আমার মাকে বেশি পছন্দ করি
2763,আমার ভাই ইশারা ভাষা পছন্দ করে,data/videos/video/2763.mp4,আমার ভাই ইশারা ভাষা  পছন্দ করে
4112,তুমি মদ্রাসায় কখন যাবে,data/videos/video/4112.mp4,তুমি মদ্রাসায় কখন যাবে
1288,তুমি মদ্রাসায় কখন যাবে,data/videos/video/1288.mp4,তুমি মদ্রাসায় কখন যাবে
1473,সে আম খাবে,data/videos/video/1473.mp4,সে আম খাবে
5427,সে আম খাবে,data/videos/video/5427.mp4,সে আম খাবে
2622,আমার ফুফাতো ভাই ইংল্যান্ডে যাবে,data/videos/video/2622.mp4,আমার ফুফাতো ভাই ইংল্যান্ডে যাবে
2350,আমার খালা আফ্রিকা যাবে,data/videos/video/2350.mp4,আমার খালা আফ্রিকা যাবে
5090,সাত দিনের নাম,data/videos/video/5090.mp4,সাত দিনের নাম
3660,সাত দিনের নাম,data/videos/video/3660.mp4,সাত দিনের নাম
5341,আমার দেশ বাংলাদেশ,data/videos/video/5341.mp4,আমার দেশ বাংলাদেশ
910,আমার দেশ বাংলাদেশ,data/videos/video/910.mp4,আমার দেশ বাংলাদেশ
5227,আমার দেশ বাংলাদেশ,data/videos/video/5227.mp4,আমার দেশ বাংলাদেশ
3872,আমার দেশ বাংলাদেশ,data/videos/video/3872.mp4,আমার দেশ বাংলাদেশ
3705,আমার দেশ বাংলাদেশ,data/videos/video/3705.mp4,আমার দেশ বাংলাদেশ
3871,আমার দেশ বাংলাদেশ,data/videos/video/3871.mp4,আমার দেশ বাংলাদেশ.
5022,আমার দেশ বাংলাদেশ,data/videos/video/5022.mp4,আমার দেশ বাংলাদেশ.
1738,আমার বোন বৃহস্পতিবার মাছ খায়,data/videos/video/1738.mp4,আমার বোন বৃহস্পতিবার মাছ খায়
5193,তোমার বাবার নাম কি,data/videos/video/5193.mp4,তোমার বাবার নাম কি
3326,তোমার বাবার নাম কি,data/videos/video/3326.mp4,তোমার বাবার নাম কি
4954,তুমি প্রতিদিন নামাজ পড়বে,data/videos/video/4954.mp4,তুমি প্রতিদিন নামাজ পড়বে
3583,তুমি প্রতিদিন নামাজ পড়বে,data/videos/video/3583.mp4,তুমি প্রতিদিন নামাজ পড়বে
3080,আমি ভার্সিটিতে পড়াশুনা করব,data/videos/video/3080.mp4,আমি ভার্সিটিতে পড়াশুনা করব
2536,আমার চাচি চিন যাবে,data/videos/video/2536.mp4,আমার চাচি চিন যাবে
5157,তুমি ডায়েরি লেখ,data/videos/video/5157.mp4,তুমি ডায়েরি লেখ
3287,তুমি ডায়েরি লেখ,data/videos/video/3287.mp4,তুমি ডায়েরি লেখ
949,আমার বন্ধুরা অনেক ভালো,data/videos/video/949.mp4,আমার বন্ধুরা অনেক ভালো
1508,১২ মার্চ আমার জন্মদিন,data/videos/video/1508.mp4,১২ মার্চ আমার জন্মদিন
3416,১২ মার্চ আমার জন্মদিন,data/videos/video/3416.mp4,১২ মার্চ আমার জন্মদিন
5416,১২ মার্চ আমার জন্মদিন,data/videos/video/5416.mp4,১২ মার্চ আমার জন্মদিন
5303,১২ মার্চ আমার জন্মদিন,data/videos/video/5303.mp4,১২ মার্চ আমার জন্মদিন
2710,আমার বাবা সৈনিক,data/videos/video/2710.mp4,আমার বাবা সৈনিক
2397,আমার খালাতো ভাই অস্ট্রেলিয়া যাবে,data/videos/video/2397.mp4,আমার খালাতো ভাই অস্ট্রেলিয়া যাবে
2072,আমি কচ্ছপ দেখি নাই,data/videos/video/2072.mp4,আমি কচ্ছপ দেখি নাই
2756,আমার বোনের শরৎকাল অনেক ভালো লাগে,data/videos/video/2756.mp4,আমার বোনের শরৎকাল অনেক ভালো লাগে
1846,আমার ভাই ইলিশ মাছ দেখে নাই,data/videos/video/1846.mp4,আমার ভাই ইলিশ মাছ দেখে নাই
1692,আমার বাবা শুক্রবার মাংস খাবে,data/videos/video/1692.mp4,আমার বাবা শুক্রবার মাংস খাবে
3693,আপনি আসুন এবং বসুন,data/videos/video/3693.mp4,আপনি আসুন এবং বসুন
5325,আপনি আসুন এবং বসুন,data/videos/video/5325.mp4,আপনি আসুন এবং বসুন
1849,আমার ভাই কচ্ছপ দেখেছে,data/videos/video/1849.mp4,আমার ভাই কচ্ছপ দেখেছে
2087,আমি জানি না ওটা কত ইঞ্চি,data/videos/video/2087.mp4,আমি জানি না ওটা কত ইঞ্চি
1100,আমি জানি না ওটা কত ইঞ্চি,data/videos/video/1100.mp4,আমি জানি না ওটা কত ইঞ্চি
4007,আমি সাংবাদিককে দেখেছি,data/videos/video/4007.mp4,আমি সাংবাদিককে দেখেছি
1183,আমি সাংবাদিককে দেখেছি,data/videos/video/1183.mp4,আমি সাংবাদিককে দেখেছি
2019,আমার স্ত্রী রবিবার মাছ খায়,data/videos/video/2019.mp4,আমার স্ত্রী রবিবার মাছ খায়
4840,অনেক মানুষ দরিদ্র,data/videos/video/4840.mp4,অনেক মানুষ দরিদ্র
3423,অনেক মানুষ দরিদ্র,data/videos/video/3423.mp4,অনেক মানুষ দরিদ্র
2586,আমার ফুফা চীন যাবে,data/videos/video/2586.mp4,আমার ফুফা চীন যাবে
2413,আমার খালাতো ভাই মালদ্বীপ যাবে,data/videos/video/2413.mp4,আমার খালাতো ভাই মালদ্বীপ যাবে
3102,আমি মঙ্গলবারে ভারত যাব,data/videos/video/3102.mp4,আমি মঙ্গলবারে ভারত যাব
2654,আমার ফুফু ফুটবল খেলা পছন্দ করে,data/videos/video/2654.mp4,আমার ফুফু ফুটবল খেলা পছন্দ করে
4472,আমার বাবার পৃথিবী দেখতে ভালো লাগে,data/videos/video/4472.mp4,আমার বাবার পৃথিবী দেখতে ভালো লাগে
31,আমার বাবার পৃথিবী দেখতে ভালো লাগে,data/videos/video/31.mp4,আমার বাবার পৃথিবী দেখতে ভালো লাগে
2588,আমার ফুফা নেপাল যাবে,data/videos/video/2588.mp4,আমার ফুফা নেপাল যাবে
2437,আমার খালু বিমানবন্দরে থাকে,data/videos/video/2437.mp4,আমার খালু বিমানবন্দরে থাকে
1341,তোমার রুটিন দেখেছি,data/videos/video/1341.mp4,তোমার রুটিন দেখেছি
4163,তোমার রুটিন দেখেছি,data/videos/video/4163.mp4,তোমার রুটিন দেখেছি
2289,সকালে আমার বাবা দেখা করবে,data/videos/video/2289.mp4,সকালে আমার বাবা দেখা করবে
3874,আমার বাবা একজন ব্যাবসায়ি,data/videos/video/3874.mp4,আমার বাবা একজন ব্যাবসায়ি
5225,আমার বাবা একজন ব্যাবসায়ি,data/videos/video/5225.mp4,আমার বাবা একজন ব্যাবসায়ি
5021,আমার বাবা একজন ব্যাবসায়ি,data/videos/video/5021.mp4,আমার বাবা একজন ব্যাবসায়ি.
3873,আমার বাবা একজন ব্যাবসায়ি,data/videos/video/3873.mp4,আমার বাবা একজন ব্যাবসায়ি.
1566,আমার চাচা শুক্রবার ভাত খায়,data/videos/video/1566.mp4,আমার চাচা শুক্রবার ভাত খায়
2352,আমার খালা আমেরিকা যাবে,data/videos/video/2352.mp4,আমার খালা আমেরিকা যাবে
2133,আমি রবিবার মাংস খাবো,data/videos/video/2133.mp4,আমি রবিবার মাংস খাবো
4131,তোমার ছেলে কি করে,data/videos/video/4131.mp4,তোমার ছেলে কি করে
1309,তোমার ছেলে কি করে,data/videos/video/1309.mp4,তোমার ছেলে কি করে
2945,আমি অনেক ভালো আছি,data/videos/video/2945.mp4,আমি অনেক ভালো আছি
1424,ভূগোল বিষয় সুন্দর,data/videos/video/1424.mp4,ভূগোল বিষয় সুন্দর
4245,ভূগোল বিষয় সুন্দর,data/videos/video/4245.mp4,ভূগোল বিষয় সুন্দর
71,আমার ভাই দিক দেখতে যাবে,data/videos/video/71.mp4,আমার ভাই দিক দেখতে যাবে
4500,আমার ভাই দিক দেখতে যাবে,data/videos/video/4500.mp4,আমার ভাই দিক দেখতে যাবে
2068,আমি ইলিশ মাছ দেখছি,data/videos/video/2068.mp4,আমি ইলিশ মাছ দেখছি
4304,আমি এপ্রিল মাসে জাপান যাবো,data/videos/video/4304.mp4,আমি এপ্রিল মাসে জাপান যাবো
184,আমি এপ্রিল মাসে জাপান যাবো,data/videos/video/184.mp4,আমি এপ্রিল মাসে জাপান যাবো
4202,বাবা সনদ পত্র দেখবে,data/videos/video/4202.mp4,বাবা সনদ পত্র দেখবে
1378,বাবা সনদ পত্র দেখবে,data/videos/video/1378.mp4,বাবা সনদ পত্র দেখবে
1149,আমি বাজারে যাচ্ছি,data/videos/video/1149.mp4,আমি বাজারে যাচ্ছি
3972,আমি বাজারে যাচ্ছি,data/videos/video/3972.mp4,আমি বাজারে যাচ্ছি
1677,আমার বাবা মংগলবার মাংস খায়,data/videos/video/1677.mp4,আমার বাবা মংগলবার মাংস খায়
2047,আমার স্বামী শনিবার দুধ খায়,data/videos/video/2047.mp4,আমার স্বামী শনিবার দুধ খায়
3113,আমি মার্চ মাসে নেপাল যাবো,data/videos/video/3113.mp4,আমি মার্চ মাসে নেপাল যাবো
1573,আমার চাচী অনেক ভালো,data/videos/video/1573.mp4,আমার চাচী অনেক ভালো
887,আমার চাচী অনেক ভালো,data/videos/video/887.mp4,আমার চাচী অনেক ভালো
5452,স্যার তোমাকে অনেক পছন্দ করে,data/videos/video/5452.mp4,স্যার তোমাকে অনেক পছন্দ করে
1499,স্যার তোমাকে অনেক পছন্দ করে,data/videos/video/1499.mp4,স্যার তোমাকে অনেক পছন্দ করে
3453,আমার গ্রামের বাসা ফরিদপুর,data/videos/video/3453.mp4,আমার গ্রামের বাসা ফরিদপুর
4976,আমার গ্রামের বাসা ফরিদপুর,data/videos/video/4976.mp4,আমার গ্রামের বাসা ফরিদপুর
1287,তুমি ভালো মুখস্থ করছো,data/videos/video/1287.mp4,তুমি ভালো মুখস্থ করছো
4111,তুমি ভালো মুখস্থ করছো,data/videos/video/4111.mp4,তুমি ভালো মুখস্থ করছো
4348,আমি মে মাসে কানাডা যাব,data/videos/video/4348.mp4,আমি মে মাসে কানাডা যাব
289,আমি মে মাসে কানাডা যাব,data/videos/video/289.mp4,আমি মে মাসে কানাডা যাব
923,আমার পেশা প্রকৌশলী,data/videos/video/923.mp4,আমার পেশা প্রকৌশলী
930,আমার প্রিয় রঙ কমলা,data/videos/video/930.mp4,আমার প্রিয় রঙ কমলা
2337,আমার আম ভালো লাগে,data/videos/video/2337.mp4,আমার আম ভালো লাগে
3156,আমি শনিবার আফ্রিকা যাব,data/videos/video/3156.mp4,আমি শনিবার আফ্রিকা যাব
2409,আমার খালাতো ভাই বিদেশ যাবে,data/videos/video/2409.mp4,আমার খালাতো ভাই বিদেশ যাবে
1112,আমি তরকারিতে রসুন খাবো,data/videos/video/1112.mp4,আমি তরকারিতে রসুন খাবো
2929,আমার লেখতে ভালো লাগে,data/videos/video/2929.mp4,আমার লেখতে ভালো লাগে
2373,আমার খালা রাশিয়া যাবে,data/videos/video/2373.mp4,আমার খালা রাশিয়া যাবে
2533,আমার চাচি এশিয়া যাবে,data/videos/video/2533.mp4,আমার চাচি এশিয়া যাবে
4368,আমি জুন মাসে রাশিয়া যাব,data/videos/video/4368.mp4,আমি জুন মাসে রাশিয়া যাব
210,আমি জুন মাসে রাশিয়া যাব,data/videos/video/210.mp4,আমি জুন মাসে রাশিয়া যাব
3724,আমার বোন ইশারা ভাষা ভালো পারে,data/videos/video/3724.mp4,আমার বোন ইশারা ভাষা ভালো পারে
4774,আমার বোন ইশারা ভাষা ভালো পারে,data/videos/video/4774.mp4,আমার বোন ইশারা ভাষা ভালো পারে
5006,আমার অনেক রাগ,data/videos/video/5006.mp4,আমার অনেক রাগ
3447,আমার অনেক রাগ,data/videos/video/3447.mp4,আমার অনেক রাগ
1795,আমার বড় বোন সাপ দেখে নি,data/videos/video/1795.mp4,আমার বড় বোন সাপ দেখে নি
1934,আমার মা বিড়াল দেখে নাই,data/videos/video/1934.mp4,আমার মা বিড়াল দেখে নাই
1051,আমি আলু খাবো,data/videos/video/1051.mp4,আমি আলু খাবো
2987,আমি জুনে পাকিস্তান যাব,data/videos/video/2987.mp4,আমি জুনে পাকিস্তান যাব
1103,আমি জানি,data/videos/video/1103.mp4,আমি জানি
1839,আমার ভাই অনেক গুলো ঘোড়া দেখেছে,data/videos/video/1839.mp4,আমার ভাই অনেক গুলো ঘোড়া দেখেছে
3996,আমি রসুন খাবো,data/videos/video/3996.mp4,আমি রসুন খাবো
1172,আমি রসুন খাবো,data/videos/video/1172.mp4,আমি রসুন খাবো
1521,আগে আমি খাবো তুমি কখন খাবা,data/videos/video/1521.mp4,আগে আমি খাবো তুমি কখন খাবা
2486,আমার চাচাতো বোন ইংল্যান্ডে যাবে,data/videos/video/2486.mp4,আমার চাচাতো বোন ইংল্যান্ডে যাবে
4987,ইশারা ভাষা আমাদের সবার শিখা দরকার,data/videos/video/4987.mp4,ইশারা ভাষা আমাদের সবার শিখা দরকার
3529,ইশারা ভাষা আমাদের সবার শিখা দরকার,data/videos/video/3529.mp4,ইশারা ভাষা আমাদের সবার শিখা দরকার
4826,গ্লাভস পড়লে আমাকে সুন্দর দেখা যায়,data/videos/video/4826.mp4,গ্লাভস পড়লে আমাকে সুন্দর দেখা যায়
3256,গ্লাভস পড়লে আমাকে সুন্দর দেখা যায়,data/videos/video/3256.mp4,গ্লাভস পড়লে আমাকে সুন্দর দেখা যায়
2768,আমার ভাই ক্রিকেট খেলা পছন্দ করে,data/videos/video/2768.mp4,আমার ভাই ক্রিকেট খেলা পছন্দ করে
5390,ষষ্ঠ F,data/videos/video/5390.mp4,ষষ্ঠ F
3830,ষষ্ঠ F,data/videos/video/3830.mp4,ষষ্ঠ F
2339,আমার ইশারা ভাষা ভালো লাগে,data/videos/video/2339.mp4,আমার ইশারা ভাষা ভালো লাগে
858,আমরা সবাই চিনি খাবো না,data/videos/video/858.mp4,আমরা সবাই চিনি খাবো না
4706,আমরা সবাই চিনি খাবো না,data/videos/video/4706.mp4,আমরা সবাই চিনি খাবো না
1758,আমার বোন সকালে দেখা করবে না,data/videos/video/1758.mp4,আমার বোন সকালে দেখা করবে না
1593,আমার ছেলে শনিবার মাছ খায়,data/videos/video/1593.mp4,আমার ছেলে শনিবার মাছ খায়
3789,ঢাকা যাবো,data/videos/video/3789.mp4,ঢাকা যাবো
5374,ঢাকা যাবো,data/videos/video/5374.mp4,ঢাকা যাবো
1528,আগে বাবা খাবে পরে তুমি খাবা,data/videos/video/1528.mp4,আগে বাবা খাবে পরে তুমি খাবা
1868,আমার ভাই বুধবার মাংস খায়,data/videos/video/1868.mp4,আমার ভাই বুধবার মাংস খায়
3392,আমার ভাই বুধবার মাংস খায়,data/videos/video/3392.mp4,আমার ভাই বুধবার মাংস খায়
4834,আমার ভাই বুধবার মাংস খায়,data/videos/video/4834.mp4,আমার ভাই বুধবার মাংস খায়
4146,তোমার ডায়েরি সুন্দর,data/videos/video/4146.mp4,তোমার ডায়েরি সুন্দর
1324,তোমার ডায়েরি সুন্দর,data/videos/video/1324.mp4,তোমার ডায়েরি সুন্দর
2841,আমার মামা জাপান যাবে,data/videos/video/2841.mp4,আমার মামা জাপান যাবে
1679,আমার বাবা মুরগী দেখছে,data/videos/video/1679.mp4,আমার বাবা মুরগী দেখছে
1859,আমার ভাই ট্রেনে যাবে,data/videos/video/1859.mp4,আমার ভাই ট্রেনে যাবে
1829,আমার বড় ভাই রাতে দেখা করবে না,data/videos/video/1829.mp4,আমার বড় ভাই রাতে দেখা করবে না
885,আমার চাচা সুন্দর,data/videos/video/885.mp4,আমার চাচা সুন্দর
4602,আমার বোনের সব ভয় লাগে,data/videos/video/4602.mp4,আমার বোনের সব ভয় লাগে
65,আমার বোনের সব ভয় লাগে,data/videos/video/65.mp4,আমার বোনের সব ভয় লাগে
4301,আমি সেপ্টেম্বরে চিন যাবো,data/videos/video/4301.mp4,আমি সেপ্টেম্বরে চিন যাবো
305,আমি সেপ্টেম্বরে চিন যাবো,data/videos/video/305.mp4,আমি সেপ্টেম্বরে চিন যাবো
1152,আমি বিজ্ঞান ভাবি,data/videos/video/1152.mp4,আমি বিজ্ঞান ভাবি
3976,আমি বিজ্ঞান ভাবি,data/videos/video/3976.mp4,আমি বিজ্ঞান ভাবি
3199,আমি শুক্রবারে জাপান যাবো,data/videos/video/3199.mp4,আমি শুক্রবারে জাপান যাবো
2753,আমার বোন সৌদি আরব যাবে,data/videos/video/2753.mp4,আমার বোন সৌদি আরব যাবে
2092,আমি ট্রাক চালাই,data/videos/video/2092.mp4,আমি ট্রাক চালাই
1657,আমার বাবা তোমার সাথে রাতে দেখা করবে না,data/videos/video/1657.mp4,আমার বাবা তোমার সাথে রাতে দেখা করবে না
4781,বিরতির সময় দাও,data/videos/video/4781.mp4,বিরতির সময় দাও
3822,বিরতির সময় দাও,data/videos/video/3822.mp4,বিরতির সময় দাও
1798,আমার বড় বোন হাতি দেখেছে,data/videos/video/1798.mp4,আমার বড় বোন হাতি দেখেছে
3057,আমি বৃহস্পতিবার আফ্রিকা যাবো,data/videos/video/3057.mp4,আমি বৃহস্পতিবার আফ্রিকা যাবো
889,আমার চাচী ভালো আছে,data/videos/video/889.mp4,আমার চাচী ভালো আছে
4944,সকালের খাবার খাও,data/videos/video/4944.mp4,সকালের খাবার খাও
3654,সকালের খাবার খাও,data/videos/video/3654.mp4,সকালের খাবার খাও
1821,আমার বড় ভাই বিমানে যাবে,data/videos/video/1821.mp4,আমার বড় ভাই বিমানে যাবে
6,আমার ছাগল ভালো লাগে,data/videos/video/6.mp4,আমার ছাগল ভালো লাগে
4554,আমার ছাগল ভালো লাগে,data/videos/video/4554.mp4,আমার ছাগল ভালো লাগে
1688,আমার বাবা শনিবার মাংস খাবে,data/videos/video/1688.mp4,আমার বাবা শনিবার মাংস খাবে
2275,রাতে আমাকে কল দিও,data/videos/video/2275.mp4,রাতে আমাকে কল দিও
76,আমার ভাই মহাসাগর দেখতে যাব,data/videos/video/76.mp4,আমার ভাই মহাসাগর দেখতে যাব
4483,আমার ভাই মহাসাগর দেখতে যাব,data/videos/video/4483.mp4,আমার ভাই মহাসাগর দেখতে যাব
2748,আমার বোন রাশিয়া যাবে,data/videos/video/2748.mp4,আমার বোন রাশিয়া যাবে
5187,মার্চে গ্রীষ্মকাল থাকে,data/videos/video/5187.mp4,মার্চে গ্রীষ্মকাল থাকে
3366,মার্চে গ্রীষ্মকাল থাকে,data/videos/video/3366.mp4,মার্চে গ্রীষ্মকাল থাকে
1009,আমার মা সুন্দর,data/videos/video/1009.mp4,আমার মা সুন্দর
1916,আমার মা কচ্ছপ দেখছে,data/videos/video/1916.mp4,আমার মা কচ্ছপ দেখছে
2283,শুক্রবার আমি দুধ খাবো,data/videos/video/2283.mp4,শুক্রবার আমি দুধ খাবো
165,আমি অক্টোবরের চীন যাব,data/videos/video/165.mp4,আমি অক্টোবরের চীন যাব
4293,আমি অক্টোবরের চীন যাব,data/videos/video/4293.mp4,আমি অক্টোবরের চীন যাব
1481,সে কফি খাবে,data/videos/video/1481.mp4,সে কফি খাবে
5435,সে কফি খাবে,data/videos/video/5435.mp4,সে কফি খাবে
3037,আমি বুধবারে ইংল্যান্ড যাব,data/videos/video/3037.mp4,আমি বুধবারে ইংল্যান্ড যাব
3109,আমি মঙ্গলবারে সৌদি আরব,data/videos/video/3109.mp4,আমি মঙ্গলবারে সৌদি আরব
1281,তুমি বিভাগ চাও,data/videos/video/1281.mp4,তুমি বিভাগ চাও
4105,তুমি বিভাগ চাও,data/videos/video/4105.mp4,তুমি বিভাগ চাও
2865,আমার মামাতো বোন নেপাল যাবে,data/videos/video/2865.mp4,আমার মামাতো বোন নেপাল যাবে
3171,আমি শনিবারে ভারত যাব,data/videos/video/3171.mp4,আমি শনিবারে ভারত যাব
4492,আমার ভাই মহাদেশে ঘুরতে যাবে,data/videos/video/4492.mp4,আমার ভাই মহাদেশে ঘুরতে যাবে
75,আমার ভাই মহাদেশে ঘুরতে যাবে,data/videos/video/75.mp4,আমার ভাই মহাদেশে ঘুরতে যাবে
5032,আমার বাশা ঢাকায়,data/videos/video/5032.mp4,আমার বাশা ঢাকায়
3462,আমার বাশা ঢাকায়,data/videos/video/3462.mp4,আমার বাশা ঢাকায়
1231,তার স্বাস্থ্য ভালো আছে,data/videos/video/1231.mp4,তার স্বাস্থ্য ভালো আছে
4055,তার স্বাস্থ্য ভালো আছে,data/videos/video/4055.mp4,তার স্বাস্থ্য ভালো আছে
1665,আমার বাবা বিড়াল দেখেছে,data/videos/video/1665.mp4,আমার বাবা বিড়াল দেখেছে
1855,আমার ভাই ঘোড়া দেখেছে,data/videos/video/1855.mp4,আমার ভাই ঘোড়া দেখেছে
1549,আমার চাচা বৃহস্পতিবার দুধ খায়,data/videos/video/1549.mp4,আমার চাচা বৃহস্পতিবার দুধ খায়
3679,আজ বুধবার,data/videos/video/3679.mp4,আজ বুধবার
5382,আজ বুধবার,data/videos/video/5382.mp4,আজ বুধবার
1067,আমি এখন হাটিবো,data/videos/video/1067.mp4,আমি এখন হাটিবো
4937,আমি ঢাকা বিশ্ববিদ্দালয় থেকে পড়াশোনা শেষ করেছি,data/videos/video/4937.mp4,আমি ঢাকা বিশ্ববিদ্দালয় থেকে পড়াশোনা শেষ করেছি
3497,আমি ঢাকা বিশ্ববিদ্দালয় থেকে পড়াশোনা শেষ করেছি,data/videos/video/3497.mp4,আমি ঢাকা বিশ্ববিদ্দালয় থেকে পড়াশোনা শেষ করেছি
206,আমি জুন মাসে এশিয়া যাব,data/videos/video/206.mp4,আমি জুন মাসে এশিয়া যাব
4359,আমি জুন মাসে এশিয়া যাব,data/videos/video/4359.mp4,আমি জুন মাসে এশিয়া যাব
4612,আমার বাবার বাঘ ভয় করে,data/videos/video/4612.mp4,আমার বাবার বাঘ ভয় করে
32,আমার বাবার বাঘ ভয় করে,data/videos/video/32.mp4,আমার বাবার বাঘ ভয় করে
1167,আমি মাছ খাবো,data/videos/video/1167.mp4,আমি মাছ খাবো
3990,আমি মাছ খাবো,data/videos/video/3990.mp4,আমি মাছ খাবো
3337,তোমার মামা ভালো মানুষ,data/videos/video/3337.mp4,তোমার মামা ভালো মানুষ
5141,তোমার মামা ভালো মানুষ,data/videos/video/5141.mp4,তোমার মামা ভালো মানুষ
1327,তোমার পরীক্ষা কেমন হয়েছে,data/videos/video/1327.mp4,তোমার পরীক্ষা কেমন হয়েছে
4149,তোমার পরীক্ষা কেমন হয়েছে,data/videos/video/4149.mp4,তোমার পরীক্ষা কেমন হয়েছে
34,আমার বাবার ভূমিকম্প ভয় করে,data/videos/video/34.mp4,আমার বাবার ভূমিকম্প ভয় করে
4525,আমার বাবার ভূমিকম্প ভয় করে,data/videos/video/4525.mp4,আমার বাবার ভূমিকম্প ভয় করে
2251,মামা রবিবার ভাত খায়,data/videos/video/2251.mp4,মামা রবিবার ভাত খায়
1820,আমার বড় ভাই তেলাপোকা দেখেছে,data/videos/video/1820.mp4,আমার বড় ভাই তেলাপোকা দেখেছে
3019,আমি ফেব্রুয়ারিতে ভুটান দেবো,data/videos/video/3019.mp4,আমি ফেব্রুয়ারিতে ভুটান দেবো
2313,আগস্ট মাসে ঘুরতে যাব,data/videos/video/2313.mp4,আগস্ট মাসে ঘুরতে যাব
4861,বাংলা ইশারা ভাষা দিবস,data/videos/video/4861.mp4,বাংলা ইশারা ভাষা দিবস
3615,বাংলা ইশারা ভাষা দিবস,data/videos/video/3615.mp4,বাংলা ইশারা ভাষা দিবস
1765,আমার বোন সোমবার মাছ খায়,data/videos/video/1765.mp4,আমার বোন সোমবার মাছ খায়
303,আমি সেপ্টেম্বরে এশিয়া যাব,data/videos/video/303.mp4,আমি সেপ্টেম্বরে এশিয়া যাব
4358,আমি সেপ্টেম্বরে এশিয়া যাব,data/videos/video/4358.mp4,আমি সেপ্টেম্বরে এশিয়া যাব
4548,আমার বোনের ছাগল ভালো লাগে,data/videos/video/4548.mp4,আমার বোনের ছাগল ভালো লাগে
56,আমার বোনের ছাগল ভালো লাগে,data/videos/video/56.mp4,আমার বোনের ছাগল ভালো লাগে
3752,আমার মা বাহিরে যাবে,data/videos/video/3752.mp4,আমার মা বাহিরে যাবে
4728,আমার মা বাহিরে যাবে,data/videos/video/4728.mp4,আমার মা বাহিরে যাবে
4742,আমার বোন জাদুঘরে যাবে,data/videos/video/4742.mp4,আমার বোন জাদুঘরে যাবে
3728,আমার বোন জাদুঘরে যাবে,data/videos/video/3728.mp4,আমার বোন জাদুঘরে যাবে
1974,আমার মা ২ মাস পর আসবে,data/videos/video/1974.mp4,আমার মা ২ মাস পর আসবে
2688,আমার বাবা গোয়েন্দা,data/videos/video/2688.mp4,আমার বাবা গোয়েন্দা
2994,আমি ডিসেম্বরে ঘুরতে যাব,data/videos/video/2994.mp4,আমি ডিসেম্বরে ঘুরতে যাব
3273,টয়লেট কোন দিকে,data/videos/video/3273.mp4,টয়লেট কোন দিকে
5128,টয়লেট কোন দিকে,data/videos/video/5128.mp4,টয়লেট কোন দিকে
1907,আমার মা অনেক গুলো ঘোড়া দেখেছে,data/videos/video/1907.mp4,আমার মা অনেক গুলো ঘোড়া দেখেছে
4884,তুমি দেখতে খুব ফর্সা,data/videos/video/4884.mp4,তুমি দেখতে খুব ফর্সা
3579,তুমি দেখতে খুব ফর্সা,data/videos/video/3579.mp4,তুমি দেখতে খুব ফর্সা
3920,আপনার নাম কি,data/videos/video/3920.mp4,আপনার নাম কি
5092,আপনার নাম কি,data/videos/video/5092.mp4,আপনার নাম কি
821,আপনার নাম কি,data/videos/video/821.mp4,আপনার নাম কি
5036,আপনার নাম কি,data/videos/video/5036.mp4,আপনার নাম কি
2316,আপনার নাম কি,data/videos/video/2316.mp4,আপনার নাম কি
3690,আপনার নাম কি,data/videos/video/3690.mp4,আপনার নাম কি
5088,আপনার নাম কি,data/videos/video/5088.mp4,আপনার নাম কি
5318,আপনার নাম কি,data/videos/video/5318.mp4,আপনার নাম কি
3857,আপনার নাম কি,data/videos/video/3857.mp4,আপনার নাম কি
3432,আপনার নাম কি,data/videos/video/3432.mp4,আপনার নাম কি
4669,আপনার নাম কি,data/videos/video/4669.mp4,আপনার নাম কি
4796,আমার মা তেলাপোকা দেখে নাই,data/videos/video/4796.mp4,আমার মা তেলাপোকা দেখে নাই
3397,আমার মা তেলাপোকা দেখে নাই,data/videos/video/3397.mp4,আমার মা তেলাপোকা দেখে নাই
1929,আমার মা তেলাপোকা দেখে নাই,data/videos/video/1929.mp4,আমার মা তেলাপোকা দেখে নাই
5143,তোমার চাচা ভালো মানুষ,data/videos/video/5143.mp4,তোমার চাচা ভালো মানুষ
3301,তোমার চাচা ভালো মানুষ,data/videos/video/3301.mp4,তোমার চাচা ভালো মানুষ
2151,আমি হেটে হেটে যাবো যানবাহনে না,data/videos/video/2151.mp4,আমি হেটে হেটে যাবো যানবাহনে না
5459,আমি হেটে হেটে যাবো যানবাহনে না,data/videos/video/5459.mp4,আমি হেটে হেটে যাবো যানবাহনে না
3136,আমি রবিবারে ক্রিকেট খেলি,data/videos/video/3136.mp4,আমি রবিবারে ক্রিকেট খেলি
4114,তুমি মাদ্রাসায় যাবে,data/videos/video/4114.mp4,তুমি মাদ্রাসায় যাবে
1290,তুমি মাদ্রাসায় যাবে,data/videos/video/1290.mp4,তুমি মাদ্রাসায় যাবে
4868,আমার বাসা গ্রামে,data/videos/video/4868.mp4,আমার বাসা গ্রামে
3463,আমার বাসা গ্রামে,data/videos/video/3463.mp4,আমার বাসা গ্রামে
2962,আমি এপ্রিল মাসে বাড়িতে যাব,data/videos/video/2962.mp4,আমি এপ্রিল মাসে বাড়িতে যাব
4557,আমার বোনের কুকুর ভালো লাগে,data/videos/video/4557.mp4,আমার বোনের কুকুর ভালো লাগে
53,আমার বোনের কুকুর ভালো লাগে,data/videos/video/53.mp4,আমার বোনের কুকুর ভালো লাগে
882,আমার চাচা অনেক সুন্দর,data/videos/video/882.mp4,আমার চাচা অনেক সুন্দর
965,আমার বাসায় আসো,data/videos/video/965.mp4,আমার বাসায় আসো
4580,আমার ভাইয়ের হাস ভালো লাগে,data/videos/video/4580.mp4,আমার ভাইয়ের হাস ভালো লাগে
93,আমার ভাইয়ের হাস ভালো লাগে,data/videos/video/93.mp4,আমার ভাইয়ের হাস ভালো লাগে
4493,আমার বোন মহাসাগর দেখতে যাবে,data/videos/video/4493.mp4,আমার বোন মহাসাগর দেখতে যাবে
49,আমার বোন মহাসাগর দেখতে যাবে,data/videos/video/49.mp4,আমার বোন মহাসাগর দেখতে যাবে
1181,আমি সংসদ ভোবন দেখেছি,data/videos/video/1181.mp4,আমি সংসদ ভোবন দেখেছি
4006,আমি সংসদ ভোবন দেখেছি,data/videos/video/4006.mp4,আমি সংসদ ভোবন দেখেছি
3483,আমি আজকে রান্না করেছি মাছ ভাত সবজি মাংস ডাল,data/videos/video/3483.mp4,"আমি আজকে রান্না করেছি মাছ, ভাত, সবজি, মাংস, ডাল"
5272,আমি আজকে রান্না করেছি মাছ ভাত সবজি মাংস ডাল,data/videos/video/5272.mp4,"আমি আজকে রান্না করেছি মাছ, ভাত, সবজি, মাংস, ডাল"
4615,গেঞ্জি পড়লে তোমাকে সুন্দর দেখা যাবে,data/videos/video/4615.mp4,গেঞ্জি পড়লে তোমাকে সুন্দর দেখা যাবে
312,গেঞ্জি পড়লে তোমাকে সুন্দর দেখা যাবে,data/videos/video/312.mp4,গেঞ্জি পড়লে তোমাকে সুন্দর দেখা যাবে
3496,আমি টক খেতে পারি না,data/videos/video/3496.mp4,আমি টক খেতে পারি না
5011,আমি টক খেতে পারি না,data/videos/video/5011.mp4,আমি টক খেতে পারি না
4850,তুমার অনেক ভালো মন,data/videos/video/4850.mp4,তুমার অনেক ভালো মন
3563,তুমার অনেক ভালো মন,data/videos/video/3563.mp4,তুমার অনেক ভালো মন
4018,এখন গ্রীষ্মকাল,data/videos/video/4018.mp4,এখন গ্রীষ্মকাল
1195,এখন গ্রীষ্মকাল,data/videos/video/1195.mp4,এখন গ্রীষ্মকাল
1747,আমার বোন রবিবার ভাত খায়,data/videos/video/1747.mp4,আমার বোন রবিবার ভাত খায়
3406,আমি বাঘ দেখেছি,data/videos/video/3406.mp4,আমি বাঘ দেখেছি
4805,আমি বাঘ দেখেছি,data/videos/video/4805.mp4,আমি বাঘ দেখেছি
2108,আমি বাঘ দেখেছি,data/videos/video/2108.mp4,আমি বাঘ দেখেছি
2663,আমার ফুফু শ্রীলংকা যাবে,data/videos/video/2663.mp4,আমার ফুফু শ্রীলংকা যাবে
3482,আমি আজ রঙের ইশারা করবো,data/videos/video/3482.mp4,আমি আজ রঙের ইশারা করবো
4879,আমি আজ রঙের ইশারা করবো,data/videos/video/4879.mp4,আমি আজ রঙের ইশারা করবো
1440,মামী বুধবার ভাত খায়,data/videos/video/1440.mp4,মামী বুধবার ভাত খায়
4623,মামী বুধবার ভাত খায়,data/videos/video/4623.mp4,মামী বুধবার ভাত খায়
1083,আমি ক্ষুদা লাগছে অনেক ক্লান্ত,data/videos/video/1083.mp4,আমি ক্ষুদা লাগছে অনেক ক্লান্ত
2843,আমার মামা পাকিস্তান যাবে,data/videos/video/2843.mp4,আমার মামা পাকিস্তান যাবে
2949,আমি আগস্টে পাকিস্তান যাব,data/videos/video/2949.mp4,আমি আগস্টে পাকিস্তান যাব
2498,আমার চাচাতো বোন ভুটান যাবে,data/videos/video/2498.mp4,আমার চাচাতো বোন ভুটান যাবে
4371,আমি ডিসেম্বরের রাশিয়া যাবো,data/videos/video/4371.mp4,আমি ডিসেম্বরের রাশিয়া যাবো
238,আমি ডিসেম্বরের রাশিয়া যাবো,data/videos/video/238.mp4,আমি ডিসেম্বরের রাশিয়া যাবো
4808,বৃহস্পতিবারে ভুটান যাবো,data/videos/video/4808.mp4,বৃহস্পতিবারে ভুটান যাবো
3356,বৃহস্পতিবারে ভুটান যাবো,data/videos/video/3356.mp4,বৃহস্পতিবারে ভুটান যাবো
1523,আগে কাজ পরে কথা,data/videos/video/1523.mp4,আগে কাজ পরে কথা
1936,আমার মা বুধবাব দুধ খায়,data/videos/video/1936.mp4,আমার মা বুধবাব দুধ খায়
4631,ধন্যবাদ তোমাকে,data/videos/video/4631.mp4,ধন্যবাদ তোমাকে
1347,ধন্যবাদ তোমাকে,data/videos/video/1347.mp4,ধন্যবাদ তোমাকে
2388,আমার খালাতো বোন বাংলাদেশে যাবে,data/videos/video/2388.mp4,আমার খালাতো বোন বাংলাদেশে যাবে
2871,আমার মামাতো বোন ভুটান যাবে,data/videos/video/2871.mp4,আমার মামাতো বোন ভুটান যাবে
4948,শিঙাড়া রান্না করো,data/videos/video/4948.mp4,শিঙাড়া রান্না করো
3651,শিঙাড়া রান্না করো,data/videos/video/3651.mp4,শিঙাড়া রান্না করো
3045,আমি বুধবারে পাকিস্তান যাব,data/videos/video/3045.mp4,আমি বুধবারে পাকিস্তান যাব
1952,আমার মা যুদ্ধ বিমান দেখেছে,data/videos/video/1952.mp4,আমার মা যুদ্ধ বিমান দেখেছে
4692,আমরা চিনি খাবো না,data/videos/video/4692.mp4,আমরা চিনি খাবো না
844,আমরা চিনি খাবো না,data/videos/video/844.mp4,আমরা চিনি খাবো না
3995,আমি যাদুঘর দেখেছি,data/videos/video/3995.mp4,আমি যাদুঘর দেখেছি
1171,আমি যাদুঘর দেখেছি,data/videos/video/1171.mp4,আমি যাদুঘর দেখেছি
1426,মা ঔষুধ খাও,data/videos/video/1426.mp4,মা ঔষুধ খাও
4247,মা ঔষুধ খাও,data/videos/video/4247.mp4,মা ঔষুধ খাও
3221,আমি সোমবার আমেরিকা যাবো,data/videos/video/3221.mp4,আমি সোমবার আমেরিকা যাবো
1863,আমার ভাই বিমানে যাবে,data/videos/video/1863.mp4,আমার ভাই বিমানে যাবে
2483,আমার চাচাতো বোন অস্ট্রেলিয়া যাবে,data/videos/video/2483.mp4,আমার চাচাতো বোন অস্ট্রেলিয়া যাবে
960,আমার বাবু সুন্দর,data/videos/video/960.mp4,আমার বাবু সুন্দর
1213,ক্লাস ৫ এর শিক্ষার্থীরা স্যারকে অনেক পছন্দ করে,data/videos/video/1213.mp4,ক্লাস ৫ এর শিক্ষার্থীরা স্যারকে অনেক পছন্দ করে
4037,ক্লাস ৫ এর শিক্ষার্থীরা স্যারকে অনেক পছন্দ করে,data/videos/video/4037.mp4,ক্লাস ৫ এর শিক্ষার্থীরা স্যারকে অনেক পছন্দ করে
3209,আমি সংসদ ভবন এ যাবো,data/videos/video/3209.mp4,আমি সংসদ ভবন এ যাবো
2417,আমার খালার ফুলকপি খেতে ভালো লাগে,data/videos/video/2417.mp4,আমার খালার ফুলকপি খেতে ভালো লাগে
986,আমার বয়স ২২,data/videos/video/986.mp4,আমার বয়স ২২
1993,আমার মেয়ে শনিবার দুধ খায়,data/videos/video/1993.mp4,আমার মেয়ে শনিবার দুধ খায়
2891,আমার মামাতো ভাই মালদ্বীপ যাবে,data/videos/video/2891.mp4,আমার মামাতো ভাই মালদ্বীপ যাবে
4081,তুমি অংক ভালো পারো না,data/videos/video/4081.mp4,তুমি অংক ভালো পারো না
1238,তুমি অংক ভালো পারো না,data/videos/video/1238.mp4,তুমি অংক ভালো পারো না
1891,আমার ভাই শুক্রবার মাংস খায়,data/videos/video/1891.mp4,আমার ভাই শুক্রবার মাংস খায়
3687,আপনাকে ধন্যবাদ,data/videos/video/3687.mp4,আপনাকে ধন্যবাদ
5322,আপনাকে ধন্যবাদ,data/videos/video/5322.mp4,আপনাকে ধন্যবাদ
2137,আমি শনিবার ভাত খাবো,data/videos/video/2137.mp4,আমি শনিবার ভাত খাবো
1317,তোমার জন্মদিন ২২ ফেব্রুয়ারী,data/videos/video/1317.mp4,তোমার জন্মদিন ২২ ফেব্রুয়ারী
4139,তোমার জন্মদিন ২২ ফেব্রুয়ারী,data/videos/video/4139.mp4,তোমার জন্মদিন ২২ ফেব্রুয়ারী
2790,আমার ভাই শিক্ষার্থী,data/videos/video/2790.mp4,আমার ভাই শিক্ষার্থী
2613,আমার ফুফাতো বোন ভালো মানুষ,data/videos/video/2613.mp4,আমার ফুফাতো বোন ভালো মানুষ
4263,রঙ এর নাম গোলাপী,data/videos/video/4263.mp4,রঙ এর নাম গোলাপী
1450,রঙ এর নাম গোলাপী,data/videos/video/1450.mp4,রঙ এর নাম গোলাপী
5012,আমি সৌদি আরব যাব,data/videos/video/5012.mp4,আমি সৌদি আরব যাব
3245,আমি সৌদি আরব যাব,data/videos/video/3245.mp4,আমি সৌদি আরব যাব
3239,আমি সোমবারে মালদ্বীপ যাব,data/videos/video/3239.mp4,আমি সোমবারে মালদ্বীপ যাব
2630,আমার ফুফাতো ভাই বাংলাদেশে যাবে,data/videos/video/2630.mp4,আমার ফুফাতো ভাই বাংলাদেশে যাবে
2864,আমার মামাতো বোন নাই,data/videos/video/2864.mp4,আমার মামাতো বোন নাই
41,আমার বোন ক্ষেত এ যাবে,data/videos/video/41.mp4,আমার বোন ক্ষেত এ যাবে
4523,আমার বোন ক্ষেত এ যাবে,data/videos/video/4523.mp4,আমার বোন ক্ষেত এ যাবে
2190,তুমি বৃ্হস্পতিবার দুধ খাবো,data/videos/video/2190.mp4,তুমি বৃ্‌হস্পতিবার দুধ খাবো
1661,আমার বাবা পড়ে কথা বলবে,data/videos/video/1661.mp4,আমার বাবা পড়ে কথা বলবে
3123,আমি মে মাসে ভারত যাব,data/videos/video/3123.mp4,আমি মে মাসে ভারত যাব
2534,আমার চাচি কানাডা যাবে,data/videos/video/2534.mp4,আমার চাচি কানাডা যাবে
2981,আমি জানুয়ারিতে ভারত যাব,data/videos/video/2981.mp4,আমি জানুয়ারিতে ভারত যাব
1592,আমার ছেলে শনিবার মাংস খায়,data/videos/video/1592.mp4,আমার ছেলে শনিবার মাংস খায়
2231,পরে সময় নাই,data/videos/video/2231.mp4,পরে সময় নাই
933,আমার প্রিয় রঙ নীল,data/videos/video/933.mp4,আমার প্রিয় রঙ নীল
2223,পরশু আমার মা আমাকে দেখবে,data/videos/video/2223.mp4,পরশু আমার মা আমাকে দেখবে
5309,আজকে বুধবার আমার জন্মদিন,data/videos/video/5309.mp4,আজকে বুধবার আমার জন্মদিন
799,আজকে বুধবার আমার জন্মদিন,data/videos/video/799.mp4,আজকে বুধবার আমার জন্মদিন
4648,আজকে বুধবার আমার জন্মদিন,data/videos/video/4648.mp4,আজকে বুধবার আমার জন্মদিন
3381,আজকে বুধবার আমার জন্মদিন,data/videos/video/3381.mp4,আজকে বুধবার আমার জন্মদিন
2671,আমার বসন্তকাল ভালো লাগে,data/videos/video/2671.mp4,আমার বসন্তকাল ভালো লাগে
3833,সে আমার চাচা,data/videos/video/3833.mp4,সে আমার চাচা
5353,সে আমার চাচা,data/videos/video/5353.mp4,সে আমার চাচা
2320,আপনার মা একজন গৃহিণী,data/videos/video/2320.mp4,আপনার মা একজন গৃহিণী
4688,আমরা আলু খাবো,data/videos/video/4688.mp4,আমরা আলু খাবো
840,আমরা আলু খাবো,data/videos/video/840.mp4,আমরা আলু খাবো
1409,ভবিষ্যৎ তোমার ভালো কিছু হবে,data/videos/video/1409.mp4,ভবিষ্যৎ তোমার ভালো কিছু হবে
4230,ভবিষ্যৎ তোমার ভালো কিছু হবে,data/videos/video/4230.mp4,ভবিষ্যৎ তোমার ভালো কিছু হবে
1674,আমার বাবা বোট দেখেছে,data/videos/video/1674.mp4,আমার বাবা বোট দেখেছে
1960,আমার মা শনিবার মাছ খাবে,data/videos/video/1960.mp4,আমার মা শনিবার মাছ খাবে
3948,আমার আংকেল ভালো,data/videos/video/3948.mp4,আমার আংকেল ভালো
873,আমার আংকেল ভালো,data/videos/video/873.mp4,আমার আংকেল ভালো
2266,মামা সোমবার মাছ খায়,data/videos/video/2266.mp4,মামা সোমবার মাছ খায়
2260,মামা শুক্রবার মাংস খায়,data/videos/video/2260.mp4,মামা শুক্রবার মাংস খায়
2088,আমি জানি না ওটা কত কি মি দূরুত্ব,data/videos/video/2088.mp4,আমি জানি না ওটা কত কি.মি. দূরুত্ব
1101,আমি জানি না ওটা কত কি মি দূরুত্ব,data/videos/video/1101.mp4,আমি জানি না ওটা কত কি.মি. দূরুত্ব
4856,প্রতিদিন আমাকে ওষুধ খেতে হয়,data/videos/video/4856.mp4,প্রতিদিন আমাকে ওষুধ খেতে হয়
3605,প্রতিদিন আমাকে ওষুধ খেতে হয়,data/videos/video/3605.mp4,প্রতিদিন আমাকে ওষুধ খেতে হয়
2726,আমার বোন ইশারা ভাষা পছন্দ করে,data/videos/video/2726.mp4,আমার বোন ইশারা ভাষা পছন্দ করে
154,আমি অক্টোবর বিদেশ যাব,data/videos/video/154.mp4,আমি অক্টোবর বিদেশ যাব
4428,আমি অক্টোবর বিদেশ যাব,data/videos/video/4428.mp4,আমি অক্টোবর বিদেশ যাব
5195,সেপ্টেম্বরে শরৎকাল থেকে,data/videos/video/5195.mp4,সেপ্টেম্বরে শরৎকাল থেকে
3377,সেপ্টেম্বরে শরৎকাল থেকে,data/videos/video/3377.mp4,সেপ্টেম্বরে শরৎকাল থেকে
4274,শুভ জন্মদিন,data/videos/video/4274.mp4,শুভ জন্মদিন
1461,শুভ জন্মদিন,data/videos/video/1461.mp4,শুভ জন্মদিন
4505,আমার মা দ্বীপ দেখতে যাবে,data/videos/video/4505.mp4,আমার মা দ্বীপ দেখতে যাবে
100,আমার মা দ্বীপ দেখতে যাবে,data/videos/video/100.mp4,আমার মা দ্বীপ দেখতে যাবে
2803,আমার মা আমেরিকা যাবে,data/videos/video/2803.mp4,আমার মা আমেরিকা যাবে
1070,আমি কফি খাবো,data/videos/video/1070.mp4,আমি কফি খাবো
1644,আমার বাবা গতকাল ডাক্তার দেখেয়েছে,data/videos/video/1644.mp4,আমার বাবা গতকাল ডাক্তার দেখেয়েছে
2804,আমার মা ইউরোপ যাবে,data/videos/video/2804.mp4,আমার মা ইউরোপ যাবে
1334,তোমার ভবিষ্যত কি হবে,data/videos/video/1334.mp4,তোমার ভবিষ্যত কি হবে
4156,তোমার ভবিষ্যত কি হবে,data/videos/video/4156.mp4,তোমার ভবিষ্যত কি হবে
4459,আমার বোন দক্ষিণ দিকে যাবে,data/videos/video/4459.mp4,আমার বোন দক্ষিণ দিকে যাবে
43,আমার বোন দক্ষিণ দিকে যাবে,data/videos/video/43.mp4,আমার বোন দক্ষিণ দিকে যাবে
316,তুমি জমিতে যাবে,data/videos/video/316.mp4,তুমি জমিতে যাবে
4507,তুমি জমিতে যাবে,data/videos/video/4507.mp4,তুমি জমিতে যাবে
1785,আমার বড় বোন তেলাপোকা দেখে নাই,data/videos/video/1785.mp4,আমার বড় বোন তেলাপোকা দেখে নাই
1088,আমি খাবো,data/videos/video/1088.mp4,আমি খাবো
1626,আমার ছোট ভাই সাপ দেখে নাই,data/videos/video/1626.mp4,আমার ছোট ভাই সাপ দেখে নাই
1039,আমি অনেক ভালো,data/videos/video/1039.mp4,আমি অনেক ভালো
5188,জুন মাসে বাড়িতে যাব,data/videos/video/5188.mp4,জুন মাসে বাড়িতে যাব
3267,জুন মাসে বাড়িতে যাব,data/videos/video/3267.mp4,জুন মাসে বাড়িতে যাব
5277,আমার খুব বেশি মাথা বেথা,data/videos/video/5277.mp4,আমার খুব বেশি মাথা বেথা
3452,আমার খুব বেশি মাথা বেথা,data/videos/video/3452.mp4,আমার খুব বেশি মাথা বেথা
3689,আপনার কিছু দরকার আছে,data/videos/video/3689.mp4,আপনার কিছু দরকার আছে
5319,আপনার কিছু দরকার আছে,data/videos/video/5319.mp4,আপনার কিছু দরকার আছে
3124,আমি মে মাসে ভুটান যাব,data/videos/video/3124.mp4,আমি মে মাসে ভুটান যাব
3208,আমি শ্রীলংকা যাব,data/videos/video/3208.mp4,আমি শ্রীলংকা যাব
1982,আমার মেয়ে বৃহস্পতিবার মাংস খায়,data/videos/video/1982.mp4,আমার মেয়ে বৃহস্পতিবার মাংস খায়
818,আপনার কি কিছু প্রয়োজন,data/videos/video/818.mp4,আপনার কি কিছু প্রয়োজন
3856,আপনার কি কিছু প্রয়োজন,data/videos/video/3856.mp4,আপনার কি কিছু প্রয়োজন
5089,আপনার কি কিছু প্রয়োজন,data/videos/video/5089.mp4,আপনার কি কিছু প্রয়োজন
4666,আপনার কি কিছু প্রয়োজন,data/videos/video/4666.mp4,আপনার কি কিছু প্রয়োজন
2298,সময় নাই আগে খাও,data/videos/video/2298.mp4,সময় নাই আগে খাও
5147,কমলা অনেক সুন্দর,data/videos/video/5147.mp4,কমলা অনেক সুন্দর
3253,কমলা অনেক সুন্দর,data/videos/video/3253.mp4,কমলা অনেক সুন্দর
3320,তোমার ফুফি কোথায় কাজ করে,data/videos/video/3320.mp4,তোমার ফুফি কোথায় কাজ করে
5242,তোমার ফুফি কোথায় কাজ করে,data/videos/video/5242.mp4,তোমার ফুফি কোথায় কাজ করে
2085,আমি চিড়িয়াখানা যাবো,data/videos/video/2085.mp4,আমি চিড়িয়াখানা যাবো
5186,মে মাসে বাড়িতে যাব,data/videos/video/5186.mp4,মে মাসে বাড়িতে যাব
3371,মে মাসে বাড়িতে যাব,data/videos/video/3371.mp4,মে মাসে বাড়িতে যাব
4931,আমার সাবান পছন্দ,data/videos/video/4931.mp4,আমার সাবান পছন্দ
3477,আমার সাবান পছন্দ,data/videos/video/3477.mp4,আমার সাবান পছন্দ
1928,আমার মা ট্রেনে যাবে,data/videos/video/1928.mp4,আমার মা ট্রেনে যাবে
142,আমার মায়ের পাখি পছন্দ,data/videos/video/142.mp4,আমার মায়ের পাখি পছন্দ
4573,আমার মায়ের পাখি পছন্দ,data/videos/video/4573.mp4,আমার মায়ের পাখি পছন্দ
5093,আপনার পছন্দের রং কি,data/videos/video/5093.mp4,আপনার পছন্দের রং কি
3433,আপনার পছন্দের রং কি,data/videos/video/3433.mp4,আপনার পছন্দের রং কি
4195,বাবা চিঠি লিখে,data/videos/video/4195.mp4,বাবা চিঠি লিখে
1371,বাবা চিঠি লিখে,data/videos/video/1371.mp4,বাবা চিঠি লিখে
4930,আমি আজকে শ্যাম্পু দিয়ে গোসুল করেছি,data/videos/video/4930.mp4,আমি আজকে শ্যাম্পু দিয়ে গোসুল করেছি
3484,আমি আজকে শ্যাম্পু দিয়ে গোসুল করেছি,data/videos/video/3484.mp4,আমি আজকে শ্যাম্পু দিয়ে গোসুল করেছি
1754,আমার বোন শুক্রবার দুধ খায়,data/videos/video/1754.mp4,আমার বোন শুক্রবার দুধ খায়
5175,শনিবারে ঘুরতে যাব,data/videos/video/5175.mp4,শনিবারে ঘুরতে যাব
3372,শনিবারে ঘুরতে যাব,data/videos/video/3372.mp4,শনিবারে ঘুরতে যাব
235,আমি ডিসেম্বরে জাপান যাবো,data/videos/video/235.mp4,আমি ডিসেম্বরে জাপান যাবো
4315,আমি ডিসেম্বরে জাপান যাবো,data/videos/video/4315.mp4,আমি ডিসেম্বরে জাপান যাবো
2698,আমার বাবা বাড়ি করবে,data/videos/video/2698.mp4,আমার বাবা বাড়ি করবে
3228,আমি সোমবারে ক্রিকেট খেলি,data/videos/video/3228.mp4,আমি সোমবারে ক্রিকেট খেলি
5455,আমি ভুলে যাওয়া রোগে আক্রান্ত,data/videos/video/5455.mp4,আমি ভুলে যাওয়া রোগে আক্রান্ত
2123,আমি ভুলে যাওয়া রোগে আক্রান্ত,data/videos/video/2123.mp4,আমি ভুলে যাওয়া রোগে আক্রান্ত
3066,আমি বৃহস্পতিবার বিদেশ যাবো,data/videos/video/3066.mp4,আমি বৃহস্পতিবার বিদেশ যাবো
1028,আমার স্বাস্থ্য ভালো আছে,data/videos/video/1028.mp4,আমার স্বাস্থ্য ভালো আছে
2923,আমার মায়ের রান্না খেতে মজা,data/videos/video/2923.mp4,আমার মায়ের রান্না খেতে মজা
72,আমার ভাই পশ্চিম দিকে যাবে,data/videos/video/72.mp4,আমার ভাই পশ্চিম দিকে যাবে
4467,আমার ভাই পশ্চিম দিকে যাবে,data/videos/video/4467.mp4,আমার ভাই পশ্চিম দিকে যাবে
1965,আমার মা সাপ দেখেনি,data/videos/video/1965.mp4,আমার মা সাপ দেখেনি
5040,অমি আপনাক ভলোবশি,data/videos/video/5040.mp4,অমি আপনাক ভলোবশি
3907,অমি আপনাক ভলোবশি,data/videos/video/3907.mp4,অমি আপনাক ভলোবশি
2985,আমি জুন মাসে নেপাল যাবো,data/videos/video/2985.mp4,আমি জুন মাসে নেপাল যাবো
4593,আমার মামার হাস ভালো লাগে,data/videos/video/4593.mp4,আমার মামার হাস ভালো লাগে
135,আমার মামার হাস ভালো লাগে,data/videos/video/135.mp4,আমার মামার হাস ভালো লাগে
1174,আমি রেস্টুরেন্টে খাবো,data/videos/video/1174.mp4,আমি রেস্টুরেন্টে খাবো
3998,আমি রেস্টুরেন্টে খাবো,data/videos/video/3998.mp4,আমি রেস্টুরেন্টে খাবো
1538,আজকে না আগামীকাল দেখবো,data/videos/video/1538.mp4,আজকে না আগামীকাল দেখবো
4180,বড় ভাই বিভাগ চাই,data/videos/video/4180.mp4,বড় ভাই বিভাগ চাই
1403,বড় ভাই বিভাগ চাই,data/videos/video/1403.mp4,বড় ভাই বিভাগ চাই
145,আমার মায়ের মানচিত্র দেখতে ভালো লাগে,data/videos/video/145.mp4,আমার মায়ের মানচিত্র দেখতে ভালো লাগে
4466,আমার মায়ের মানচিত্র দেখতে ভালো লাগে,data/videos/video/4466.mp4,আমার মায়ের মানচিত্র দেখতে ভালো লাগে
2938,আমার হেমন্ত কাল অনেক বেশি ভালো লাগে,data/videos/video/2938.mp4,আমার হেমন্ত কাল অনেক বেশি ভালো লাগে
4720,আমার বাবা একজন চাকরিজীবি,data/videos/video/4720.mp4,আমার বাবা একজন চাকরিজীবি
3714,আমার বাবা একজন চাকরিজীবি,data/videos/video/3714.mp4,আমার বাবা একজন চাকরিজীবি
2361,আমার খালা জাপান যাবে,data/videos/video/2361.mp4,আমার খালা জাপান যাবে
2046,আমার স্বামী রবিবার মাছ খায়,data/videos/video/2046.mp4,আমার স্বামী রবিবার মাছ খায়
2082,আমি চিংড়ি মাছ খাবো,data/videos/video/2082.mp4,আমি চিংড়ি মাছ খাবো
2122,আমি বোট দেখেছি,data/videos/video/2122.mp4,আমি বোট দেখেছি
1917,আমার মা কচ্ছপ দেখে নাই,data/videos/video/1917.mp4,আমার মা কচ্ছপ দেখে নাই
2015,আমার স্ত্রী মংগলবার মাংস খায়,data/videos/video/2015.mp4,আমার স্ত্রী মংগলবার মাংস খায়
2042,আমার স্বামী মংগলবার মাছ খায়,data/videos/video/2042.mp4,আমার স্বামী মংগলবার মাছ খায়
2369,আমার খালা ভালো মানুষ,data/videos/video/2369.mp4,আমার খালা ভালো মানুষ
3718,আমার বাবা জাদুঘরে যাবে,data/videos/video/3718.mp4,আমার বাবা জাদুঘরে যাবে
4740,আমার বাবা জাদুঘরে যাবে,data/videos/video/4740.mp4,আমার বাবা জাদুঘরে যাবে
934,আমার প্রিয় রঙ লাল,data/videos/video/934.mp4,আমার প্রিয় রঙ লাল
2906,আমার মামি পেয়ারা খেতে পছন্দ করে,data/videos/video/2906.mp4,আমার মামি পেয়ারা খেতে পছন্দ করে
1691,আমার বাবা শুক্রবার ভার খাবে,data/videos/video/1691.mp4,আমার বাবা শুক্রবার ভার খাবে
928,আমার প্রশ্ন ১ টি,data/videos/video/928.mp4,আমার প্রশ্ন ১ টি
5251,লেবুর শরবত খাওয়া,data/videos/video/5251.mp4,লেবুর শরবত খাওয়া
3650,লেবুর শরবত খাওয়া,data/videos/video/3650.mp4,লেবুর শরবত খাওয়া
2435,আমার খালু বাংলাদেশে যাবে,data/videos/video/2435.mp4,আমার খালু বাংলাদেশে যাবে
3071,আমি বৃহস্পতিবারে চিন যাবো,data/videos/video/3071.mp4,আমি বৃহস্পতিবারে চিন যাবো
85,আমার ভাইয়ের পাখি পছন্দ,data/videos/video/85.mp4,আমার ভাইয়ের পাখি পছন্দ
4576,আমার ভাইয়ের পাখি পছন্দ,data/videos/video/4576.mp4,আমার ভাইয়ের পাখি পছন্দ
1927,আমার মা টিয়া পাখি দেখেছে,data/videos/video/1927.mp4,আমার মা টিয়া পাখি দেখেছে
2750,আমার বোন লিচু খেতে পছন্দ করে,data/videos/video/2750.mp4,আমার বোন লিচু খেতে পছন্দ করে
1699,আমার বাবা সোমবার মাছ খাবে,data/videos/video/1699.mp4,আমার বাবা সোমবার মাছ খাবে
989,আমার ভাই অলস,data/videos/video/989.mp4,আমার ভাই অলস
2423,আমার খালু ইংল্যান্ডে যাবে,data/videos/video/2423.mp4,আমার খালু ইংল্যান্ডে যাবে
4398,আমি আমেরিকা যাবো জানুয়ারিতে,data/videos/video/4398.mp4,আমি আমেরিকা যাবো জানুয়ারিতে
177,আমি আমেরিকা যাবো জানুয়ারিতে,data/videos/video/177.mp4,আমি আমেরিকা যাবো জানুয়ারিতে
50,আমার বোন সমুদ্র দেখতে যাবে,data/videos/video/50.mp4,আমার বোন সমুদ্র দেখতে যাবে
4503,আমার বোন সমুদ্র দেখতে যাবে,data/videos/video/4503.mp4,আমার বোন সমুদ্র দেখতে যাবে
4589,আমার বাবার দোয়েল পছন্দ,data/videos/video/4589.mp4,আমার বাবার দোয়েল পছন্দ
28,আমার বাবার দোয়েল পছন্দ,data/videos/video/28.mp4,আমার বাবার দোয়েল পছন্দ
3538,কোন সময় বাসায় আসবে,data/videos/video/3538.mp4,কোন সময় বাসায় আসবে
4989,কোন সময় বাসায় আসবে,data/videos/video/4989.mp4,কোন সময় বাসায় আসবে
2093,আমি ট্রাক দেখেছি,data/videos/video/2093.mp4,আমি ট্রাক দেখেছি
1146,আমি বাক্য লিখি,data/videos/video/1146.mp4,আমি বাক্য লিখি
3969,আমি বাক্য লিখি,data/videos/video/3969.mp4,আমি বাক্য লিখি
1767,আমার বোন হাতি দেখেছে,data/videos/video/1767.mp4,আমার বোন হাতি দেখেছে
1220,চলুন শুরু করি,data/videos/video/1220.mp4,চলুন শুরু করি
4043,চলুন শুরু করি,data/videos/video/4043.mp4,চলুন শুরু করি
3470,আমার বেশি কমলা খেতে পসন্দ,data/videos/video/3470.mp4,আমার বেশি কমলা খেতে পসন্দ
4886,আমার বেশি কমলা খেতে পসন্দ,data/videos/video/4886.mp4,আমার বেশি কমলা খেতে পসন্দ
1725,আমার বোন টিয়া পাখি দেখেছে,data/videos/video/1725.mp4,আমার বোন টিয়া পাখি দেখেছে
2961,আমি এপ্রিল মাসে ঘুরতে যাব,data/videos/video/2961.mp4,আমি এপ্রিল মাসে ঘুরতে যাব
2984,আমি জাপান যাবো,data/videos/video/2984.mp4,আমি জাপান যাবো
2595,আমার ফুফা ভুটান যাবে,data/videos/video/2595.mp4,আমার ফুফা ভুটান  যাবে
1060,আমি একজন প্রতিবন্ধী,data/videos/video/1060.mp4,আমি একজন প্রতিবন্ধী
4265,রঙ এর নাম সবুজ,data/videos/video/4265.mp4,রঙ এর নাম সবুজ
1452,রঙ এর নাম সবুজ,data/videos/video/1452.mp4,রঙ এর নাম সবুজ
2059,আমি অনেক গুলো ঘোড়া দেখি নাই,data/videos/video/2059.mp4,আমি অনেক গুলো ঘোড়া দেখি নাই
4323,আমি নভেম্বরে সৌদিআরব যাব,data/videos/video/4323.mp4,আমি নভেম্বরে সৌদিআরব যাব
254,আমি নভেম্বরে সৌদিআরব যাব,data/videos/video/254.mp4,আমি নভেম্বরে সৌদিআরব যাব
2158,আমী ছাগল দেখেছি,data/videos/video/2158.mp4,আমী ছাগল দেখেছি
2066,আমি ইলিশ মাছ খাবো না,data/videos/video/2066.mp4,আমি ইলিশ মাছ খাবো না
4723,আমার ভাই হাসপাতালে যাবে,data/videos/video/4723.mp4,আমার ভাই হাসপাতালে যাবে
3743,আমার ভাই হাসপাতালে যাবে,data/videos/video/3743.mp4,আমার ভাই হাসপাতালে যাবে
4413,আমি সেপ্টেম্বরে অস্ট্রেলিয়া যাব,data/videos/video/4413.mp4,আমি সেপ্টেম্বরে অস্ট্রেলিয়া যাব
300,আমি সেপ্টেম্বরে অস্ট্রেলিয়া যাব,data/videos/video/300.mp4,আমি সেপ্টেম্বরে অস্ট্রেলিয়া যাব
4373,আমি মার্চ মাসেই ইউরোপ যাব,data/videos/video/4373.mp4,আমি মার্চ মাসেই ইউরোপ যাব
282,আমি মার্চ মাসেই ইউরোপ যাব,data/videos/video/282.mp4,আমি মার্চ মাসেই ইউরোপ যাব
4177,বড় বোন লিখতে জানে,data/videos/video/4177.mp4,বড় বোন লিখতে জানে
1400,বড় বোন লিখতে জানে,data/videos/video/1400.mp4,বড় বোন লিখতে জানে
1095,আমি ঘুমাবো,data/videos/video/1095.mp4,আমি ঘুমাবো
1618,আমার ছোট ভাই খরগোশ দেখে নাই,data/videos/video/1618.mp4,আমার ছোট ভাই খরগোশ দেখে নাই
1075,আমি কাঠাল খাবো,data/videos/video/1075.mp4,আমি কাঠাল খাবো
892,আমার ছেলে আছে,data/videos/video/892.mp4,আমার ছেলে আছে
970,আমার বোন অলস,data/videos/video/970.mp4,আমার বোন অলস
4286,আমি মার্চ মাসে চিন যাবো,data/videos/video/4286.mp4,আমি মার্চ মাসে চিন যাবো
278,আমি মার্চ মাসে চিন যাবো,data/videos/video/278.mp4,আমি মার্চ মাসে চিন যাবো
4181,বড় ভাই বিরতি নিছে,data/videos/video/4181.mp4,বড় ভাই বিরতি নিছে
1404,বড় ভাই বিরতি নিছে,data/videos/video/1404.mp4,বড় ভাই বিরতি নিছে
1094,আমি ঘুম থেকে উঠবো,data/videos/video/1094.mp4,আমি ঘুম থেকে উঠবো
3964,আমি বই পড়বো,data/videos/video/3964.mp4,আমি বই পড়বো
1140,আমি বই পড়বো,data/videos/video/1140.mp4,আমি বই পড়বো
2662,আমার ফুফু লিচু খেতে পছন্দ করে,data/videos/video/2662.mp4,আমার ফুফু লিচু খেতে পছন্দ করে
1660,আমার বাবা পাখি দেখেছে,data/videos/video/1660.mp4,আমার বাবা পাখি দেখেছে
2944,আমি অক্টোবরে ভুটান যাব,data/videos/video/2944.mp4,আমি অক্টোবরে ভুটান যাব
2502,আমার চাচাতো বোনের রান্না খেতে মজা,data/videos/video/2502.mp4,আমার চাচাতো বোনের রান্না খেতে মজা
5077,অমি আজকে মাশ খিয়েচি,data/videos/video/5077.mp4,অমি আজকে মাশ খিয়েচি
3905,অমি আজকে মাশ খিয়েচি,data/videos/video/3905.mp4,অমি আজকে মাশ খিয়েচি
5132,তুমি আমার ভাই,data/videos/video/5132.mp4,তুমি আমার ভাই
3281,তুমি আমার ভাই,data/videos/video/3281.mp4,তুমি আমার ভাই
920,আমার পরিবার সুন্দর,data/videos/video/920.mp4,আমার পরিবার সুন্দর
4844,আমার বাসা ভাড়া ৩০০০০,data/videos/video/4844.mp4,আমার বাসা ভাড়া ৩০০০০
3464,আমার বাসা ভাড়া ৩০০০০,data/videos/video/3464.mp4,আমার বাসা ভাড়া ৩০০০০
2004,আমার মেয়ে সোমবার মাছ খায়,data/videos/video/2004.mp4,আমার মেয়ে সোমবার মাছ খায়
2097,আমি তোমাকে অনেক ভাবি,data/videos/video/2097.mp4,আমি তোমাকে অনেক ভাবি
2910,আমার মামি ভালো মানুষ,data/videos/video/2910.mp4,আমার মামি ভালো মানুষ
1831,আমার বড় ভাই সকালে দেখা করবে,data/videos/video/1831.mp4,আমার বড় ভাই সকালে দেখা করবে
2135,আমি রিকশা চালাতে পারি,data/videos/video/2135.mp4,আমি রিকশা চালাতে পারি
2165,গতকাল আমার বড় বোন ডাক্তার দেখিয়েছে,data/videos/video/2165.mp4,গতকাল আমার বড় বোন ডাক্তার দেখিয়েছে
2040,আমার স্বামী মংগলবার ভাত খায়,data/videos/video/2040.mp4,আমার স্বামী মংগলবার ভাত খায়
1071,আমি কলা খাবো,data/videos/video/1071.mp4,আমি কলা খাবো
2404,আমার খালাতো ভাই গোয়েন্দা,data/videos/video/2404.mp4,আমার খালাতো ভাই গোয়েন্দা
2154,আমি ১ মাস পরে ডাক্তার দেখাবো,data/videos/video/2154.mp4,আমি ১ মাস পরে ডাক্তার দেখাবো
2241,মামা বুধবার মাছ খায়,data/videos/video/2241.mp4,মামা বুধবার মাছ খায়
2296,সময় খারাপ আজকে পরের দিন ভালো হবে,data/videos/video/2296.mp4,সময় খারাপ আজকে পরের দিন ভালো হবে
4709,আমরা সবাই ডিম খাবো,data/videos/video/4709.mp4,আমরা সবাই ডিম খাবো
861,আমরা সবাই ডিম খাবো,data/videos/video/861.mp4,আমরা সবাই ডিম খাবো
3850,আজকের দিনটা সুন্দর,data/videos/video/3850.mp4,আজকের দিনটা সুন্দর
5019,আজকের দিনটা সুন্দর,data/videos/video/5019.mp4,আজকের দিনটা সুন্দর
3852,আজকের দিনটা সুন্দর,data/videos/video/3852.mp4,আজকের দিনটা সুন্দর
5119,আজকের দিনটা সুন্দর,data/videos/video/5119.mp4,আজকের দিনটা সুন্দর
3851,আজকের দিনটা সুন্দর,data/videos/video/3851.mp4,আজকের দিনটা সুন্দর.
5020,আজকের দিনটা সুন্দর,data/videos/video/5020.mp4,আজকের দিনটা সুন্দর.
919,আমার পরিবার ভাল,data/videos/video/919.mp4,আমার পরিবার ভাল
2670,আমার বর্ষাকাল অনেক ভালো লাগে,data/videos/video/2670.mp4,আমার বর্ষাকাল অনেক ভালো লাগে
3637,মশা থেকে সাবধান,data/videos/video/3637.mp4,মশা থেকে সাবধান
4962,মশা থেকে সাবধান,data/videos/video/4962.mp4,মশা থেকে সাবধান
1887,আমার ভাই শনিবার মাংস খায়,data/videos/video/1887.mp4,আমার ভাই শনিবার মাংস খায়
1273,তুমি প্যাগোডায় যাবে,data/videos/video/1273.mp4,তুমি প্যাগোডায় যাবে
4098,তুমি প্যাগোডায় যাবে,data/videos/video/4098.mp4,তুমি প্যাগোডায় যাবে
959,আমার বাবা হসপিটালে গেছে,data/videos/video/959.mp4,আমার বাবা হসপিটালে গেছে
4199,বাবা বিভাগ চায়,data/videos/video/4199.mp4,বাবা বিভাগ চায়
1375,বাবা বিভাগ চায়,data/videos/video/1375.mp4,বাবা বিভাগ চায়
3751,আমার মা জাদুঘরে যাবে,data/videos/video/3751.mp4,আমার মা জাদুঘরে যাবে
4741,আমার মা জাদুঘরে যাবে,data/videos/video/4741.mp4,আমার মা জাদুঘরে যাবে
2250,মামা রবিবার দুধ খায়,data/videos/video/2250.mp4,মামা রবিবার দুধ খায়
3545,গরমে আরাম হবে,data/videos/video/3545.mp4,গরমে আরাম হবে
5247,গরমে আরাম হবে,data/videos/video/5247.mp4,গরমে আরাম হবে
1257,তুমি কুলি দেখেছো,data/videos/video/1257.mp4,তুমি কুলি দেখেছো
4079,তুমি কুলি দেখেছো,data/videos/video/4079.mp4,তুমি কুলি দেখেছো
265,আমি ফেব্রুয়ারিতে জাপান যাবো,data/videos/video/265.mp4,আমি ফেব্রুয়ারিতে জাপান যাবো
4300,আমি ফেব্রুয়ারিতে জাপান যাবো,data/videos/video/4300.mp4,আমি ফেব্রুয়ারিতে জাপান যাবো
987,আমার ভাই অনেক খুশি,data/videos/video/987.mp4,আমার ভাই অনেক খুশি
3703,আমার গ্রামের বাড়ি রংপুর,data/videos/video/3703.mp4,আমার গ্রামের বাড়ি রংপুর
5342,আমার গ্রামের বাড়ি রংপুর,data/videos/video/5342.mp4,আমার গ্রামের বাড়ি রংপুর
5228,আমার গ্রামের বাড়ি রংপুর,data/videos/video/5228.mp4,আমার গ্রামের বাড়ি রংপুর
3870,আমার গ্রামের বাড়ি রংপুর,data/videos/video/3870.mp4,আমার গ্রামের বাড়ি রংপুর
880,আমার গ্রামের বাড়ি রংপুর,data/videos/video/880.mp4,আমার গ্রামের বাড়ি রংপুর
5023,আমার গ্রামের বাড়ি রংপুর,data/videos/video/5023.mp4,আমার গ্রামের বাড়ি রংপুর.
3869,আমার গ্রামের বাড়ি রংপুর,data/videos/video/3869.mp4,আমার গ্রামের বাড়ি রংপুর.
1248,তুমি এখন মন্দিরে যাবে,data/videos/video/1248.mp4,তুমি এখন মন্দিরে যাবে
4070,তুমি এখন মন্দিরে যাবে,data/videos/video/4070.mp4,তুমি এখন মন্দিরে যাবে
2638,আমার ফুফু অস্ট্রেলিয়া যাবে,data/videos/video/2638.mp4,আমার ফুফু অস্ট্রেলিয়া যাবে
4412,আমি জানুয়ারিতে বিদেশ যাবো,data/videos/video/4412.mp4,আমি জানুয়ারিতে বিদেশ যাবো
199,আমি জানুয়ারিতে বিদেশ যাবো,data/videos/video/199.mp4,আমি জানুয়ারিতে বিদেশ যাবো
4940,আমি প্রতিদিন ইশারা ভাষা কয়েক মানুষদের কে শিক্ষায়,data/videos/video/4940.mp4,আমি প্রতিদিন ইশারা ভাষা কয়েক মানুষদের কে শিক্ষায়
3506,আমি প্রতিদিন ইশারা ভাষা কয়েক মানুষদের কে শিক্ষায়,data/videos/video/3506.mp4,আমি প্রতিদিন ইশারা ভাষা কয়েক মানুষদের কে শিক্ষায়
1379,বাবা,data/videos/video/1379.mp4,বাবা
4203,বাবা,data/videos/video/4203.mp4,বাবা
2184,তুমি বাসে যাও,data/videos/video/2184.mp4,তুমি বাসে যাও
2067,আমি ইলিশ মাছ খাবো,data/videos/video/2067.mp4,আমি ইলিশ মাছ খাবো
5194,তোমার ভাইয়ের নাম কি,data/videos/video/5194.mp4,তোমার ভাইয়ের নাম কি
3331,তোমার ভাইয়ের নাম কি,data/videos/video/3331.mp4,তোমার ভাইয়ের নাম কি
2079,আমি ঘোড়া দেখি নাই,data/videos/video/2079.mp4,আমি ঘোড়া দেখি নাই
4607,আমার ভাইয়ের সাপ ভয় লাগে,data/videos/video/4607.mp4,আমার ভাইয়ের সাপ ভয় লাগে
92,আমার ভাইয়ের সাপ ভয় লাগে,data/videos/video/92.mp4,আমার ভাইয়ের সাপ ভয় লাগে
3279,তুমি অফিসে যাও,data/videos/video/3279.mp4,তুমি অফিসে যাও
5154,তুমি অফিসে যাও,data/videos/video/5154.mp4,তুমি অফিসে যাও
2236,মামা আমি প্লেনে যাবো,data/videos/video/2236.mp4,মামা আমি প্লেনে যাবো
3164,আমি শনিবারে কানাডা যাব,data/videos/video/3164.mp4,আমি শনিবারে কানাডা যাব
3321,তোমার ফুফু ভালো মানুষ,data/videos/video/3321.mp4,তোমার ফুফু ভালো মানুষ
5142,তোমার ফুফু ভালো মানুষ,data/videos/video/5142.mp4,তোমার ফুফু ভালো মানুষ
5396,তোমার প্রিয় রং কি,data/videos/video/5396.mp4,তোমার প্রিয় রং কি
3804,তোমার প্রিয় রং কি,data/videos/video/3804.mp4,তোমার প্রিয় রং কি
2762,আমার ভাই ইউরোপ যাবে,data/videos/video/2762.mp4,আমার ভাই ইউরোপ যাবে
1874,আমার ভাই বোট দেখেছে,data/videos/video/1874.mp4,আমার ভাই বোট দেখেছে
2311,অক্টোবর মাসে শরৎকাল থাকে,data/videos/video/2311.mp4,অক্টোবর মাসে শরৎকাল থাকে
3086,আমি মঙ্গলবার আফ্রিকা যাব,data/videos/video/3086.mp4,আমি মঙ্গলবার আফ্রিকা যাব
2009,আমার স্ত্রী বৃহস্পতিবার ভাত খায়,data/videos/video/2009.mp4,আমার স্ত্রী বৃহস্পতিবার ভাত খায়
1864,আমার ভাই বিড়াল দেখে নি,data/videos/video/1864.mp4,আমার ভাই বিড়াল দেখে নি
3133,আমি রবিবার স্কুল এ যাই,data/videos/video/3133.mp4,আমি রবিবার স্কুল এ যাই
5333,এখন কয়টা বাজে,data/videos/video/5333.mp4,এখন কয়টা বাজে
3774,এখন কয়টা বাজে,data/videos/video/3774.mp4,এখন কয়টা বাজে
2655,আমার ফুফু বাংলাদেশে যাবে,data/videos/video/2655.mp4,আমার ফুফু বাংলাদেশে যাবে
2188,তুমি বুধবার মাংস খাবে,data/videos/video/2188.mp4,তুমি বুধবার মাংস খাবে
1367,বাংলাদেশের বিখ্যাত মহিলা কবি,data/videos/video/1367.mp4,বাংলাদেশের বিখ্যাত মহিলা কবি
4209,বাংলাদেশের বিখ্যাত মহিলা কবি,data/videos/video/4209.mp4,বাংলাদেশের বিখ্যাত মহিলা কবি
4993,তুমি কোনটা খাবে,data/videos/video/4993.mp4,তুমি কোনটা খাবে
3577,তুমি কোনটা খাবে,data/videos/video/3577.mp4,তুমি কোনটা খাবে
1031,আমি অংক বই পড়ি,data/videos/video/1031.mp4,আমি অংক বই পড়ি
1823,আমার বড় ভাই বিড়াল অনেকগুলো দেখেছে,data/videos/video/1823.mp4,আমার বড় ভাই বিড়াল অনেকগুলো দেখেছে
1596,আমার ছেলে শুক্রবার মাংস খায়,data/videos/video/1596.mp4,আমার ছেলে শুক্রবার মাংস খায়
3110,আমি মসজিদ এ যাবো,data/videos/video/3110.mp4,আমি মসজিদ এ যাবো
2771,আমার ভাই জাপান যাবে,data/videos/video/2771.mp4,আমার ভাই জাপান যাবে
3476,আমার শোনার বাংলা,data/videos/video/3476.mp4,আমার শোনার বাংলা
5259,আমার শোনার বাংলা,data/videos/video/5259.mp4,আমার শোনার বাংলা
2801,আমার মা আফ্রিকা যাবে,data/videos/video/2801.mp4,আমার মা আফ্রিকা যাবে
2018,আমার স্ত্রী রবিবার মাংস খায়,data/videos/video/2018.mp4,আমার স্ত্রী রবিবার মাংস খায়...
1329,তোমার প্রফেশন প্রকৌশলী,data/videos/video/1329.mp4,তোমার প্রফেশন প্রকৌশলী
4151,তোমার প্রফেশন প্রকৌশলী,data/videos/video/4151.mp4,তোমার প্রফেশন প্রকৌশলী
4737,আমার ভাই রেস্টুরেন্টে যাবে,data/videos/video/4737.mp4,আমার ভাই রেস্টুরেন্টে যাবে
3742,আমার ভাই রেস্টুরেন্টে যাবে,data/videos/video/3742.mp4,আমার ভাই রেস্টুরেন্টে যাবে
3957,আমি পরীক্ষায় পাশ করছি,data/videos/video/3957.mp4,আমি পরীক্ষায় পাশ করছি
1129,আমি পরীক্ষায় পাশ করছি,data/videos/video/1129.mp4,আমি পরীক্ষায় পাশ করছি
2780,আমার ভাই বাংলাদেশে যাবে,data/videos/video/2780.mp4,আমার ভাই বাংলাদেশে যাবে
1585,আমার ছেলে মংগলবার মাছ খায়,data/videos/video/1585.mp4,আমার ছেলে মংগলবার মাছ খায়
5161,তোমার স্যার কেমন,data/videos/video/5161.mp4,তোমার স্যার কেমন
3348,তোমার স্যার কেমন,data/videos/video/3348.mp4,তোমার স্যার কেমন
1895,আমার ভাই সাপ দেখে নি,data/videos/video/1895.mp4,আমার ভাই সাপ দেখে নি
4030,করোনাভাইরাসেডাক্তারনার্সপুলিশ সাংবাদিকঅনেকঝুকিনিয়ে,data/videos/video/4030.mp4,করোনাভাইরাসেডাক্তারনার্সপুলিশ সাংবাদিকঅনেকঝুকিনিয়ে
1206,করোনাভাইরাসেডাক্তারনার্সপুলিশ সাংবাদিকঅনেকঝুকিনিয়ে,data/videos/video/1206.mp4,করোনাভাইরাসেডাক্তারনার্সপুলিশ সাংবাদিকঅনেকঝুকিনিয়ে
4559,আমার মা এর বিড়াল ভালো লাগে,data/videos/video/4559.mp4,আমার মা এর বিড়াল ভালো লাগে
96,আমার মা এর বিড়াল ভালো লাগে,data/videos/video/96.mp4,আমার মা এর বিড়াল ভালো লাগে
4080,তুমি কোথা থেকে এসেছো,data/videos/video/4080.mp4,তুমি কোথা থেকে এসেছো
1258,তুমি কোথা থেকে এসেছো,data/videos/video/1258.mp4,তুমি কোথা থেকে এসেছো
2392,আমার খালাতো বোন ভুটান যাবে,data/videos/video/2392.mp4,আমার খালাতো বোন ভুটান যাবে
168,আমি আগস্ট মাসে আমেরিকা যাবো,data/videos/video/168.mp4,আমি আগস্ট মাসে আমেরিকা যাবো
4402,আমি আগস্ট মাসে আমেরিকা যাবো,data/videos/video/4402.mp4,আমি আগস্ট মাসে আমেরিকা যাবো
2849,আমার মামা ভালো মানুষ,data/videos/video/2849.mp4,আমার মামা ভালো মানুষ
946,আমার বন্ধু পড়ায় ভালো,data/videos/video/946.mp4,আমার বন্ধু পড়ায় ভালো
2182,তুমি পরশু কি করবা,data/videos/video/2182.mp4,তুমি পরশু কি করবা
2208,তুমি শুক্রবার ভাত খাবা,data/videos/video/2208.mp4,তুমি শুক্রবার ভাত খাবা
2119,আমি বৃহস্পতিবার ভাত খাবো,data/videos/video/2119.mp4,আমি বৃহস্পতিবার ভাত খাবো
3973,আমি বাংলা বই পড়ি,data/videos/video/3973.mp4,আমি বাংলা বই পড়ি
1144,আমি বাংলা বই পড়ি,data/videos/video/1144.mp4,আমি বাংলা বই পড়ি
4636,অতীতে তুমি কি ভাবছো,data/videos/video/4636.mp4,অতীতে তুমি কি ভাবছো
787,অতীতে তুমি কি ভাবছো,data/videos/video/787.mp4,অতীতে তুমি কি ভাবছো
1044,আমি আনারশ খাবো,data/videos/video/1044.mp4,আমি আনারশ খাবো
4701,আমরা সবাই আম খাবো,data/videos/video/4701.mp4,আমরা সবাই আম খাবো
853,আমরা সবাই আম খাবো,data/videos/video/853.mp4,আমরা সবাই আম খাবো
1716,আমার বোন কচ্ছপ দেখে নাই,data/videos/video/1716.mp4,আমার বোন কচ্ছপ দেখে নাই
1816,আমার বড় ভাই চিড়িয়াখানা যাবে,data/videos/video/1816.mp4,আমার বড় ভাই চিড়িয়াখানা যাবে
4000,আমি লুজার হতে চাই না,data/videos/video/4000.mp4,আমি লুজার হতে চাই না
1176,আমি লুজার হতে চাই না,data/videos/video/1176.mp4,আমি লুজার হতে চাই না
2915,আমার মামী ইউরোপ যাবে,data/videos/video/2915.mp4,আমার মামী ইউরোপ যাবে
2539,আমার চাচি পাকিস্তান যাবে,data/videos/video/2539.mp4,আমার চাচি পাকিস্তান যাবে
3507,আমি প্রতিদিন গোসুল করি,data/videos/video/3507.mp4,আমি প্রতিদিন গোসুল করি
5278,আমি প্রতিদিন গোসুল করি,data/videos/video/5278.mp4,আমি প্রতিদিন গোসুল করি
3241,আমি সোমবারে রাশিয়া যাব,data/videos/video/3241.mp4,আমি সোমবারে রাশিয়া যাব
4811,আমি সোমবারে রাশিয়া যাব,data/videos/video/4811.mp4,আমি সোমবারে রাশিয়া যাব
1045,আমি আনারস খাবো,data/videos/video/1045.mp4,আমি আনারস খাবো
1353,বন্ধু,data/videos/video/1353.mp4,বন্ধু
4183,বন্ধু,data/videos/video/4183.mp4,বন্ধু
105,আমার মা মহাদেশে ঘুরতে যাবে,data/videos/video/105.mp4,আমার মা মহাদেশে ঘুরতে যাবে
4489,আমার মা মহাদেশে ঘুরতে যাবে,data/videos/video/4489.mp4,আমার মা মহাদেশে ঘুরতে যাবে
1043,আমি আগামি কাল বাড়িতে যাবো,data/videos/video/1043.mp4,আমি আগামি কাল বাড়িতে যাবো
3211,আমি সেপ্টেম্বরে ঘুরতে যাব,data/videos/video/3211.mp4,আমি সেপ্টেম্বরে ঘুরতে যাব
2510,আমার চাচাতো ভাই কানাডা যাবে,data/videos/video/2510.mp4,আমার চাচাতো ভাই কানাডা যাবে
5048,আবর দেখা হোব,data/videos/video/5048.mp4,আবর দেখা হোব
3922,আবর দেখা হোব,data/videos/video/3922.mp4,আবর দেখা হোব
2230,পরে সময় আছে,data/videos/video/2230.mp4,পরে সময় আছে
3167,আমি শনিবারে চিন যাবো,data/videos/video/3167.mp4,আমি শনিবারে চিন যাবো
2269,মামী শনিবার মাংস খায়,data/videos/video/2269.mp4,মামী শনিবার মাংস খায়
972,আমার বোন নেই,data/videos/video/972.mp4,আমার বোন নেই
4204,বাংলা আমার মাতৃভাষা,data/videos/video/4204.mp4,বাংলা আমার মাতৃভাষা
1362,বাংলা আমার মাতৃভাষা,data/videos/video/1362.mp4,বাংলা আমার মাতৃভাষা
3430,আপনার গলা ব্যথা,data/videos/video/3430.mp4,আপনার গলা ব্যথা
4915,আপনার গলা ব্যথা,data/videos/video/4915.mp4,আপনার গলা ব্যথা
2807,আমার মা কাঁঠাল খেতে পছন্দ করে,data/videos/video/2807.mp4,আমার মা কাঁঠাল খেতে পছন্দ করে
4213,বিজ্ঞান সুন্দর বিষয়,data/videos/video/4213.mp4,বিজ্ঞান সুন্দর বিষয়
1382,বিজ্ঞান সুন্দর বিষয়,data/videos/video/1382.mp4,বিজ্ঞান সুন্দর বিষয়
1286,তুমি ভালো নাচতে পারো,data/videos/video/1286.mp4,তুমি ভালো নাচতে পারো
4110,তুমি ভালো নাচতে পারো,data/videos/video/4110.mp4,তুমি ভালো নাচতে পারো
3409,তুমি ভালো নাচতে পারো,data/videos/video/3409.mp4,তুমি ভালো নাচতে পারো
4793,তুমি ভালো নাচতে পারো,data/videos/video/4793.mp4,তুমি ভালো নাচতে পারো
2926,আমার রুটি ভালো লাগে,data/videos/video/2926.mp4,আমার রুটি ভালো লাগে
2105,আমি পায়রা দেখেছি,data/videos/video/2105.mp4,আমি পায়রা দেখেছি
3262,জানুয়ারিতে বাড়িতে যাব,data/videos/video/3262.mp4,জানুয়ারিতে বাড়িতে যাব
5178,জানুয়ারিতে বাড়িতে যাব,data/videos/video/5178.mp4,জানুয়ারিতে বাড়িতে যাব
107,আমার মা সমুদ্র দেখতে যাবে,data/videos/video/107.mp4,আমার মা সমুদ্র দেখতে যাবে
4499,আমার মা সমুদ্র দেখতে যাবে,data/videos/video/4499.mp4,আমার মা সমুদ্র দেখতে যাবে
54,আমার বোনের গরু ভালো লাগে,data/videos/video/54.mp4,আমার বোনের গরু ভালো লাগে
4550,আমার বোনের গরু ভালো লাগে,data/videos/video/4550.mp4,আমার বোনের গরু ভালো লাগে
5432,সে এখন প্যগোডায় আছে,data/videos/video/5432.mp4,সে এখন প্যগোডায় আছে
1478,সে এখন প্যগোডায় আছে,data/videos/video/1478.mp4,সে এখন প্যগোডায় আছে
4585,আমার বোনের কাক পছন্দ না,data/videos/video/4585.mp4,আমার বোনের কাক পছন্দ না
52,আমার বোনের কাক পছন্দ না,data/videos/video/52.mp4,আমার বোনের কাক পছন্দ না
1912,আমার মা ইলিশ মাছ খাবে না,data/videos/video/1912.mp4,আমার মা ইলিশ মাছ খাবে না
1020,আমার মেয়ে সুন্দর,data/videos/video/1020.mp4,আমার মেয়ে সুন্দর
985,আমার বড় ভাই মারা গেছে,data/videos/video/985.mp4,আমার বড় ভাই মারা গেছে
4073,তুমি ঔষুধ খাও,data/videos/video/4073.mp4,তুমি ঔষুধ খাও
1251,তুমি ঔষুধ খাও,data/videos/video/1251.mp4,তুমি ঔষুধ খাও
4646,আজকে ১ আগষ্ট,data/videos/video/4646.mp4,আজকে ১ আগষ্ট
812,আজকে ১ আগষ্ট,data/videos/video/812.mp4,আজকে ১ আগষ্ট
1669,আমার বাবা বুধবার মাছ খায়,data/videos/video/1669.mp4,আমার বাবা বুধবার মাছ খায়
1680,আমার বাবা মুরগী দেখে নাই,data/videos/video/1680.mp4,আমার বাবা মুরগী দেখে নাই
1877,আমার ভাই মংগলবার মাংস খায়,data/videos/video/1877.mp4,আমার ভাই মংগলবার মাংস খায়
1959,আমার মা শনিবার মাংস খাবে,data/videos/video/1959.mp4,আমার মা শনিবার মাংস খাবে
1085,আমি ক্ষুদার্ত বাজারে যাবো,data/videos/video/1085.mp4,আমি ক্ষুদার্ত বাজারে যাবো
3709,আমার বাইরে যেতে ভালো লাগে,data/videos/video/3709.mp4,আমার বাইরে যেতে ভালো লাগে
4732,আমার বাইরে যেতে ভালো লাগে,data/videos/video/4732.mp4,আমার বাইরে যেতে ভালো লাগে
1667,আমার বাবা বুধবার ভাত খায়,data/videos/video/1667.mp4,আমার বাবা বুধবার ভাত খায়
2090,আমি জানি না ওটা কত ফিট,data/videos/video/2090.mp4,আমি জানি না ওটা কত ফিট
4683,আবার কবে দেখা হবে,data/videos/video/4683.mp4,আবার কবে দেখা হবে
3698,আবার কবে দেখা হবে,data/videos/video/3698.mp4,আবার কবে দেখা হবে
835,আবার কবে দেখা হবে,data/videos/video/835.mp4,আবার কবে দেখা হবে
5343,আবার কবে দেখা হবে,data/videos/video/5343.mp4,আবার কবে দেখা হবে
2904,আমার মামি নেপাল যাবে,data/videos/video/2904.mp4,আমার মামি নেপাল যাবে
2508,আমার চাচাতো ভাই ইশারা বাসা পছন্দ করে,data/videos/video/2508.mp4,আমার চাচাতো ভাই ইশারা বাসা পছন্দ করে
2596,আমার ফুফা মালদ্বীপ যাবে,data/videos/video/2596.mp4,আমার ফুফা মালদ্বীপ যাবে
4260,রং য়ের নাম কালো,data/videos/video/4260.mp4,রং য়ের নাম কালো
1447,রং য়ের নাম কালো,data/videos/video/1447.mp4,রং য়ের নাম কালো
1707,আমার বোন অনেক গুলো ঘোড়া দেখেছে,data/videos/video/1707.mp4,আমার বোন অনেক গুলো ঘোড়া দেখেছে
3352,পাঞ্জাবি পরলে তোমাকে সুন্দর দেখা যায়,data/videos/video/3352.mp4,পাঞ্জাবি পরলে তোমাকে সুন্দর দেখা যায়
4819,পাঞ্জাবি পরলে তোমাকে সুন্দর দেখা যায়,data/videos/video/4819.mp4,পাঞ্জাবি পরলে তোমাকে সুন্দর দেখা যায়
1026,আমার স্বামী অনেক ভালো,data/videos/video/1026.mp4,আমার স্বামী অনেক ভালো
1919,আমার মা খরগোশ দেখে নাই,data/videos/video/1919.mp4,আমার মা খরগোশ দেখে নাই
1775,আমার বড় বোন ইলিশ খাবে,data/videos/video/1775.mp4,আমার বড় বোন ইলিশ খাবে
5025,আপনাকে আমার ভাল লাগছে,data/videos/video/5025.mp4,আপনাকে আমার ভাল লাগছে.
3853,আপনাকে আমার ভাল লাগছে,data/videos/video/3853.mp4,আপনাকে আমার ভাল লাগছে.
5120,আপনাকে আমার ভাল লাগছে,data/videos/video/5120.mp4,আপনাকে আমার ভাল লাগছে
3854,আপনাকে আমার ভাল লাগছে,data/videos/video/3854.mp4,আপনাকে আমার ভাল লাগছে
2031,আমার স্বামী বুধবার দুধ খায়,data/videos/video/2031.mp4,আমার স্বামী বুধবার দুধ খায়
2668,আমার বই পড়তে ভাল লাগে,data/videos/video/2668.mp4,আমার বই পড়তে ভাল লাগে
2608,আমার ফুফাতো বোন নেপাল যাবে,data/videos/video/2608.mp4,আমার ফুফাতো বোন নেপাল যাবে
2712,আমার বাবাও দোকানদার,data/videos/video/2712.mp4,আমার বাবাও দোকানদার
2579,আমার ফুফা আমি কেটে পছন্দ করে,data/videos/video/2579.mp4,আমার ফুফা আমি কেটে পছন্দ করে
5360,ওইটা মাছ,data/videos/video/5360.mp4,ওইটা মাছ
3779,ওইটা মাছ,data/videos/video/3779.mp4,ওইটা মাছ
4196,বাবা জামাটা সুন্দর,data/videos/video/4196.mp4,বাবা জামাটা সুন্দর
1372,বাবা জামাটা সুন্দর,data/videos/video/1372.mp4,বাবা জামাটা সুন্দর
3117,আমি মার্চে মালদ্বীপ যাব,data/videos/video/3117.mp4,আমি মার্চে মালদ্বীপ যাব
1970,আমার মা হাতি দেখে নাই,data/videos/video/1970.mp4,আমার মা হাতি দেখে নাই
2487,আমার চাচাতো বোন ইউরোপ যাবে,data/videos/video/2487.mp4,আমার চাচাতো বোন ইউরোপ যাবে
4085,তুমি জাম খাবে,data/videos/video/4085.mp4,তুমি জাম খাবে
1262,তুমি জাম খাবে,data/videos/video/1262.mp4,তুমি জাম খাবে
2721,আমার বোন আফ্রিকা যাবে,data/videos/video/2721.mp4,আমার বোন আফ্রিকা যাবে
4113,তুমি মাথায় তেল দিবে,data/videos/video/4113.mp4,তুমি মাথায় তেল দিবে
1289,তুমি মাথায় তেল দিবে,data/videos/video/1289.mp4,তুমি মাথায় তেল দিবে
1641,আমার বাবা কুকুর দেখেছে,data/videos/video/1641.mp4,আমার বাবা কুকুর দেখেছে
2832,আমার মামা আমেরিকা যাবে,data/videos/video/2832.mp4,আমার মামা আমেরিকা যাবে
839,আমরা আম খাবো,data/videos/video/839.mp4,আমরা আম খাবো
4687,আমরা আম খাবো,data/videos/video/4687.mp4,আমরা আম খাবো
117,আমার মামা মরুভূমিতে যাবে,data/videos/video/117.mp4,আমার মামা মরুভূমিতে যাবে
4531,আমার মামা মরুভূমিতে যাবে,data/videos/video/4531.mp4,আমার মামা মরুভূমিতে যাবে
1882,আমার ভাই রবিবার ভাত খায়,data/videos/video/1882.mp4,আমার ভাই রবিবার ভাত খায়
846,আমরা দূর্বল সবাই,data/videos/video/846.mp4,আমরা দূর্বল সবাই
4694,আমরা দূর্বল সবাই,data/videos/video/4694.mp4,আমরা দূর্বল সবাই
1597,আমার ছেলে শুক্রবার মাছ খায়,data/videos/video/1597.mp4,আমার ছেলে শুক্রবার মাছ খায়
3481,আমি অফিসে যাই,data/videos/video/3481.mp4,আমি অফিসে যাই
4869,আমি অফিসে যাই,data/videos/video/4869.mp4,আমি অফিসে যাই
922,আমার পরীক্ষা ভালো হয়েছে,data/videos/video/922.mp4,আমার পরীক্ষা ভালো হয়েছে
3105,আমি মঙ্গলবারে মালদ্বীপ যাব,data/videos/video/3105.mp4,আমি মঙ্গলবারে মালদ্বীপ যাব
3174,আমি শনিবারে মালদ্বীপ যাব,data/videos/video/3174.mp4,আমি শনিবারে মালদ্বীপ যাব
2866,আমার মামাতো বোন পাকিস্তান যাবে,data/videos/video/2866.mp4,আমার মামাতো বোন পাকিস্তান যাবে
831,আপনি দেখতে অনেক সুন্দর,data/videos/video/831.mp4,আপনি দেখতে অনেক সুন্দর
4679,আপনি দেখতে অনেক সুন্দর,data/videos/video/4679.mp4,আপনি দেখতে অনেক সুন্দর
1163,আমি ভালো সাইকেল চালাই,data/videos/video/1163.mp4,আমি ভালো সাইকেল চালাই
3988,আমি ভালো সাইকেল চালাই,data/videos/video/3988.mp4,আমি ভালো সাইকেল চালাই
2572,আমার পেয়ারা ভালো লাগে,data/videos/video/2572.mp4,আমার পেয়ারা ভালো লাগে
1301,তোমরা সবাই কোলড্রিংস খাবা,data/videos/video/1301.mp4,তোমরা সবাই কোলড্রিংস খাবা
4124,তোমরা সবাই কোলড্রিংস খাবা,data/videos/video/4124.mp4,তোমরা সবাই কোলড্রিংস খাবা
3619,বাসার আশে পাশে পরিষ্কার রাখতে হবে,data/videos/video/3619.mp4,বাসার আশে পাশে পরিষ্কার রাখতে হবে
4972,বাসার আশে পাশে পরিষ্কার রাখতে হবে,data/videos/video/4972.mp4,বাসার আশে পাশে পরিষ্কার রাখতে হবে
2259,মামা শুক্রবার ভাত খায়,data/videos/video/2259.mp4,মামা শুক্রবার ভাত খায়
4642,আই লাভ বাংলা ভাষা,data/videos/video/4642.mp4,আই লাভ বাংলা ভাষা
794,আই লাভ বাংলা ভাষা,data/videos/video/794.mp4,আই লাভ বাংলা ভাষা
3120,আমি মুখস্ত ভালো লাগে না,data/videos/video/3120.mp4,আমি মুখস্ত ভালো লাগে না
1036,আমি অনেক ডিপ্রেশনে আছি,data/videos/video/1036.mp4,আমি অনেক ডিপ্রেশনে আছি
1331,তোমার প্রশ্ন কি,data/videos/video/1331.mp4,তোমার প্রশ্ন কি
4153,তোমার প্রশ্ন কি,data/videos/video/4153.mp4,তোমার প্রশ্ন কি
3101,আমি মঙ্গলবারে বাড়িতে যাই,data/videos/video/3101.mp4,আমি মঙ্গলবারে বাড়িতে যাই
2064,আমি ইদুর দেখি নাই,data/videos/video/2064.mp4,আমি ইদুর দেখি নাই
3365,মামি লিচু খেতে পছন্দ করে,data/videos/video/3365.mp4,মামি লিচু খেতে পছন্দ করে
5222,মামি লিচু খেতে পছন্দ করে,data/videos/video/5222.mp4,মামি লিচু খেতে পছন্দ করে
2739,আমার বোন পাকিস্তান যাবে,data/videos/video/2739.mp4,আমার বোন পাকিস্তান যাবে
5289,ঘুম থেকে উঠো,data/videos/video/5289.mp4,ঘুম থেকে উঠো
3554,ঘুম থেকে উঠো,data/videos/video/3554.mp4,ঘুম থেকে উঠো
1608,আমার ছোট বোন তেলাপোকা দেখেছে,data/videos/video/1608.mp4,আমার ছোট বোন তেলাপোকা দেখেছে
1922,আমার মা ঘোড়া দেখে নাই,data/videos/video/1922.mp4,আমার মা ঘোড়া দেখে নাই
5049,অপনি ভালো ঠাকবেন,data/videos/video/5049.mp4,অপনি ভালো ঠাকবেন
3900,অপনি ভালো ঠাকবেন,data/videos/video/3900.mp4,অপনি ভালো ঠাকবেন
4700,আমরা সবজি খাবো,data/videos/video/4700.mp4,আমরা সবজি খাবো
852,আমরা সবজি খাবো,data/videos/video/852.mp4,আমরা সবজি খাবো
2754,আমার বোন স্কুল এ যায়,data/videos/video/2754.mp4,আমার বোন স্কুল এ যায়
1389,বোন নোটিশ দেখেছে,data/videos/video/1389.mp4,বোন নোটিশ দেখেছে
4219,বোন নোটিশ দেখেছে,data/videos/video/4219.mp4,বোন নোটিশ দেখেছে
3929,গরোম ই বার বার পানি খাবেন,data/videos/video/3929.mp4,গরোম ই বার বার পানি খাবেন
5072,গরোম ই বার বার পানি খাবেন,data/videos/video/5072.mp4,গরোম ই বার বার পানি খাবেন
1546,আমার চাচা বুধবার ভাত খায়,data/videos/video/1546.mp4,আমার চাচা বুধবার ভাত খায়
4903,আমার অনেক দুর্বল লাগছে,data/videos/video/4903.mp4,আমার অনেক দুর্বল লাগছে
3445,আমার অনেক দুর্বল লাগছে,data/videos/video/3445.mp4,আমার অনেক দুর্বল লাগছে
1711,আমার বোন ইদুর দেখে নাই,data/videos/video/1711.mp4,আমার বোন ইদুর দেখে নাই
2261,মামা সময় অনেক আছে,data/videos/video/2261.mp4,মামা সময় অনেক আছে
1126,আমি পছন্দ করি,data/videos/video/1126.mp4,আমি পছন্দ করি
1731,আমার বোন বুধবার দুধ খায়,data/videos/video/1731.mp4,আমার বোন বুধবার দুধ খায়
3550,গরমে শরবত পান করা ভালো,data/videos/video/3550.mp4,গরমে শরবত পান করা ভালো
5105,গরমে শরবত পান করা ভালো,data/videos/video/5105.mp4,গরমে শরবত পান করা ভালো
2210,তুমি শুক্রবার মাছ খাবা,data/videos/video/2210.mp4,তুমি শুক্রবার মাছ খাবা
2677,আমার বাবা আমেরিকা যাবে,data/videos/video/2677.mp4,আমার বাবা আমেরিকা যাবে
1943,আমার মা বৃহস্পতিবার মাছ খায়,data/videos/video/1943.mp4,আমার মা বৃহস্পতিবার মাছ খায়
2687,আমার বাবা ক্রিকেট খেলা পছন্দ করি,data/videos/video/2687.mp4,আমার বাবা ক্রিকেট খেলা পছন্দ করি
3235,আমি সোমবারে বাড়িতে যাই,data/videos/video/3235.mp4,আমি সোমবারে বাড়িতে যাই
62,আমার বোনের বিড়াল ভালো লাগে,data/videos/video/62.mp4,আমার বোনের বিড়াল ভালো লাগে
4563,আমার বোনের বিড়াল ভালো লাগে,data/videos/video/4563.mp4,আমার বোনের বিড়াল ভালো লাগে
1752,আমার বোন শনিবার মাংস খায়,data/videos/video/1752.mp4,আমার বোন শনিবার মাংস খায়
5443,সে জাম খাবে,data/videos/video/5443.mp4,সে জাম খাবে
1490,সে জাম খাবে,data/videos/video/1490.mp4,সে জাম খাবে
1454,রঙ এর নাম হলুদ,data/videos/video/1454.mp4,রঙ এর নাম হলুদ
4267,রঙ এর নাম হলুদ,data/videos/video/4267.mp4,রঙ এর নাম হলুদ
2504,আমার চাচাতো ভাই আফ্রিকা যাবে,data/videos/video/2504.mp4,আমার চাচাতো ভাই আফ্রিকা যাবে
2538,আমার চাচি নেপাল যাবে,data/videos/video/2538.mp4,আমার চাচি নেপাল যাবে
1479,সে এখন মন্দিরে যাবে,data/videos/video/1479.mp4,সে এখন মন্দিরে যাবে
5433,সে এখন মন্দিরে যাবে,data/videos/video/5433.mp4,সে এখন মন্দিরে যাবে
1622,আমার ছোট ভাই তেলাপোকা দেখেছে,data/videos/video/1622.mp4,আমার ছোট ভাই তেলাপোকা দেখেছে
2490,আমার চাচাতো বোন চিন যাবে,data/videos/video/2490.mp4,আমার চাচাতো বোন চিন যাবে
4078,তুমি কিভাবে অসুস্থ ঔষুধ খাইছো,data/videos/video/4078.mp4,তুমি কিভাবে অসুস্থ ঔষুধ খাইছো
1256,তুমি কিভাবে অসুস্থ ঔষুধ খাইছো,data/videos/video/1256.mp4,তুমি কিভাবে অসুস্থ ঔষুধ খাইছো
73,আমার ভাই পূর্ব দিকে যাবে,data/videos/video/73.mp4,আমার ভাই পূর্ব দিকে যাবে
4461,আমার ভাই পূর্ব দিকে যাবে,data/videos/video/4461.mp4,আমার ভাই পূর্ব দিকে যাবে
271,আমি মহাদেশে ঘুরতে যাব,data/videos/video/271.mp4,আমি মহাদেশে ঘুরতে যাব
4435,আমি মহাদেশে ঘুরতে যাব,data/videos/video/4435.mp4,আমি মহাদেশে ঘুরতে যাব
4087,তুমি ডাল খাবে,data/videos/video/4087.mp4,তুমি ডাল খাবে
1264,তুমি ডাল খাবে,data/videos/video/1264.mp4,তুমি ডাল খাবে
5042,অমি ভালো আচি,data/videos/video/5042.mp4,অমি ভালো আচি
3915,অমি ভালো আচি,data/videos/video/3915.mp4,অমি ভালো আচি
3033,আমি বুধবার এশিয়া যাব,data/videos/video/3033.mp4,আমি বুধবার এশিয়া যাব
3277,তুমি অনেক মেধাবী,data/videos/video/3277.mp4,তুমি অনেক মেধাবী
4064,তুমি অনেক মেধাবী,data/videos/video/4064.mp4,তুমি অনেক মেধাবী
5164,তুমি অনেক মেধাবী,data/videos/video/5164.mp4,তুমি অনেক মেধাবী
1242,তুমি অনেক মেধাবী,data/videos/video/1242.mp4,তুমি অনেক মেধাবী
2156,আমি ২ মাস আগে ডাক্তার দেখিয়েছি,data/videos/video/2156.mp4,আমি ২ মাস আগে ডাক্তার দেখিয়েছি
3393,আমার ভাই বুধবার মাছ খায়,data/videos/video/3393.mp4,আমার ভাই বুধবার মাছ খায়
1869,আমার ভাই বুধবার মাছ খায়,data/videos/video/1869.mp4,আমার ভাই বুধবার মাছ খায়
4833,আমার ভাই বুধবার মাছ খায়,data/videos/video/4833.mp4,আমার ভাই বুধবার মাছ খায়
3313,তোমার নানীর নাম কি,data/videos/video/3313.mp4,তোমার নানীর  নাম কি
5202,তোমার নানীর নাম কি,data/videos/video/5202.mp4,তোমার নানীর  নাম কি
1164,আমি ভয় পাই না,data/videos/video/1164.mp4,আমি ভয় পাই না
3982,আমি ভয় পাই না,data/videos/video/3982.mp4,আমি ভয় পাই না
4250,মা নোটিশ দেখেছে,data/videos/video/4250.mp4,মা নোটিশ দেখেছে
1429,মা নোটিশ দেখেছে,data/videos/video/1429.mp4,মা নোটিশ দেখেছে
2591,আমার ফুফা ফুটবল খেলা পছন্দ করে,data/videos/video/2591.mp4,আমার ফুফা ফুটবল খেলা পছন্দ করে
988,আমার ভাই অনেক ডিপ্রেশনে আছে,data/videos/video/988.mp4,আমার ভাই অনেক ডিপ্রেশনে আছে
2867,আমার মামাতো বোন বাংলাদেশে যাবে,data/videos/video/2867.mp4,আমার মামাতো বোন বাংলাদেশে যাবে
964,আমার বাসা ভালো,data/videos/video/964.mp4,আমার বাসা ভালো
2387,আমার খালাতো বোন পাকিস্তান যাবে,data/videos/video/2387.mp4,আমার খালাতো বোন পাকিস্তান যাবে
2823,আমার মা লিচু খেতে পছন্দ করে,data/videos/video/2823.mp4,আমার মা লিচু খেতে পছন্দ করে
896,আমার ছোট ভাই আছে,data/videos/video/896.mp4,আমার ছোট ভাই আছে
3935,বাংলাদেশে বৈশি গোরোম,data/videos/video/3935.mp4,বাংলাদেশে বৈশি গোরোম
5068,বাংলাদেশে বৈশি গোরোম,data/videos/video/5068.mp4,বাংলাদেশে বৈশি গোরোম
3514,আমি পড়াশোনা করি,data/videos/video/3514.mp4,আমি পড়াশোনা করি
4871,আমি পড়াশোনা করি,data/videos/video/4871.mp4,আমি পড়াশোনা করি
1650,আমার বাবা চিড়িয়াখানা যাবে,data/videos/video/1650.mp4,আমার বাবা চিড়িয়াখানা যাবে
2118,আমি বৃহস্পতিবার দুধ খাবো,data/videos/video/2118.mp4,আমি বৃহস্পতিবার দুধ খাবো
2406,আমার খালাতো ভাই নেপাল যাবে,data/videos/video/2406.mp4,আমার খালাতো ভাই নেপাল যাবে
2480,আমার চাচা শ্রমিক,data/videos/video/2480.mp4,আমার চাচা শ্রমিক
4302,আমি মে মাসে চীন যাব,data/videos/video/4302.mp4,আমি মে মাসে চীন যাব
290,আমি মে মাসে চীন যাব,data/videos/video/290.mp4,আমি মে মাসে চীন যাব
4028,ঔষুধ খাও সুস্থ থাকো,data/videos/video/4028.mp4,ঔষুধ খাও সুস্থ থাকো
1205,ঔষুধ খাও সুস্থ থাকো,data/videos/video/1205.mp4,ঔষুধ খাও সুস্থ থাকো
1077,আমি কৃষক দেখেছি,data/videos/video/1077.mp4,আমি কৃষক দেখেছি
4643,আই লাভ বাংলা,data/videos/video/4643.mp4,আই লাভ বাংলা
795,আই লাভ বাংলা,data/videos/video/795.mp4,আই লাভ বাংলা
2403,আমার খালাতো ভাই কানাডা যাবে,data/videos/video/2403.mp4,আমার খালাতো ভাই কানাডা যাবে
3815,পারিবারিক সম্পর্ক,data/videos/video/3815.mp4,পারিবারিক সম্পর্ক
4172,পারিবারিক সম্পর্ক,data/videos/video/4172.mp4,পারিবারিক সম্পর্ক
5345,পারিবারিক সম্পর্ক,data/videos/video/5345.mp4,পারিবারিক সম্পর্ক
1351,পারিবারিক সম্পর্ক,data/videos/video/1351.mp4,পারিবারিক সম্পর্ক
2972,আমি কি করি,data/videos/video/2972.mp4,আমি কি করি
2779,আমার ভাই ফুটবল খেলা অনেক পছন্দ করে,data/videos/video/2779.mp4,আমার ভাই ফুটবল খেলা অনেক পছন্দ করে
3274,ডাল খেতে ভালো লাগে,data/videos/video/3274.mp4,ডাল খেতে ভালো লাগে
5153,ডাল খেতে ভালো লাগে,data/videos/video/5153.mp4,ডাল খেতে ভালো লাগে
1431,মা বিভাগ চায়,data/videos/video/1431.mp4,মা বিভাগ চায়
4252,মা বিভাগ চায়,data/videos/video/4252.mp4,মা বিভাগ চায়
1609,আমার ছোট বোন মুরগি দেখে নাই,data/videos/video/1609.mp4,আমার ছোট বোন মুরগি দেখে নাই
1990,আমার মেয়ে রবিবার ভাত খায়,data/videos/video/1990.mp4,আমার মেয়ে রবিবার ভাত খায়
1737,আমার বোন বৃহস্পতিবার মাংস খায়,data/videos/video/1737.mp4,আমার বোন বৃহস্পতিবার মাংস খায়
27,আমার বাবার ছাগল ভালো লাগে,data/videos/video/27.mp4,আমার বাবার ছাগল ভালো লাগে
4545,আমার বাবার ছাগল ভালো লাগে,data/videos/video/4545.mp4,আমার বাবার ছাগল ভালো লাগে
1896,আমার ভাই সাপ দেখেছে,data/videos/video/1896.mp4,আমার ভাই সাপ দেখেছে
5209,তোমার মামার নাম কি,data/videos/video/5209.mp4,তোমার মামার নাম কি
3341,তোমার মামার নাম কি,data/videos/video/3341.mp4,তোমার মামার নাম কি
4502,তুমি দ্বীপ দেখতে যাবে,data/videos/video/4502.mp4,তুমি দ্বীপ দেখতে যাবে
318,তুমি দ্বীপ দেখতে যাবে,data/videos/video/318.mp4,তুমি দ্বীপ দেখতে যাবে
1634,আমার বাবা ইদুর দেখে নাই,data/videos/video/1634.mp4,আমার বাবা ইদুর দেখে নাই
2737,আমার বোন নার্স,data/videos/video/2737.mp4,আমার বোন নার্স
1901,আমার ভাই হাতি দেখে নাই,data/videos/video/1901.mp4,আমার ভাই হাতি দেখে নাই
3024,আমি বাজারে যাবো,data/videos/video/3024.mp4,আমি বাজারে যাবো
3125,আমি মেধাবী শিক্ষার্থী,data/videos/video/3125.mp4,আমি মেধাবী শিক্ষার্থী
4603,শার্ট পরে আমাকে সুন্দর দেখা যায়,data/videos/video/4603.mp4,শার্ট পরে আমাকে সুন্দর দেখা যায়
332,শার্ট পরে আমাকে সুন্দর দেখা যায়,data/videos/video/332.mp4,শার্ট পরে আমাকে সুন্দর দেখা যায়
1244,তুমি ইংরেজি বলো কিভাবে,data/videos/video/1244.mp4,তুমি ইংরেজি বলো কিভাবে
4066,তুমি ইংরেজি বলো কিভাবে,data/videos/video/4066.mp4,তুমি ইংরেজি বলো কিভাবে
1029,আমার স্বাস্থ্য ভালো নেই,data/videos/video/1029.mp4,আমার স্বাস্থ্য ভালো নেই
2440,আমার খালু ভুটান যাবে,data/videos/video/2440.mp4,আমার খালু ভুটান যাবে
3252,এপ্রিল মাসেও গ্রীষ্মকাল থাকে,data/videos/video/3252.mp4,এপ্রিল মাসেও গ্রীষ্মকাল থাকে
5182,এপ্রিল মাসেও গ্রীষ্মকাল থাকে,data/videos/video/5182.mp4,এপ্রিল মাসেও গ্রীষ্মকাল থাকে
4686,আমরা আনারস খাবো,data/videos/video/4686.mp4,আমরা আনারস খাবো
838,আমরা আনারস খাবো,data/videos/video/838.mp4,আমরা আনারস খাবো
4337,আমি সেপ্টেম্বর ইংল্যান্ড যাব,data/videos/video/4337.mp4,আমি সেপ্টেম্বর ইংল্যান্ড যাব
297,আমি সেপ্টেম্বর ইংল্যান্ড যাব,data/videos/video/297.mp4,আমি সেপ্টেম্বর ইংল্যান্ড যাব
2138,আমি শনিবার মাংস খাবো,data/videos/video/2138.mp4,আমি শনিবার মাংস খাবো
4845,আমার বাসার রং সাদা,data/videos/video/4845.mp4,আমার বাসার রং সাদা
3467,আমার বাসার রং সাদা,data/videos/video/3467.mp4,আমার বাসার রং সাদা
3135,আমি রবিবারে কানাডা যাব,data/videos/video/3135.mp4,আমি রবিবারে কানাডা যাব
2553,আমার চাচীর রান্না খেতে মজা,data/videos/video/2553.mp4,আমার চাচীর রান্না খেতে মজা
1023,আমার সহপাঠী ভালো,data/videos/video/1023.mp4,আমার সহপাঠী ভালো
1700,আমার বাবা হাতি দেখে নাই,data/videos/video/1700.mp4,আমার বাবা হাতি দেখে নাই
4852,তুমি বার বার ঝগড়া কেন করো,data/videos/video/4852.mp4,তুমি বার বার ঝগড়া কেন করো
3584,তুমি বার বার ঝগড়া কেন করো,data/videos/video/3584.mp4,তুমি বার বার ঝগড়া কেন করো
2384,আমার খালাতো বোন কানাডা যায়,data/videos/video/2384.mp4,আমার খালাতো বোন কানাডা যায়
4403,আমি সেপ্টেম্বর মাসে আমেরিকা যাবো,data/videos/video/4403.mp4,আমি সেপ্টেম্বর মাসে আমেরিকা যাবো
299,আমি সেপ্টেম্বর মাসে আমেরিকা যাবো,data/videos/video/299.mp4,আমি সেপ্টেম্বর মাসে আমেরিকা যাবো
2386,আমার খালাতো বোন নেপাল যাবে,data/videos/video/2386.mp4,আমার খালাতো বোন নেপাল যাবে
981,আমার বড় ভাই অনেক খুশি,data/videos/video/981.mp4,আমার বড় ভাই অনেক খুশি
2433,আমার খালু পাকিস্তান যাবে,data/videos/video/2433.mp4,আমার খালু পাকিস্তান যাবে
4442,আমি পশ্চিম দিকে যাব,data/videos/video/4442.mp4,আমি পশ্চিম দিকে যাব
255,আমি পশ্চিম দিকে যাব,data/videos/video/255.mp4,আমি পশ্চিম দিকে যাব
2,আমার কাক পছন্দ না,data/videos/video/2.mp4,আমার কাক পছন্দ না
4581,আমার কাক পছন্দ না,data/videos/video/4581.mp4,আমার কাক পছন্দ না
2589,আমার ফুফা পাকিস্তান যাবে,data/videos/video/2589.mp4,আমার ফুফা পাকিস্তান যাবে
3038,আমি বুধবারে কানাডা যাব,data/videos/video/3038.mp4,আমি বুধবারে কানাডা যাব
4321,আমি নভেম্বরে জাপান যাবো,data/videos/video/4321.mp4,আমি নভেম্বরে জাপান যাবো
251,আমি নভেম্বরে জাপান যাবো,data/videos/video/251.mp4,আমি নভেম্বরে জাপান যাবো
4298,আমি জুন মাসে জাপান যাবো,data/videos/video/4298.mp4,আমি জুন মাসে জাপান যাবো
208,আমি জুন মাসে জাপান যাবো,data/videos/video/208.mp4,আমি জুন মাসে জাপান যাবো
1177,আমি শাক খাবো,data/videos/video/1177.mp4,আমি শাক খাবো
4001,আমি শাক খাবো,data/videos/video/4001.mp4,আমি শাক খাবো
3944,আমার অনেক কাশি হয়েছে,data/videos/video/3944.mp4,আমার অনেক কাশি হয়েছে
869,আমার অনেক কাশি হয়েছে,data/videos/video/869.mp4,আমার অনেক কাশি হয়েছে
2344,আমার কাজ করতে ভালো লাগে,data/videos/video/2344.mp4,আমার কাজ করতে ভালো লাগে
2793,আমার ভাই সাংবাদিক,data/videos/video/2793.mp4,আমার ভাই সাংবাদিক
2355,আমার খালা ইশারা ভাষা পছন্দ করে,data/videos/video/2355.mp4,আমার খালা ইশারা ভাষা পছন্দ করে
3520,আমি বেড়াতে যেতে পছন্দ করি,data/videos/video/3520.mp4,আমি বেড়াতে যেতে পছন্দ করি
5269,আমি বেড়াতে যেতে পছন্দ করি,data/videos/video/5269.mp4,আমি বেড়াতে যেতে পছন্দ করি
4175,বড় বোন নোটিশ দেখেছে,data/videos/video/4175.mp4,বড় বোন নোটিশ দেখেছে
1398,বড় বোন নোটিশ দেখেছে,data/videos/video/1398.mp4,বড় বোন নোটিশ দেখেছে
2139,আমি শনিবার মাছ খাবো,data/videos/video/2139.mp4,আমি শনিবার মাছ খাবো
2347,আমার ক্লাস এর স্যার রাগি মানুষে ছিলেন,data/videos/video/2347.mp4,আমার ক্লাস এর স্যার রাগি মানুষে ছিলেন
2693,আমার বাবা নেপাল যাবে,data/videos/video/2693.mp4,আমার বাবা নেপাল যাবে
4797,আমার ভাই তেলাপোকা দেখেছে,data/videos/video/4797.mp4,আমার ভাই তেলাপোকা দেখেছে
3390,আমার ভাই তেলাপোকা দেখেছে,data/videos/video/3390.mp4,আমার ভাই তেলাপোকা দেখেছে
1861,আমার ভাই তেলাপোকা দেখেছে,data/videos/video/1861.mp4,আমার ভাই তেলাপোকা দেখেছে
1815,আমার বড় ভাই ঘোড়া দেখেছে,data/videos/video/1815.mp4,আমার বড় ভাই ঘোড়া দেখেছে
2580,আমার ফুফা আমেরিকা যাবে,data/videos/video/2580.mp4,আমার ফুফা আমেরিকা যাবে
4417,আমি ডিসেম্বরে আমেরিকা যাবো,data/videos/video/4417.mp4,আমি ডিসেম্বরে আমেরিকা যাবো
230,আমি ডিসেম্বরে আমেরিকা যাবো,data/videos/video/230.mp4,আমি ডিসেম্বরে আমেরিকা যাবো
4162,তোমার মেয়ে কি করে,data/videos/video/4162.mp4,তোমার মেয়ে কি করে
1340,তোমার মেয়ে কি করে,data/videos/video/1340.mp4,তোমার মেয়ে কি করে
2178,তুমি কি জানো আমি কি বলবো,data/videos/video/2178.mp4,তুমি কি জানো আমি কি বলবো
3111,আমি মারছে ঘুরতে যাব,data/videos/video/3111.mp4,আমি মারছে ঘুরতে যাব
4893,পোকার ভিতরের গোল লাল,data/videos/video/4893.mp4,পোকার ভিতরের গোল লাল
3601,পোকার ভিতরের গোল লাল,data/videos/video/3601.mp4,পোকার ভিতরের গোল লাল
3305,তোমার চাচাতো ভাইয়ের নাম কি,data/videos/video/3305.mp4,তোমার চাচাতো ভাইয়ের নাম কি
5218,তোমার চাচাতো ভাইয়ের নাম কি,data/videos/video/5218.mp4,তোমার চাচাতো ভাইয়ের নাম কি
4335,আমি অক্টোবরে ইংল্যান্ড যাব,data/videos/video/4335.mp4,আমি অক্টোবরে ইংল্যান্ড যাব
160,আমি অক্টোবরে ইংল্যান্ড যাব,data/videos/video/160.mp4,আমি অক্টোবরে ইংল্যান্ড যাব
4998,আমার ভাই অফিস করে,data/videos/video/4998.mp4,আমার ভাই অফিস করে
3472,আমার ভাই অফিস করে,data/videos/video/3472.mp4,আমার ভাই অফিস করে
2970,আমি কবি,data/videos/video/2970.mp4,আমি কবি
1736,আমার বোন বৃহস্পতিবার ভাত খায়,data/videos/video/1736.mp4,আমার বোন বৃহস্পতিবার ভাত খায়
148,আমার মায়ের হাস ভালো লাগ,data/videos/video/148.mp4,আমার মায়ের হাস ভালো লাগ
4578,আমার মায়ের হাস ভালো লাগ,data/videos/video/4578.mp4,আমার মায়ের হাস ভালো লাগ
3421,অনেক বেশি গরম তো সব সময় আমাদের দরকার পানি খাওয়া,data/videos/video/3421.mp4,অনেক বেশি গরম তো সব সময় আমাদের দরকার পানি খাওয়া
5252,অনেক বেশি গরম তো সব সময় আমাদের দরকার পানি খাওয়া,data/videos/video/5252.mp4,অনেক বেশি গরম তো সব সময় আমাদের দরকার পানি খাওয়া
130,আমার মামার বিড়াল ভালো লাগে,data/videos/video/130.mp4,আমার মামার বিড়াল ভালো লাগে
4567,আমার মামার বিড়াল ভালো লাগে,data/videos/video/4567.mp4,আমার মামার বিড়াল ভালো লাগে
2617,আমার ফুফাতো বোন শ্রীলঙ্কায় যাবে,data/videos/video/2617.mp4,আমার ফুফাতো বোন শ্রীলঙ্কায় যাবে
5265,আমার খাবারের স্বাদ নেই,data/videos/video/5265.mp4,আমার খাবারের স্বাদ নেই
3451,আমার খাবারের স্বাদ নেই,data/videos/video/3451.mp4,আমার খাবারের স্বাদ নেই
2930,আমার লেবু ভালো লাগে,data/videos/video/2930.mp4,আমার লেবু ভালো লাগে
4513,আমার বাবা জমিতে যাবে,data/videos/video/4513.mp4,আমার বাবা জমিতে যাবে
13,আমার বাবা জমিতে যাবে,data/videos/video/13.mp4,আমার বাবা জমিতে যাবে
4364,আমি জুলাই মাসে রাশিয়া যাব,data/videos/video/4364.mp4,আমি জুলাই মাসে রাশিয়া যাব
220,আমি জুলাই মাসে রাশিয়া যাব,data/videos/video/220.mp4,আমি জুলাই মাসে রাশিয়া যাব
1109,আমি ডিম খাবো,data/videos/video/1109.mp4,আমি ডিম খাবো
2010,আমার স্ত্রী বৃহস্পতিবার মাংস খায়,data/videos/video/2010.mp4,আমার স্ত্রী বৃহস্পতিবার মাংস খায়
2624,আমার ফুফাতো ভাই এশিয়া যাবে,data/videos/video/2624.mp4,আমার ফুফাতো ভাই এশিয়া যাবে
1704,আমার বাবা ২ মাস পর আসবে,data/videos/video/1704.mp4,আমার বাবা ২ মাস পর আসবে
1550,আমার চাচা বৃহস্পতিবার ভাত খায়,data/videos/video/1550.mp4,আমার চাচা বৃহস্পতিবার ভাত খায়
1532,আগে রাত পরে দিন,data/videos/video/1532.mp4,আগে রাত পরে দিন
3073,আমি বৃহস্পতিবারে পাকিস্তান যাব,data/videos/video/3073.mp4,আমি বৃহস্পতিবারে পাকিস্তান যাব
3568,তুমার সাথে তার কি সম্পর্ক,data/videos/video/3568.mp4,তুমার সাথে তার কি সম্পর্ক
4866,তুমার সাথে তার কি সম্পর্ক,data/videos/video/4866.mp4,তুমার সাথে তার কি সম্পর্ক
3444,আমার অনেক জোর,data/videos/video/3444.mp4,আমার অনেক জোর
5260,আমার অনেক জোর,data/videos/video/5260.mp4,আমার অনেক জোর
1561,আমার চাচা শনিবার দুধ খায়,data/videos/video/1561.mp4,আমার চাচা শনিবার দুধ খায়
3096,আমি মঙ্গলবারে ঘুরতে যাই,data/videos/video/3096.mp4,আমি মঙ্গলবারে ঘুরতে যাই
2958,আমি ইলেক্ট্রিশিয়ান,data/videos/video/2958.mp4,আমি ইলেক্ট্রিশিয়ান
2414,আমার খালাতো ভাই রান্না খেতে মজা,data/videos/video/2414.mp4,আমার খালাতো ভাই রান্না খেতে মজা
2722,আমার বোন আম খেতে পছন্দ করে,data/videos/video/2722.mp4,আমার বোন আম খেতে পছন্দ করে
1090,আমি গনিত ভালো পারি না,data/videos/video/1090.mp4,আমি গনিত ভালো পারি না
4234,ভাই বিভাগ চায়,data/videos/video/4234.mp4,ভাই বিভাগ চায়
1413,ভাই বিভাগ চায়,data/videos/video/1413.mp4,ভাই বিভাগ চায়
1791,আমার বড় বোন মুরগি দেখে নাই,data/videos/video/1791.mp4,আমার বড় বোন মুরগি দেখে নাই
1507,১২ ফেব্রুয়ারী আমার জন্মদিন,data/videos/video/1507.mp4,১২ ফেব্রুয়ারী আমার জন্মদিন
3415,১২ ফেব্রুয়ারী আমার জন্মদিন,data/videos/video/3415.mp4,১২ ফেব্রুয়ারী আমার জন্মদিন
5302,১২ ফেব্রুয়ারী আমার জন্মদিন,data/videos/video/5302.mp4,১২ ফেব্রুয়ারী আমার জন্মদিন
904,আমার দাদা বাসায় থাকে,data/videos/video/904.mp4,আমার দাদা বাসায় থাকে
2960,আমি এপ্রিল নেপাল যাবো,data/videos/video/2960.mp4,আমি এপ্রিল নেপাল যাবো
1475,সে একজন জেলে,data/videos/video/1475.mp4,সে একজন জেলে
5429,সে একজন জেলে,data/videos/video/5429.mp4,সে একজন জেলে
4226,বোনের পরীক্ষা কেমন হয়েছে,data/videos/video/4226.mp4,বোনের পরীক্ষা কেমন হয়েছে
1396,বোনের পরীক্ষা কেমন হয়েছে,data/videos/video/1396.mp4,বোনের পরীক্ষা কেমন হয়েছে
1822,আমার বড় ভাই বিড়াল অনেকগুলো দেখে নি,data/videos/video/1822.mp4,আমার বড় ভাই বিড়াল অনেকগুলো দেখে নি
1709,আমার বোন অনেক গুলো বিড়াল দেখেছে,data/videos/video/1709.mp4,আমার বোন অনেক গুলো বিড়াল দেখেছে
2513,আমার চাচাতো ভাই নেপাল যাবে,data/videos/video/2513.mp4,আমার চাচাতো ভাই নেপাল যাবে
4517,আমার মা বনে যাবে,data/videos/video/4517.mp4,আমার মা বনে যাবে
103,আমার মা বনে যাবে,data/videos/video/103.mp4,আমার মা বনে যাবে
2229,পরে কি কাজ,data/videos/video/2229.mp4,পরে কি কাজ
1022,আমার সনদ পত্র কই,data/videos/video/1022.mp4,আমার সনদ পত্র কই
2354,আমার খালা ইউরোপ যাবে,data/videos/video/2354.mp4,আমার খালা ইউরোপ যাবে
1563,আমার চাচা শনিবার মাংস খায়,data/videos/video/1563.mp4,আমার চাচা শনিবার মাংস খায়
4965,ডেঙ্গু জ্বর হলে পেঁপে খাবেন,data/videos/video/4965.mp4,ডেঙ্গু জ্বর হলে পেঁপে খাবেন
3558,ডেঙ্গু জ্বর হলে পেঁপে খাবেন,data/videos/video/3558.mp4,ডেঙ্গু জ্বর হলে পেঁপে খাবেন
4063,তুমি অনেক ভালো,data/videos/video/4063.mp4,তুমি অনেক ভালো
1241,তুমি অনেক ভালো,data/videos/video/1241.mp4,তুমি অনেক ভালো
3276,তুমি অনেক ভালো,data/videos/video/3276.mp4,তুমি অনেক ভালো
5135,তুমি অনেক ভালো,data/videos/video/5135.mp4,তুমি অনেক ভালো
1275,তুমি ফোন দিও আমাকে,data/videos/video/1275.mp4,তুমি ফোন দিও আমাকে
4099,তুমি ফোন দিও আমাকে,data/videos/video/4099.mp4,তুমি ফোন দিও আমাকে
3950,আমার আরো অনেক লাগবে,data/videos/video/3950.mp4,আমার আরো অনেক লাগবে
875,আমার আরো অনেক লাগবে,data/videos/video/875.mp4,আমার আরো অনেক লাগবে
2297,সময় নাই আগে এই কাজ করি,data/videos/video/2297.mp4,সময় নাই আগে এই কাজ করি
1097,আমি চিঠি লিখবো,data/videos/video/1097.mp4,আমি চিঠি লিখবো
2029,আমার স্ত্রী সোমবার মাংস খায়,data/videos/video/2029.mp4,আমার স্ত্রী সোমবার মাংস খায়
4357,আমি অক্টোবরে এশিয়া যাব,data/videos/video/4357.mp4,আমি অক্টোবরে এশিয়া যাব
162,আমি অক্টোবরে এশিয়া যাব,data/videos/video/162.mp4,আমি অক্টোবরে এশিয়া যাব
1973,আমার মা হাস দেখেছে,data/videos/video/1973.mp4,আমার মা হাস দেখেছে
167,আমি আগস্ট বিদেশ যাব,data/videos/video/167.mp4,আমি আগস্ট বিদেশ যাব
4426,আমি আগস্ট বিদেশ যাব,data/videos/video/4426.mp4,আমি আগস্ট বিদেশ যাব
4071,তুমি এখন মসজিদে যাবে,data/videos/video/4071.mp4,তুমি এখন মসজিদে যাবে
1249,তুমি এখন মসজিদে যাবে,data/videos/video/1249.mp4,তুমি এখন মসজিদে যাবে
1560,আমার চাচা রবিবার মাছ খায়,data/videos/video/1560.mp4,আমার চাচা রবিবার মাছ খায়
884,আমার চাচা ভালো আছে,data/videos/video/884.mp4,আমার চাচা ভালো আছে
1817,আমার বড় ভাই টিয়া পাখি দেখে নাই,data/videos/video/1817.mp4,আমার বড় ভাই টিয়া পাখি দেখে নাই
2013,আমার স্ত্রী মংগলবার দুধ খায়,data/videos/video/2013.mp4,আমার স্ত্রী মংগলবার দুধ খায়
2980,আমি জানুয়ারিতে পাকিস্তান যাব,data/videos/video/2980.mp4,আমি জানুয়ারিতে পাকিস্তান যাব
961,আমার বাবুটা সুন্দর,data/videos/video/961.mp4,আমার বাবুটা সুন্দর
2979,আমি জানুয়ারিতে নেপাল যাবো,data/videos/video/2979.mp4,আমি জানুয়ারিতে নেপাল যাবো
3999,আমি লিখতে জানি,data/videos/video/3999.mp4,আমি লিখতে জানি
1175,আমি লিখতে জানি,data/videos/video/1175.mp4,আমি লিখতে জানি
3140,আমি রবিবারে জাপান যাবো,data/videos/video/3140.mp4,আমি রবিবারে জাপান যাবো
5044,দেখা কোরে ওয়ানক ভ্যালো লাগ্লো,data/videos/video/5044.mp4,দেখা কোরে ওয়ানক ভ্যালো লাগ্লো
3934,দেখা কোরে ওয়ানক ভ্যালো লাগ্লো,data/videos/video/3934.mp4,দেখা কোরে ওয়ানক ভ্যালো লাগ্লো
1614,আমার ছোট বোন হাস দেখেছে,data/videos/video/1614.mp4,আমার ছোট বোন হাস দেখেছে
2233,মামা আমি তোমাকে অনেক পছন্দ করি,data/videos/video/2233.mp4,মামা আমি তোমাকে অনেক পছন্দ করি
2690,আমার বাবা জাপান যাবে,data/videos/video/2690.mp4,আমার বাবা জাপান যাবে
1108,আমি ডাল খাবো,data/videos/video/1108.mp4,আমি ডাল খাবো
4090,তুমি দৃষ্টি প্রতিবিন্ধী কীভাবে,data/videos/video/4090.mp4,তুমি দৃষ্টি প্রতিবিন্ধী কীভাবে
1267,তুমি দৃষ্টি প্রতিবিন্ধী কীভাবে,data/videos/video/1267.mp4,তুমি দৃষ্টি প্রতিবিন্ধী কীভাবে
51,আমার বোনপূর্ব দিকে যাবে,data/videos/video/51.mp4,আমার বোনপূর্ব দিকে যাবে
4463,আমার বোনপূর্ব দিকে যাবে,data/videos/video/4463.mp4,আমার বোনপূর্ব দিকে যাবে
4541,আমার বাবার গরু ভালো লাগে,data/videos/video/4541.mp4,আমার বাবার গরু ভালো লাগে
25,আমার বাবার গরু ভালো লাগে,data/videos/video/25.mp4,আমার বাবার গরু ভালো লাগে
260,আমি ফেব্রুয়ারিতে ইংল্যান্ড যাব,data/videos/video/260.mp4,আমি ফেব্রুয়ারিতে ইংল্যান্ড যাব
4327,আমি ফেব্রুয়ারিতে ইংল্যান্ড যাব,data/videos/video/4327.mp4,আমি ফেব্রুয়ারিতে ইংল্যান্ড যাব
4242,ভিতরে আসুন,data/videos/video/4242.mp4,ভিতরে আসুন
1421,ভিতরে আসুন,data/videos/video/1421.mp4,ভিতরে আসুন
2806,আমার মা এশিয়া যাবে,data/videos/video/2806.mp4,আমার মা এশিয়া যাবে
2321,আপনার মা কি কাজ করে,data/videos/video/2321.mp4,আপনার মা কি কাজ করে
2382,আমার খালাতো বোন ইউরোপ যাবে,data/videos/video/2382.mp4,আমার খালাতো বোন ইউরোপ যাবে
1684,আমার বাবা রবিবার মাংস খাবে,data/videos/video/1684.mp4,আমার বাবা রবিবার মাংস খাবে
2348,আমার খালতো ভাই ভালো,data/videos/video/2348.mp4,আমার খালতো ভাই ভালো
2169,গতকাল আমি তোমার সাথে দেখা করবো,data/videos/video/2169.mp4,গতকাল আমি তোমার সাথে দেখা করবো
3322,তোমার ফুফুর নাম কি,data/videos/video/3322.mp4,তোমার ফুফুর নাম কি
5201,তোমার ফুফুর নাম কি,data/videos/video/5201.mp4,তোমার ফুফুর নাম কি
2396,আমার খালাতো বোনের রান্না খেতে মজা,data/videos/video/2396.mp4,আমার খালাতো বোনের রান্না খেতে মজা
3912,অমি দুকখিতো,data/videos/video/3912.mp4,অমি দুকখিতো
5043,অমি দুকখিতো,data/videos/video/5043.mp4,অমি দুকখিতো
1496,স্ত্রী,data/videos/video/1496.mp4,স্ত্রী
5449,স্ত্রী,data/videos/video/5449.mp4,স্ত্রী
3195,আমি শুক্রবারে ক্রিকেট খেলি,data/videos/video/3195.mp4,আমি শুক্রবারে ক্রিকেট খেলি
2706,আমার বাবা লিচু খেতে পছন্দ করে,data/videos/video/2706.mp4,আমার বাবা লিচু খেতে পছন্দ করে
3989,আমি মন্দিরে যাবো,data/videos/video/3989.mp4,আমি মন্দিরে যাবো
1165,আমি মন্দিরে যাবো,data/videos/video/1165.mp4,আমি মন্দিরে যাবো
3194,আমি শুক্রবারে কানাডা যাব,data/videos/video/3194.mp4,আমি শুক্রবারে কানাডা যাব
4651,আজকে মংগলবার আমার জন্মদিন,data/videos/video/4651.mp4,আজকে মংগলবার আমার জন্মদিন
802,আজকে মংগলবার আমার জন্মদিন,data/videos/video/802.mp4,আজকে মংগলবার আমার জন্মদিন
2812,আমার মা নেপাল যাবে,data/videos/video/2812.mp4,আমার মা নেপাল যাবে
2368,আমার খালা ভারত যাবে,data/videos/video/2368.mp4,আমার খালা ভারত যাবে
2702,আমার বাবা ভালো,data/videos/video/2702.mp4,আমার বাবা ভালো
1706,আমার বোন অনেক গুলো ঘোড়া দেখে নাই,data/videos/video/1706.mp4,আমার বোন অনেক গুলো ঘোড়া দেখে নাই
891,আমার ছুটি চাই,data/videos/video/891.mp4,আমার ছুটি চাই
186,আমি এপ্রিলে বিদেশ যাব,data/videos/video/186.mp4,আমি এপ্রিলে বিদেশ যাব
4410,আমি এপ্রিলে বিদেশ যাব,data/videos/video/4410.mp4,আমি এপ্রিলে বিদেশ যাব
268,আমি ফেব্রুয়ারিতে সৌদি আরব যাব,data/videos/video/268.mp4,আমি ফেব্রুয়ারিতে সৌদি আরব যাব
4310,আমি ফেব্রুয়ারিতে সৌদি আরব যাব,data/videos/video/4310.mp4,আমি ফেব্রুয়ারিতে সৌদি আরব যাব
1047,আমি আম খাবো,data/videos/video/1047.mp4,আমি আম খাবো
2883,আমার মামাতো ভাই চিন যাবে,data/videos/video/2883.mp4,আমার মামাতো ভাই চিন যাবে
3669,হলুদ রং দেখতে সুন্দর,data/videos/video/3669.mp4,হলুদ রং দেখতে সুন্দর
4882,হলুদ রং দেখতে সুন্দর,data/videos/video/4882.mp4,হলুদ রং দেখতে সুন্দর
320,তুমি পূর্ব দিকে যাবা,data/videos/video/320.mp4,তুমি পূর্ব দিকে যাবা
4456,তুমি পূর্ব দিকে যাবা,data/videos/video/4456.mp4,তুমি পূর্ব দিকে যাবা
2002,আমার মেয়ে সোমবার ভাত খায়,data/videos/video/2002.mp4,আমার মেয়ে সোমবার ভাত খায়
1890,আমার ভাই শুক্রবার ভাত খায়,data/videos/video/1890.mp4,আমার ভাই শুক্রবার ভাত খায়
5131,তোমার মা অনেক সুন্দর,data/videos/video/5131.mp4,তোমার মা অনেক সুন্দর
3332,তোমার মা অনেক সুন্দর,data/videos/video/3332.mp4,তোমার মা অনেক সুন্দর
4765,আমার বাবা অংকের শিক্ষক,data/videos/video/4765.mp4,আমার বাবা অংকের শিক্ষক
3710,আমার বাবা অংকের শিক্ষক,data/videos/video/3710.mp4,আমার বাবা অংকের শিক্ষক
4121,তুমি হসপিটালে যাও,data/videos/video/4121.mp4,তুমি হসপিটালে যাও
1298,তুমি হসপিটালে যাও,data/videos/video/1298.mp4,তুমি হসপিটালে যাও
3599,পানি বেশি বেশি খাবেন,data/videos/video/3599.mp4,পানি বেশি বেশি খাবেন
4968,পানি বেশি বেশি খাবেন,data/videos/video/4968.mp4,পানি বেশি বেশি খাবেন
5395,বোনের মাতৃভাষা বাংলা,data/videos/video/5395.mp4,বোনের মাতৃভাষা বাংলা
3823,বোনের মাতৃভাষা বাংলা,data/videos/video/3823.mp4,বোনের মাতৃভাষা বাংলা
3067,আমি বৃহস্পতিবার মুভি দেখতে যাব,data/videos/video/3067.mp4,আমি বৃহস্পতিবার মুভি দেখতে যাব
1645,আমার বাবা গরু দেখেছে,data/videos/video/1645.mp4,আমার বাবা গরু দেখেছে
161,আমি অক্টোবরে ইউরোপ যাব,data/videos/video/161.mp4,আমি অক্টোবরে ইউরোপ যাব
4374,আমি অক্টোবরে ইউরোপ যাব,data/videos/video/4374.mp4,আমি অক্টোবরে ইউরোপ যাব
3242,আমি সোমবারে রোজা রাখি,data/videos/video/3242.mp4,আমি সোমবারে রোজা রাখি
5015,আমি সোমবারে রোজা রাখি,data/videos/video/5015.mp4,আমি সোমবারে রোজা রাখি
3028,আমি বিহস্পতিবার স্কুল এ যাই,data/videos/video/3028.mp4,আমি বিহস্পতিবার স্কুল এ যাই
1735,আমার বোন বৃহস্পতিবার দুধ খায়,data/videos/video/1735.mp4,আমার বোন বৃহস্পতিবার দুধ খায়
2619,আমার ফুফাতো ভাই অস্ট্রেলিয়া যাবে,data/videos/video/2619.mp4,আমার ফুফাতো ভাই অস্ট্রেলিয়া যাবে
3093,আমি মঙ্গলবারে কানাডা যাব,data/videos/video/3093.mp4,আমি মঙ্গলবারে কানাডা যাব
202,আমি জুন মাসে অস্ট্রেলিয়া যাব,data/videos/video/202.mp4,আমি জুন মাসে অস্ট্রেলিয়া যাব
4407,আমি জুন মাসে অস্ট্রেলিয়া যাব,data/videos/video/4407.mp4,আমি জুন মাসে অস্ট্রেলিয়া যাব
2177,তুমি এনিমেল দেখেছো,data/videos/video/2177.mp4,তুমি এনিমেল দেখেছো
1599,আমার ছেলে সোমবার ভাত খায়,data/videos/video/1599.mp4,আমার ছেলে সোমবার ভাত খায়
1590,আমার ছেলে শনিবার দুধ খায়,data/videos/video/1590.mp4,আমার ছেলে শনিবার দুধ খায়
1433,মা লিখতে জানে,data/videos/video/1433.mp4,মা লিখতে জানে
4254,মা লিখতে জানে,data/videos/video/4254.mp4,মা লিখতে জানে
3044,আমি বুধবারে নেপাল যাব,data/videos/video/3044.mp4,আমি বুধবারে নেপাল যাব
3890,ভিতরে আশুন এবং বসুন,data/videos/video/3890.mp4,ভিতরে আশুন এবং বসুন
5114,ভিতরে আশুন এবং বসুন,data/videos/video/5114.mp4,ভিতরে আশুন এবং বসুন
2389,আমার খালাতো বোন বিদেশ যাবে,data/videos/video/2389.mp4,আমার খালাতো বোন বিদেশ যাবে
4404,আমি ডিসেম্বর অস্ট্রেলিয়া যাব,data/videos/video/4404.mp4,আমি ডিসেম্বর অস্ট্রেলিয়া যাব
227,আমি ডিসেম্বর অস্ট্রেলিয়া যাব,data/videos/video/227.mp4,আমি ডিসেম্বর অস্ট্রেলিয়া যাব
5279,প্রতিদিন গোসুল এর সময় সাবান শ্যাম্পু দিয়ে গোসুল করি,data/videos/video/5279.mp4,প্রতিদিন গোসুল এর সময় সাবান শ্যাম্পু দিয়ে গোসুল করি
3606,প্রতিদিন গোসুল এর সময় সাবান শ্যাম্পু দিয়ে গোসুল করি,data/videos/video/3606.mp4,প্রতিদিন গোসুল এর সময় সাবান শ্যাম্পু দিয়ে গোসুল করি
5,আমার ঘোড়া ভাল লাগে,data/videos/video/5.mp4,আমার ঘোড়া ভাল লাগে
4564,আমার ঘোড়া ভাল লাগে,data/videos/video/4564.mp4,আমার ঘোড়া ভাল লাগে
5428,সে আলু খাবে,data/videos/video/5428.mp4,সে আলু খাবে
1474,সে আলু খাবে,data/videos/video/1474.mp4,সে আলু খাবে
3652,সকাল সন্ধা মশা সাবধান,data/videos/video/3652.mp4,সকাল সন্ধা মশা সাবধান
4963,সকাল সন্ধা মশা সাবধান,data/videos/video/4963.mp4,সকাল সন্ধা মশা সাবধান
4558,আমার বাবার বিচার ভালো লাগে,data/videos/video/4558.mp4,আমার বাবার বিচার ভালো লাগে
33,আমার বাবার বিচার ভালো লাগে,data/videos/video/33.mp4,আমার বাবার বিচার ভালো লাগে
2346,আমার কালো রং ভালো লাগে,data/videos/video/2346.mp4,আমার কালো রং ভালো লাগে
4574,আমার বাবার পাখি পছন্দ,data/videos/video/4574.mp4,আমার বাবার পাখি পছন্দ
29,আমার বাবার পাখি পছন্দ,data/videos/video/29.mp4,আমার বাবার পাখি পছন্দ
1880,আমার ভাই মুরগী দেখেছে,data/videos/video/1880.mp4,আমার ভাই মুরগী দেখেছে
2845,আমার মামা ফুটবল খেলা পছন্দ করে,data/videos/video/2845.mp4,আমার মামা ফুটবল খেলা পছন্দ করে
2524,আমার চাচাতো ভাই শ্রীলঙ্কায় যাবে,data/videos/video/2524.mp4,আমার চাচাতো ভাই শ্রীলঙ্কায় যাবে
3918,আজকে দিন টা খুব শুন্ডোর,data/videos/video/3918.mp4,আজকে দিন টা খুব শুন্ডোর
5050,আজকে দিন টা খুব শুন্ডোর,data/videos/video/5050.mp4,আজকে দিন টা খুব শুন্ডোর
2996,আমি ডিসেম্বরে পাকিস্তান যাব,data/videos/video/2996.mp4,আমি ডিসেম্বরে পাকিস্তান যাব
2799,আমার মসজিদ ভালো লাগে,data/videos/video/2799.mp4,আমার মসজিদ ভালো লাগে
309,আমি সেপ্টেম্বরে সৌদিআরব যাব,data/videos/video/309.mp4,আমি সেপ্টেম্বরে সৌদিআরব যাব
4312,আমি সেপ্টেম্বরে সৌদিআরব যাব,data/videos/video/4312.mp4,আমি সেপ্টেম্বরে সৌদিআরব যাব
4748,অতীত কেমন ছিলো,data/videos/video/4748.mp4,অতীত কেমন ছিলো
3675,অতীত কেমন ছিলো,data/videos/video/3675.mp4,অতীত কেমন ছিলো
3035,আমি বুধবার স্কুল এ যাই,data/videos/video/3035.mp4,আমি বুধবার স্কুল এ যাই
3068,আমি বৃহস্পতিবার রাশিয়া যাব,data/videos/video/3068.mp4,আমি বৃহস্পতিবার রাশিয়া যাব
2604,আমার ফুফাতো বোন ইউরোপ যাবে,data/videos/video/2604.mp4,আমার ফুফাতো বোন ইউরোপ যাবে
5177,মঙ্গলবারে মুভি দেখতে যাব,data/videos/video/5177.mp4,মঙ্গলবারে মুভি দেখতে যাব
3359,মঙ্গলবারে মুভি দেখতে যাব,data/videos/video/3359.mp4,মঙ্গলবারে মুভি দেখতে যাব
2885,আমার মামাতো ভাই পাকিস্তানি যাবে,data/videos/video/2885.mp4,আমার মামাতো ভাই পাকিস্তানি যাবে
1455,রিকশাচালক কে সঠিক ভাড়া দিন,data/videos/video/1455.mp4,রিকশাচালক কে সঠিক ভাড়া দিন
4268,রিকশাচালক কে সঠিক ভাড়া দিন,data/videos/video/4268.mp4,রিকশাচালক কে সঠিক ভাড়া দিন
3670,হাত সাবান দিয়ে ধুয়ে,data/videos/video/3670.mp4,হাত সাবান দিয়ে ধুয়ে
4908,হাত সাবান দিয়ে ধুয়ে,data/videos/video/4908.mp4,হাত সাবান দিয়ে ধুয়ে
5369,আমি হাটছি,data/videos/video/5369.mp4,আমি হাটছি
3773,আমি হাটছি,data/videos/video/3773.mp4,আমি হাটছি
2268,মামী শনিবার ভাত খায়,data/videos/video/2268.mp4,মামী শনিবার ভাত খায়
2170,চাচা আমি দেখি না,data/videos/video/2170.mp4,চাচা আমি দেখি না
2775,আমার ভাই নেপাল যাবে,data/videos/video/2775.mp4,আমার ভাই নেপাল যাবে
4033,কৃষক আমাকে দেখেছে,data/videos/video/4033.mp4,কৃষক আমাকে দেখেছে
1209,কৃষক আমাকে দেখেছে,data/videos/video/1209.mp4,কৃষক আমাকে দেখেছে
2501,আমার চাচাতো বোন শ্রীলঙ্কায় যাবে,data/videos/video/2501.mp4,আমার চাচাতো বোন শ্রীলঙ্কায় যাবে
2102,আমি পরে শুনবো,data/videos/video/2102.mp4,আমি পরে শুনবো
977,আমার বড় বোন আছে,data/videos/video/977.mp4,আমার বড় বোন আছে
4854,ভূমিকম্প হতে সাবধান,data/videos/video/4854.mp4,ভূমিকম্প হতে সাবধান
3636,ভূমিকম্প হতে সাবধান,data/videos/video/3636.mp4,ভূমিকম্প হতে সাবধান
243,আমি নভেম্বর ইংল্যান্ডে যাব,data/videos/video/243.mp4,আমি নভেম্বর ইংল্যান্ডে যাব
4333,আমি নভেম্বর ইংল্যান্ডে যাব,data/videos/video/4333.mp4,আমি নভেম্বর ইংল্যান্ডে যাব
1729,আমার বোন বিড়াল দেখে নি,data/videos/video/1729.mp4,আমার বোন বিড়াল দেখে নি
5324,দয়া করুন,data/videos/video/5324.mp4,দয়া করুন
3813,দয়া করুন,data/videos/video/3813.mp4,দয়া করুন
3593,দূর থেকে দেখলে মনে হয় আমার পেছনের সি এন গের বসার সিট খালি,data/videos/video/3593.mp4,দূর থেকে দেখলে মনে হয় আমার পেছনের সি এন গের বসার সিট খালি
4980,দূর থেকে দেখলে মনে হয় আমার পেছনের সি এন গের বসার সিট খালি,data/videos/video/4980.mp4,দূর থেকে দেখলে মনে হয় আমার পেছনের সি এন গের বসার সিট খালি
3899,অপনি কোথাই পোরাশোনা কোরেন,data/videos/video/3899.mp4,অপনি কোথাই পোরাশোনা কোরেন
5039,অপনি কোথাই পোরাশোনা কোরেন,data/videos/video/5039.mp4,অপনি কোথাই পোরাশোনা কোরেন
1069,আমি কখন হাটবো,data/videos/video/1069.mp4,আমি কখন হাটবো
2592,আমার ফুফা বাংলাদেশে যাবে,data/videos/video/2592.mp4,আমার ফুফা বাংলাদেশে যাবে
3875,আমি আগামীকাল বাড়িতে যাব,data/videos/video/3875.mp4,আমি আগামীকাল বাড়িতে যাব
5223,আমি আগামীকাল বাড়িতে যাব,data/videos/video/5223.mp4,আমি আগামীকাল বাড়িতে যাব
1853,আমার ভাই গরু দেখেছে,data/videos/video/1853.mp4,আমার ভাই গরু দেখেছে
3673,৭ ফেব্রুয়ারী শ্রবণ ও প্রতিবন্দি বেক্তিগনের ইশারা ভাষা দিবসে অনুষ্ঠান উজ্জাপন করে,data/videos/video/3673.mp4,৭ ফেব্রুয়ারী শ্রবণ ও প্রতিবন্দি বেক্তিগনের ইশারা ভাষা দিবসে অনুষ্ঠান উজ্জাপন করে
4862,৭ ফেব্রুয়ারী শ্রবণ ও প্রতিবন্দি বেক্তিগনের ইশারা ভাষা দিবসে অনুষ্ঠান উজ্জাপন করে,data/videos/video/4862.mp4,৭ ফেব্রুয়ারী শ্রবণ ও প্রতিবন্দি বেক্তিগনের ইশারা ভাষা দিবসে অনুষ্ঠান উজ্জাপন করে
1491,সে দুধ খাবে,data/videos/video/1491.mp4,সে দুধ খাবে
5444,সে দুধ খাবে,data/videos/video/5444.mp4,সে দুধ খাবে
3260,জানুয়ারিতে গ্রীষ্মকাল থাকে,data/videos/video/3260.mp4,জানুয়ারিতে গ্রীষ্মকাল থাকে
5180,জানুয়ারিতে গ্রীষ্মকাল থাকে,data/videos/video/5180.mp4,জানুয়ারিতে গ্রীষ্মকাল থাকে
2239,মামা বুধবার ভাত খায়,data/videos/video/2239.mp4,মামা বুধবার ভাত খায়
2745,আমার বোন ভুটান যাবে,data/videos/video/2745.mp4,আমার বোন ভুটান যাবে
3630,বুঝতে পেরেছেন,data/videos/video/3630.mp4,বুঝতে পেরেছেন
4926,বুঝতে পেরেছেন,data/videos/video/4926.mp4,বুঝতে পেরেছেন
3062,আমি বৃহস্পতিবার এই ঘুরতে যাব,data/videos/video/3062.mp4,আমি বৃহস্পতিবার এই ঘুরতে যাব
4484,তুমি মহাসাগর দেখতে যাবে,data/videos/video/4484.mp4,তুমি মহাসাগর দেখতে যাবে
324,তুমি মহাসাগর দেখতে যাবে,data/videos/video/324.mp4,তুমি মহাসাগর দেখতে যাবে
2535,আমার চাচি ক্রিকেট খেলা পছন্দ করে না,data/videos/video/2535.mp4,আমার চাচি ক্রিকেট খেলা পছন্দ করে না
2218,দিনে আমি কি কাজ করি,data/videos/video/2218.mp4,দিনে আমি কি কাজ করি
2195,তুমি মংগলবার ভাত খাবে,data/videos/video/2195.mp4,তুমি মংগলবার ভাত খাবে
1518,আগে আমার বোন খাবে,data/videos/video/1518.mp4,আগে আমার বোন খাবে
3108,আমি মঙ্গলবারে শ্রীলংকা যাব,data/videos/video/3108.mp4,আমি মঙ্গলবারে শ্রীলংকা যাব
1713,আমার বোন ইলিশ মাছ খাবে,data/videos/video/1713.mp4,আমার বোন ইলিশ মাছ খাবে
2114,আমি বুধবার দুধ খাবো,data/videos/video/2114.mp4,আমি বুধবার দুধ খাবো
2978,আমি চীন যাব,data/videos/video/2978.mp4,আমি চীন যাব
302,আমি সেপ্টেম্বরে ইউরোপ যাব,data/videos/video/302.mp4,আমি সেপ্টেম্বরে ইউরোপ যাব
4384,আমি সেপ্টেম্বরে ইউরোপ যাব,data/videos/video/4384.mp4,আমি সেপ্টেম্বরে ইউরোপ যাব
2901,আমার মামি ইংল্যান্ডে যাবে,data/videos/video/2901.mp4,আমার মামি ইংল্যান্ডে যাবে
2914,আমার মামি সৌদি আরব যাবে,data/videos/video/2914.mp4,আমার মামি সৌদি আরব যাবে
2366,আমার খালা বাংলাদেশের যাবে,data/videos/video/2366.mp4,আমার খালা বাংলাদেশের যাবে
304,আমি সেপ্টেম্বরে কানাডা যাব,data/videos/video/304.mp4,আমি সেপ্টেম্বরে কানাডা যাব
4340,আমি সেপ্টেম্বরে কানাডা যাব,data/videos/video/4340.mp4,আমি সেপ্টেম্বরে কানাডা যাব
4313,আমি অক্টোবর সৌদি আরব যাব,data/videos/video/4313.mp4,আমি অক্টোবর সৌদি আরব যাব
157,আমি অক্টোবর সৌদি আরব যাব,data/videos/video/157.mp4,আমি অক্টোবর সৌদি আরব যাব
2196,তুমি মংগলবার মাংস খাবে,data/videos/video/2196.mp4,তুমি মংগলবার মাংস খাবে
2599,আমার ফুফা সৌদি আরব যাবে,data/videos/video/2599.mp4,আমার ফুফা সৌদি আরব যাবে
4038,ক্ষিদা লেগেছে খাবো,data/videos/video/4038.mp4,ক্ষিদা লেগেছে খাবো
1214,ক্ষিদা লেগেছে খাবো,data/videos/video/1214.mp4,ক্ষিদা লেগেছে খাবো
935,আমার প্রিয় রঙ সবুজ,data/videos/video/935.mp4,আমার প্রিয় রঙ সবুজ
2515,আমার চাচাতো ভাই বাংলাদেশে যাবে,data/videos/video/2515.mp4,আমার চাচাতো ভাই বাংলাদেশে যাবে
1541,আমরা সবাই বিমানে যাবো,data/videos/video/1541.mp4,আমরা সবাই বিমানে যাবো
4943,ব্রাশ করে মুখ ধোয়,data/videos/video/4943.mp4,ব্রাশ করে মুখ ধোয়
3633,ব্রাশ করে মুখ ধোয়,data/videos/video/3633.mp4,ব্রাশ করে মুখ ধোয়
2468,আমার চাচা পাকিস্তান যাবে,data/videos/video/2468.mp4,আমার চাচা পাকিস্তান যাবে
2096,আমি তেলাপোকা দেখেছি,data/videos/video/2096.mp4,আমি তেলাপোকা দেখেছি
3959,আমি পুলিশ দেখেছি,data/videos/video/3959.mp4,আমি পুলিশ দেখেছি
1132,আমি পুলিশ দেখেছি,data/videos/video/1132.mp4,আমি পুলিশ দেখেছি
3455,আমার ডেঙ্গু জোর হয়েছে,data/videos/video/3455.mp4,আমার ডেঙ্গু জোর হয়েছে
5262,আমার ডেঙ্গু জোর হয়েছে,data/videos/video/5262.mp4,আমার ডেঙ্গু জোর হয়েছে
2695,আমার বাবা পেয়ারা খেতে পছন্দ করে,data/videos/video/2695.mp4,আমার বাবা পেয়ারা খেতে পছন্দ করে
114,আমার মামা পশ্চিম দিকে যাবে,data/videos/video/114.mp4,আমার মামা পশ্চিম দিকে যাবে
4477,আমার মামা পশ্চিম দিকে যাবে,data/videos/video/4477.mp4,আমার মামা পশ্চিম দিকে যাবে
2003,আমার মেয়ে সোমবার মাংস খায়,data/videos/video/2003.mp4,আমার মেয়ে সোমবার মাংস খায়
3179,আমি শনিবারের রাশিয়া যাব,data/videos/video/3179.mp4,আমি শনিবারের রাশিয়া যাব
1037,আমি অনেক দূর্বল,data/videos/video/1037.mp4,আমি অনেক দূর্বল
3180,আমি শিক্ষার্থী,data/videos/video/3180.mp4,আমি শিক্ষার্থী
3621,বাসায় পানি জমা রাখা যাবে না,data/videos/video/3621.mp4,বাসায় পানি জমা রাখা যাবে না
4958,বাসায় পানি জমা রাখা যাবে না,data/videos/video/4958.mp4,বাসায় পানি জমা রাখা যাবে না
4518,আমার বোন বনে যাব,data/videos/video/4518.mp4,আমার বোন বনে যাব
46,আমার বোন বনে যাব,data/videos/video/46.mp4,আমার বোন বনে যাব
2121,আমি বৃহস্পতিবার মাছ খাবো,data/videos/video/2121.mp4,আমি বৃহস্পতিবার মাছ খাবো
3121,আমি মে তে পাকিস্তান যাব,data/videos/video/3121.mp4,আমি মে তে পাকিস্তান যাব
4197,বাবা নোটিশ দেখেছে,data/videos/video/4197.mp4,বাবা নোটিশ দেখেছে
1373,বাবা নোটিশ দেখেছে,data/videos/video/1373.mp4,বাবা নোটিশ দেখেছে
2719,আমার বিশেষ শিক্ষা দরকার,data/videos/video/2719.mp4,আমার বিশেষ শিক্ষা দরকার
5418,২২ আগষ্ট আমার জন্মদিন,data/videos/video/5418.mp4,২২ আগষ্ট আমার জন্মদিন
1511,২২ আগষ্ট আমার জন্মদিন,data/videos/video/1511.mp4,২২ আগষ্ট আমার জন্মদিন
3417,২২ আগষ্ট আমার জন্মদিন,data/videos/video/3417.mp4,২২ আগষ্ট আমার জন্মদিন
5304,২২ আগষ্ট আমার জন্মদিন,data/videos/video/5304.mp4,২২ আগষ্ট আমার জন্মদিন
1734,আমার বোন বুধবার মাছ খায়,data/videos/video/1734.mp4,আমার বোন বুধবার মাছ খায়
912,আমার নানা অনেক ভালো,data/videos/video/912.mp4,আমার নানা অনেক ভালো
1079,আমি ক্রয় করেছি,data/videos/video/1079.mp4,আমি ক্রয় করেছি
3268,জুলাই মাসে ঘুরতে যাব,data/videos/video/3268.mp4,জুলাই মাসে ঘুরতে যাব
5190,জুলাই মাসে ঘুরতে যাব,data/videos/video/5190.mp4,জুলাই মাসে ঘুরতে যাব
1989,আমার মেয়ে রবিবার দুধ খায়,data/videos/video/1989.mp4,আমার মেয়ে রবিবার দুধ খায়
2099,আমি দুপুর ১ টায় মসজিদে যাই নামায পড়তে,data/videos/video/2099.mp4,আমি দুপুর ১ টায় মসজিদে যাই নামায পড়তে
2175,তুমি আমাকে কল দিও দুপুর ১ টায়,data/videos/video/2175.mp4,তুমি আমাকে কল দিও দুপুর ১ টায়
4804,আমার বাবা ঘোড়া দেখেছে,data/videos/video/4804.mp4,আমার বাবা ঘোড়া দেখেছে
3386,আমার বাবা ঘোড়া দেখেছে,data/videos/video/3386.mp4,আমার বাবা ঘোড়া দেখেছে
1647,আমার বাবা ঘোড়া দেখেছে,data/videos/video/1647.mp4,আমার বাবা ঘোড়া দেখেছে
996,আমার ভাই সুন্দর দেখতে,data/videos/video/996.mp4,আমার ভাই সুন্দর দেখতে
4160,তোমার মিটিং কখন,data/videos/video/4160.mp4,তোমার মিটিং কখন
1338,তোমার মিটিং কখন,data/videos/video/1338.mp4,তোমার মিটিং কখন
3129,আমি রবিবার আমেরিকা যাবো,data/videos/video/3129.mp4,আমি রবিবার আমেরিকা যাবো
1642,আমার বাবা খরগোশ দেখে নাই,data/videos/video/1642.mp4,আমার বাবা খরগোশ দেখে নাই
2377,আমার খালাতো বোন অনেক ভালো,data/videos/video/2377.mp4,আমার খালাতো বোন অনেক ভালো
1743,আমার বোন মংগলবার মাছ খায়,data/videos/video/1743.mp4,আমার বোন মংগলবার মাছ খায়
5317,আমার শরীর ভালো,data/videos/video/5317.mp4,আমার শরীর ভালো
3756,আমার শরীর ভালো,data/videos/video/3756.mp4,আমার শরীর ভালো
1900,আমার ভাই সোমবার মাছ খায়,data/videos/video/1900.mp4,আমার ভাই সোমবার মাছ খায়
3858,আপনি অনেক সুন্দর,data/videos/video/3858.mp4,আপনি অনেক সুন্দর
5027,আপনি অনেক সুন্দর,data/videos/video/5027.mp4,আপনি অনেক সুন্দর
1685,আমার বাবা রবিবার মাছ খাবে,data/videos/video/1685.mp4,আমার বাবা রবিবার মাছ খাবে
2342,আমার কমলা রং ভালো লাগে,data/videos/video/2342.mp4,আমার কমলা রং ভালো লাগে
1439,মামী বুধবার দুধ খায়,data/videos/video/1439.mp4,মামী বুধবার দুধ খায়
4616,মামী বুধবার দুধ খায়,data/videos/video/4616.mp4,মামী বুধবার দুধ খায়
2238,মামা বুধবার দুধ খায়,data/videos/video/2238.mp4,মামা বুধবার দুধ খায়
4766,আমার মা অংকের শিক্ষক,data/videos/video/4766.mp4,আমার মা অংকের শিক্ষক
3747,আমার মা অংকের শিক্ষক,data/videos/video/3747.mp4,আমার মা অংকের শিক্ষক
3586,তুমি রুটি রান্না করো,data/videos/video/3586.mp4,তুমি রুটি রান্না করো
4945,তুমি রুটি রান্না করো,data/videos/video/4945.mp4,তুমি রুটি রান্না করো
2696,আমার বাবা ফুটবল খেলা পছন্দ করি,data/videos/video/2696.mp4,আমার বাবা ফুটবল খেলা পছন্দ করি
4369,আমি মার্চ মাসে এশিয়া যাব,data/videos/video/4369.mp4,আমি মার্চ মাসে এশিয়া যাব
276,আমি মার্চ মাসে এশিয়া যাব,data/videos/video/276.mp4,আমি মার্চ মাসে এশিয়া যাব
4119,তুমি সমাজ বই সম্পর্কে জানো,data/videos/video/4119.mp4,তুমি সমাজ বই সম্পর্কে জানো
1296,তুমি সমাজ বই সম্পর্কে জানো,data/videos/video/1296.mp4,তুমি সমাজ বই সম্পর্কে জানো
4047,চিনি খাবো না,data/videos/video/4047.mp4,চিনি খাবো না
1224,চিনি খাবো না,data/videos/video/1224.mp4,চিনি খাবো না
1746,আমার বোন রবিবার দুধ খায়,data/videos/video/1746.mp4,আমার বোন রবিবার দুধ খায়
4488,আমার মামার মানচিত্র দেখতে ভালো লাগে,data/videos/video/4488.mp4,আমার মামার মানচিত্র দেখতে ভালো লাগে
132,আমার মামার মানচিত্র দেখতে ভালো লাগে,data/videos/video/132.mp4,আমার মামার মানচিত্র দেখতে ভালো লাগে
3493,আমি খুব সকালে ঘুম থেকে উঠি,data/videos/video/3493.mp4,আমি খুব সকালে  ঘুম থেকে উঠি
5270,আমি খুব সকালে ঘুম থেকে উঠি,data/videos/video/5270.mp4,আমি খুব সকালে  ঘুম থেকে উঠি
2612,আমার ফুফাতো বোন ভারত যাবে,data/videos/video/2612.mp4,আমার ফুফাতো বোন ভারত যাবে
2718,আমার বাসা ভালো লাগে,data/videos/video/2718.mp4,আমার বাসা ভালো লাগে
4818,পাঞ্জাবি পরলে আমাকে সুন্দর দেখা যায়,data/videos/video/4818.mp4,পাঞ্জাবি পরলে আমাকে সুন্দর দেখা যায়
3351,পাঞ্জাবি পরলে আমাকে সুন্দর দেখা যায়,data/videos/video/3351.mp4,পাঞ্জাবি পরলে আমাকে সুন্দর দেখা যায়
3050,আমি বুধবারে মালদ্বীপ যাব,data/videos/video/3050.mp4,আমি বুধবারে মালদ্বীপ যাব
2643,আমার ফুফু ইউরোপ যাবে,data/videos/video/2643.mp4,আমার ফুফু ইউরোপ যাবে
5073,গরোম ই রড ই জাবেন না,data/videos/video/5073.mp4,গরোম ই রড ই জাবেন না
3931,গরোম ই রড ই জাবেন না,data/videos/video/3931.mp4,গরোম ই রড ই জাবেন না
2147,আমি হাতি দেখি নাই,data/videos/video/2147.mp4,আমি হাতি দেখি নাই
2398,আমার খালাতো ভাই আফ্রিকা যায়,data/videos/video/2398.mp4,আমার খালাতো ভাই আফ্রিকা যায়
4057,তারা সবাই আলু খাবে,data/videos/video/4057.mp4,তারা সবাই আলু খাবে
1233,তারা সবাই আলু খাবে,data/videos/video/1233.mp4,তারা সবাই আলু খাবে
2200,তুমি রবিবার ভাত খাবে,data/videos/video/2200.mp4,তুমি রবিবার ভাত খাবে
1322,তোমার জন্য শুভ কামনা,data/videos/video/1322.mp4,তোমার জন্য শুভ কামনা
4144,তোমার জন্য শুভ কামনা,data/videos/video/4144.mp4,তোমার জন্য শুভ কামনা
1740,আমার বোন মংগলবার দুধ খায়,data/videos/video/1740.mp4,আমার বোন মংগলবার দুধ খায়
1274,তুমি পড়ো,data/videos/video/1274.mp4,তুমি পড়ো
4092,তুমি পড়ো,data/videos/video/4092.mp4,তুমি পড়ো
2684,আমার বাবা কাঁঠাল খেতে পছন্দ করেন,data/videos/video/2684.mp4,আমার বাবা কাঁঠাল খেতে পছন্দ করেন
2827,আমার মাছ খেতে ভালো লাগে,data/videos/video/2827.mp4,আমার মাছ খেতে ভালো লাগে
2870,আমার মামাতো বোন ভালো,data/videos/video/2870.mp4,আমার মামাতো বোন ভালো
2609,আমার ফুফাতো বোন পাকিস্তান যাবে,data/videos/video/2609.mp4,আমার ফুফাতো বোন পাকিস্তান যাবে
118,আমার মামা মহাদেশে ঘুরতে যাবে,data/videos/video/118.mp4,আমার মামা মহাদেশে ঘুরতে যাবে
4491,আমার মামা মহাদেশে ঘুরতে যাবে,data/videos/video/4491.mp4,আমার মামা মহাদেশে ঘুরতে যাবে
4606,গেঞ্জি পরলে আমাকে সুন্দর দেখা যায়,data/videos/video/4606.mp4,গেঞ্জি পরলে আমাকে সুন্দর দেখা যায়
313,গেঞ্জি পরলে আমাকে সুন্দর দেখা যায়,data/videos/video/313.mp4,গেঞ্জি পরলে আমাকে সুন্দর দেখা যায়
1068,আমি ঔষুধ খাই,data/videos/video/1068.mp4,আমি ঔষুধ খাই
3668,সে তুমার কি হয়,data/videos/video/3668.mp4,সে তুমার কি হয়
4867,সে তুমার কি হয়,data/videos/video/4867.mp4,সে তুমার কি হয়
5437,সে কাঠাল খাবে,data/videos/video/5437.mp4,সে কাঠাল খাবে
1484,সে কাঠাল খাবে,data/videos/video/1484.mp4,সে কাঠাল খাবে
1570,আমার চাচা সোমবার ভাত খায়,data/videos/video/1570.mp4,আমার চাচা সোমবার ভাত খায়
2709,আমার বাবা সরকারি চাকরিজিবি,data/videos/video/2709.mp4,আমার বাবা সরকারি চাকরিজিবি
879,আমার খালু দেখতে ভালো,data/videos/video/879.mp4,আমার খালু দেখতে ভালো
4719,আমার ভাই একজন চাকরিজীবি,data/videos/video/4719.mp4,আমার ভাই একজন চাকরিজীবি
3736,আমার ভাই একজন চাকরিজীবি,data/videos/video/3736.mp4,আমার ভাই একজন চাকরিজীবি
2257,মামা শনিবার মাছ খায়,data/videos/video/2257.mp4,মামা শনিবার মাছ খায়
958,আমার বাবা যাচ্ছে,data/videos/video/958.mp4,আমার বাবা যাচ্ছে
4762,তুমি কি অংক পারো,data/videos/video/4762.mp4,তুমি কি অংক পারো
3798,তুমি কি অংক পারো,data/videos/video/3798.mp4,তুমি কি অংক পারো
4707,আমরা সবাই জাম খাবো,data/videos/video/4707.mp4,আমরা সবাই জাম খাবো
859,আমরা সবাই জাম খাবো,data/videos/video/859.mp4,আমরা সবাই জাম খাবো
2390,আমার খালাতো বোন ভারত চাবি,data/videos/video/2390.mp4,আমার খালাতো বোন ভারত চাবি
327,তোমার পাহাড় দেখতে ভালো লাগে,data/videos/video/327.mp4,তোমার পাহাড় দেখতে ভালো লাগে
4534,তোমার পাহাড় দেখতে ভালো লাগে,data/videos/video/4534.mp4,তোমার পাহাড় দেখতে ভালো লাগে
1825,আমার বড় ভাই বিড়াল দেখেছে,data/videos/video/1825.mp4,আমার বড় ভাই বিড়াল দেখেছে
3157,আমি শনিবার আমেরিকা যাবো,data/videos/video/3157.mp4,আমি শনিবার আমেরিকা যাবো
2842,আমার মামা নেপাল যাবে,data/videos/video/2842.mp4,আমার মামা নেপাল যাবে
3927,এপিএনআই আমর বন্ডু,data/videos/video/3927.mp4,এপিএনআই আমর বন্ডু
5057,এপিএনআই আমর বন্ডু,data/videos/video/5057.mp4,এপিএনআই আমর বন্ডু
1217,খালা,data/videos/video/1217.mp4,খালা
4040,খালা,data/videos/video/4040.mp4,খালা
990,আমার ভাই খাতায় লেখে,data/videos/video/990.mp4,আমার ভাই খাতায় লেখে
3103,আমি মঙ্গলবারে ভুটান যাব,data/videos/video/3103.mp4,আমি মঙ্গলবারে ভুটান যাব
2428,আমার খালু কানাডা যাবে,data/videos/video/2428.mp4,আমার খালু কানাডা যাবে
2895,আমার মামার ফুলকপি খেতে ভালো লাগে,data/videos/video/2895.mp4,আমার মামার ফুলকপি খেতে ভালো লাগে
1586,আমার ছেলে রবিবার দুধ খায়,data/videos/video/1586.mp4,আমার ছেলে রবিবার দুধ খায়
3059,আমি বৃহস্পতিবার ইংল্যান্ড যাব,data/videos/video/3059.mp4,আমি বৃহস্পতিবার ইংল্যান্ড যাব
1081,আমি ক্লান্ত ঘুমাতে যাবো,data/videos/video/1081.mp4,আমি ক্লান্ত ঘুমাতে যাবো
3598,পানি জমা রাখা হবে না,data/videos/video/3598.mp4,পানি জমা রাখা হবে না
4969,পানি জমা রাখা হবে না,data/videos/video/4969.mp4,পানি জমা রাখা হবে না
850,আমরা রসুন খাবো,data/videos/video/850.mp4,আমরা রসুন খাবো
4698,আমরা রসুন খাবো,data/videos/video/4698.mp4,আমরা রসুন খাবো
5350,সে আমার বোন,data/videos/video/5350.mp4,সে আমার বোন
3835,সে আমার বোন,data/videos/video/3835.mp4,সে আমার বোন
1733,আমার বোন বুধবার মাংস খায়,data/videos/video/1733.mp4,আমার বোন বুধবার মাংস খায়
3230,আমি সোমবারে ঘুরতে যাই,data/videos/video/3230.mp4,আমি সোমবারে ঘুরতে যাই
2819,আমার মা ভালো,data/videos/video/2819.mp4,আমার মা ভালো
2836,আমার মামা এশিয়া যাবে,data/videos/video/2836.mp4,আমার মামা এশিয়া যাবে
1559,আমার চাচা রবিবার মাংস খায়,data/videos/video/1559.mp4,আমার চাচা রবিবার মাংস খায়
2896,আমার মামার রান্না খেতে মজা,data/videos/video/2896.mp4,আমার মামার রান্না খেতে মজা
1547,আমার চাচা বুধবার মাংস খায়,data/videos/video/1547.mp4,আমার চাচা বুধবার মাংস খায়
2484,আমার চাচাতো বোন আফ্রিকা যাবে,data/videos/video/2484.mp4,আমার চাচাতো বোন আফ্রিকা যাবে
1930,আমার মা তেলাপোকা দেখেছে,data/videos/video/1930.mp4,আমার মা তেলাপোকা দেখেছে
3398,আমার মা তেলাপোকা দেখেছে,data/videos/video/3398.mp4,আমার মা তেলাপোকা দেখেছে
4798,আমার মা তেলাপোকা দেখেছে,data/videos/video/4798.mp4,আমার মা তেলাপোকা দেখেছে
1435,মা,data/videos/video/1435.mp4,মা
4256,মা,data/videos/video/4256.mp4,মা
1653,আমার বাবা ট্রাক দেখেছে,data/videos/video/1653.mp4,আমার বাবা ট্রাক দেখেছে
2576,আমার ফুফা ইউরোপ যাবে,data/videos/video/2576.mp4,আমার ফুফা  ইউরোপ যাবে
3731,আমার বোন হাসপাতালে যাবে,data/videos/video/3731.mp4,আমার বোন হাসপাতালে যাবে
4724,আমার বোন হাসপাতালে যাবে,data/videos/video/4724.mp4,আমার বোন হাসপাতালে যাবে
1933,আমার মা বাসে যাবে,data/videos/video/1933.mp4,আমার মা বাসে যাবে
159,আমি অক্টোবরে আমেরিকা যাবো,data/videos/video/159.mp4,আমি অক্টোবরে আমেরিকা যাবো
4405,আমি অক্টোবরে আমেরিকা যাবো,data/videos/video/4405.mp4,আমি অক্টোবরে আমেরিকা যাবো
1307,তোমার ছূটি,data/videos/video/1307.mp4,তোমার ছূটি
4129,তোমার ছূটি,data/videos/video/4129.mp4,তোমার ছূটি
2597,আমার ফুফা লিচু খেতে পছন্দ করে,data/videos/video/2597.mp4,আমার ফুফা লিচু খেতে পছন্দ করে
5352,সে আপনার স্ত্রী,data/videos/video/5352.mp4,সে আপনার স্ত্রী
3831,সে আপনার স্ত্রী,data/videos/video/3831.mp4,সে আপনার স্ত্রী
1416,ভাই সনদ পত্র দেখবে,data/videos/video/1416.mp4,ভাই সনদ পত্র দেখবে
4237,ভাই সনদ পত্র দেখবে,data/videos/video/4237.mp4,ভাই সনদ পত্র দেখবে
3909,অমি আপনেকে কিবাবে শাহাজো কর্টে পরী,data/videos/video/3909.mp4,অমি আপনেকে কিবাবে শাহাজো কর্টে পরী
5046,অমি আপনেকে কিবাবে শাহাজো কর্টে পরী,data/videos/video/5046.mp4,অমি আপনেকে কিবাবে শাহাজো কর্টে পরী
5414,সে একজন উকিল,data/videos/video/5414.mp4,সে একজন উকিল
3844,সে একজন উকিল,data/videos/video/3844.mp4,সে একজন উকিল
1770,আমার বোন ১ মাস পর এসেছে,data/videos/video/1770.mp4,আমার বোন ১ মাস পর এসেছে
3198,আমি শুক্রবারে চিন যাবো,data/videos/video/3198.mp4,আমি শুক্রবারে চিন যাবো
4391,আমি এপ্রিল মাসে আমেরিকা যাবো,data/videos/video/4391.mp4,আমি এপ্রিল মাসে আমেরিকা যাবো
179,আমি এপ্রিল মাসে আমেরিকা যাবো,data/videos/video/179.mp4,আমি এপ্রিল মাসে আমেরিকা যাবো
4997,আমার বাবা বাজারে গিয়েছে,data/videos/video/4997.mp4,আমার বাবা বাজারে গিয়েছে
3461,আমার বাবা বাজারে গিয়েছে,data/videos/video/3461.mp4,আমার বাবা বাজারে গিয়েছে
2937,আমার হলুদ রং ভালো লাগে,data/videos/video/2937.mp4,আমার হলুদ রং ভালো লাগে
3082,আমি ভালো আছি,data/videos/video/3082.mp4,আমি ভালো আছি
3986,আমি ভালো আছি,data/videos/video/3986.mp4,আমি ভালো আছি
5087,আমি ভালো আছি,data/videos/video/5087.mp4,আমি ভালো আছি
1161,আমি ভালো আছি,data/videos/video/1161.mp4,আমি ভালো আছি
3879,আমি ভালো আছি,data/videos/video/3879.mp4,আমি ভালো আছি
3878,আমি ভালো আছি,data/videos/video/3878.mp4,আমি ভালো আছি.
5024,আমি ভালো আছি,data/videos/video/5024.mp4,আমি ভালো আছি.
1160,আমি ভালো আছি,data/videos/video/1160.mp4,আমি ভালো আছি..
3985,আমি ভালো আছি,data/videos/video/3985.mp4,আমি ভালো আছি..
4142,তোমার জন্মদিন ২৫ নভেম্বর,data/videos/video/4142.mp4,তোমার জন্মদিন ২৫ নভেম্বর
1320,তোমার জন্মদিন ২৫ নভেম্বর,data/videos/video/1320.mp4,তোমার জন্মদিন ২৫ নভেম্বর
4848,তুঁমি অনেক ভালো,data/videos/video/4848.mp4,তুঁমি অনেক ভালো
3560,তুঁমি অনেক ভালো,data/videos/video/3560.mp4,তুঁমি অনেক ভালো
3340,তোমার মামাতো ভাইয়ের নাম কি,data/videos/video/3340.mp4,তোমার মামাতো ভাইয়ের নাম কি
5215,তোমার মামাতো ভাইয়ের নাম কি,data/videos/video/5215.mp4,তোমার মামাতো ভাইয়ের নাম কি
2669,আমার বরই ভালো লাগে,data/videos/video/2669.mp4,আমার বরই ভালো লাগে
2129,আমি মুরগী দেখি নাই,data/videos/video/2129.mp4,আমি মুরগী দেখি নাই
3688,আপনার কাজের জায়গা কই,data/videos/video/3688.mp4,আপনার কাজের জায়গা কই
5334,আপনার কাজের জায়গা কই,data/videos/video/5334.mp4,আপনার কাজের জায়গা কই
2145,আমি সোমবার মাংস খাবো,data/videos/video/2145.mp4,আমি সোমবার মাংস খাবো
1125,আমি নোটিশ দেখেছি,data/videos/video/1125.mp4,আমি নোটিশ দেখেছি
3952,আমি নোটিশ দেখেছি,data/videos/video/3952.mp4,আমি নোটিশ দেখেছি
22,আমার বাবা সমুদ্র দেখতে যাবে,data/videos/video/22.mp4,আমার বাবা সমুদ্র দেখতে যাবে
4495,আমার বাবা সমুদ্র দেখতে যাবে,data/videos/video/4495.mp4,আমার বাবা সমুদ্র দেখতে যাবে
1659,আমার বাবা পাখি দেখে নাই,data/videos/video/1659.mp4,আমার বাবা পাখি দেখে নাই
1551,আমার চাচা বৃহস্পতিবার মাংস খায়,data/videos/video/1551.mp4,আমার চাচা বৃহস্পতিবার মাংস খায়
5097,আপনার বাড়ি কোথায়,data/videos/video/5097.mp4,আপনার বাড়ি কোথায়
3434,আপনার বাড়ি কোথায়,data/videos/video/3434.mp4,আপনার বাড়ি কোথায়
4672,আপনার সাহায্য জন্য ধন্যবাদ,data/videos/video/4672.mp4,আপনার সাহায্য জন্য ধন্যবাদ
824,আপনার সাহায্য জন্য ধন্যবাদ,data/videos/video/824.mp4,আপনার সাহায্য জন্য ধন্যবাদ
156,আমি অক্টোবর শ্রীলঙ্কা যাব,data/videos/video/156.mp4,আমি অক্টোবর শ্রীলঙ্কা যাব
4283,আমি অক্টোবর শ্রীলঙ্কা যাব,data/videos/video/4283.mp4,আমি অক্টোবর শ্রীলঙ্কা যাব
3203,আমি শুক্রবারে ভারত যাব,data/videos/video/3203.mp4,আমি শুক্রবারে ভারত যাব
2453,আমার চাচা আফ্রিকা যাবে,data/videos/video/2453.mp4,আমার চাচা আফ্রিকা যাবে
3987,আমি ভালো মুখস্থ করছি,data/videos/video/3987.mp4,আমি ভালো মুখস্থ করছি
1162,আমি ভালো মুখস্থ করছি,data/videos/video/1162.mp4,আমি ভালো মুখস্থ করছি
4859,বাংলা ইশারা ভাষা,data/videos/video/4859.mp4,বাংলা ইশারা ভাষা
3616,বাংলা ইশারা ভাষা,data/videos/video/3616.mp4,বাংলা ইশারা ভাষা
1282,তুমি বিরতি নিছো,data/videos/video/1282.mp4,তুমি বিরতি নিছো
4106,তুমি বিরতি নিছো,data/videos/video/4106.mp4,তুমি বিরতি নিছো
2485,আমার চাচাতো বোন আমেরিকা যাবে,data/videos/video/2485.mp4,আমার চাচাতো বোন আমেরিকা যাবে
1401,বড় ভাই চিঠি লিখে,data/videos/video/1401.mp4,বড় ভাই চিঠি লিখে
4178,বড় ভাই চিঠি লিখে,data/videos/video/4178.mp4,বড় ভাই চিঠি লিখে
902,আমার দাদা অনেক খুশি,data/videos/video/902.mp4,আমার দাদা অনেক খুশি
1670,আমার বাবা বৃহস্পতিবার দুধ খায়,data/videos/video/1670.mp4,আমার বাবা বৃহস্পতিবার দুধ খায়
4878,আমার বাসা সিলেট বিভাগে,data/videos/video/4878.mp4,আমার বাসা সিলেট বিভাগে
3465,আমার বাসা সিলেট বিভাগে,data/videos/video/3465.mp4,আমার বাসা সিলেট বিভাগে
1761,আমার বোন সাপ দেখেনি,data/videos/video/1761.mp4,আমার বোন সাপ দেখেনি
4207,বাংলা তোমার মাতৃভাষা,data/videos/video/4207.mp4,বাংলা তোমার মাতৃভাষা
1365,বাংলা তোমার মাতৃভাষা,data/videos/video/1365.mp4,বাংলা তোমার মাতৃভাষা
814,আপনাকে আমার ভালো লেগেছে,data/videos/video/814.mp4,আপনাকে আমার ভালো লেগেছে
4662,আপনাকে আমার ভালো লেগেছে,data/videos/video/4662.mp4,আপনাকে আমার ভালো লেগেছে
2522,আমার চাচাতো ভাই রান্না খেতে বল,data/videos/video/2522.mp4,আমার চাচাতো ভাই রান্না খেতে বল
2173,চাচা তুমি কই যাও,data/videos/video/2173.mp4,চাচা তুমি কই যাও
