index,sentence,video_path
2946,আমি অফিসার,data/videos/video/2946.mp4
2829,আমার মামা আফ্রিকা যাবে,data/videos/video/2829.mp4
2941,আমি অক্টোবরে নেপাল যাবো,data/videos/video/2941.mp4
3841,সে আমার ম্যাডাম,data/videos/video/3841.mp4
5404,সে আমার ম্যাডাম,data/videos/video/5404.mp4
1019,আমার মেয়ে আছে,data/videos/video/1019.mp4
2762,আমার ভাই ইউরোপ যাবে,data/videos/video/2762.mp4
3221,আমি সোমবার আমেরিকা যাবো,data/videos/video/3221.mp4
3810,তোমার মাতৃভাষা বাংলা কি,data/videos/video/3810.mp4
5393,তোমার মাতৃভাষা বাংলা কি,data/videos/video/5393.mp4
3322,তোমার ফুফুর নাম কি,data/videos/video/3322.mp4
5201,তোমার ফুফুর নাম কি,data/videos/video/5201.mp4
1570,আমার চাচা সোমবার ভাত খায়,data/videos/video/1570.mp4
2408,আমার খালাতো ভাই বাংলাদেশে যাবি,data/videos/video/2408.mp4
119,আমার মামা মহাসাগর দেখতে যাবে,data/videos/video/119.mp4
4496,আমার মামা মহাসাগর দেখতে যাবে,data/videos/video/4496.mp4
2577,আমার ফুফা অস্ট্রেলিয়া যাবে,data/videos/video/2577.mp4
3790,তিনি আমার বাবা,data/videos/video/3790.mp4
5347,তিনি আমার বাবা,data/videos/video/5347.mp4
107,আমার মা সমুদ্র দেখতে যাবে,data/videos/video/107.mp4
4499,আমার মা সমুদ্র দেখতে যাবে,data/videos/video/4499.mp4
1549,আমার চাচা বৃহস্পতিবার দুধ খায়,data/videos/video/1549.mp4
2336,আমার আপেল ভালো লাগে,data/videos/video/2336.mp4
3504,আমি দুকানে যাবো একটি কাজল কিনতে,data/videos/video/3504.mp4
4928,আমি দুকানে যাবো একটি কাজল কিনতে,data/videos/video/4928.mp4
2551,আমার চাচী আফ্রিকা যাবে,data/videos/video/2551.mp4
2045,আমার স্বামী রবিবার মাংস খায়,data/videos/video/2045.mp4
2212,তুমি সোমবার দুধ খাবে,data/videos/video/2212.mp4
2446,আমার খালু সৌদি আরব যাবে,data/videos/video/2446.mp4
1719,আমার বোন খরগোশ দেখে নাই,data/videos/video/1719.mp4
3168,আমি শনিবারে জাপান যাবো,data/videos/video/3168.mp4
2523,আমার চাচাতো ভাই রাশিয়া যাবে,data/videos/video/2523.mp4
1607,আমার ছোট বোন তেলাপোকা দেখে নাই,data/videos/video/1607.mp4
2980,আমি জানুয়ারিতে পাকিস্তান যাব,data/videos/video/2980.mp4
2835,আমার মামা ইশারা ভাষা পছন্দ করে,data/videos/video/2835.mp4
3119,আমি মিটিং এ যাই,data/videos/video/3119.mp4
1345,দেখা করে খুশি হলাম,data/videos/video/1345.mp4
4168,দেখা করে খুশি হলাম,data/videos/video/4168.mp4
2335,আমার আনারস ভালো লাগে,data/videos/video/2335.mp4
2611,আমার ফুফাতো বোন বিদেশ যাবে,data/videos/video/2611.mp4
4765,আমার বাবা অংকের শিক্ষক,data/videos/video/4765.mp4
3710,আমার বাবা অংকের শিক্ষক,data/videos/video/3710.mp4
792,অসৎ সাংবাদিক দের তথ্যে আমরা ভুল বুঝি,data/videos/video/792.mp4
4641,অসৎ সাংবাদিক দের তথ্যে আমরা ভুল বুঝি,data/videos/video/4641.mp4
971,আমার বোন এখন শিক্ষাগ্রহণ করছে,data/videos/video/971.mp4
920,আমার পরিবার সুন্দর,data/videos/video/920.mp4
5420,২২ ডিসেম্বর আমার জন্মদিন,data/videos/video/5420.mp4
1513,২২ ডিসেম্বর আমার জন্মদিন,data/videos/video/1513.mp4
5306,২২ ডিসেম্বর আমার জন্মদিন,data/videos/video/5306.mp4
3419,২২ ডিসেম্বর আমার জন্মদিন,data/videos/video/3419.mp4
2214,তুমি সোমবার মাংস খাবে,data/videos/video/2214.mp4
2931,আমার শরৎকাল অনেক ভালো লাগে,data/videos/video/2931.mp4
2621,আমার ফুফাতো ভাই আমেরিকা যাবে,data/videos/video/2621.mp4
919,আমার পরিবার ভাল,data/videos/video/919.mp4
1649,আমার বাবা চিংড়ি দেখেছে,data/videos/video/1649.mp4
2881,আমার মামাতো ভাই এশিয়া যাবে,data/videos/video/2881.mp4
2121,আমি বৃহস্পতিবার মাছ খাবো,data/videos/video/2121.mp4
87,আমার ভাইয়ের পৃথিবী দেখতে ভালো লাগে,data/videos/video/87.mp4
4476,আমার ভাইয়ের পৃথিবী দেখতে ভালো লাগে,data/videos/video/4476.mp4
2206,তুমি শনিবার মাছ খাবা,data/videos/video/2206.mp4
1938,আমার মা বুধবার মাংস খায়,data/videos/video/1938.mp4
2403,আমার খালাতো ভাই কানাডা যাবে,data/videos/video/2403.mp4
4878,আমার বাসা সিলেট বিভাগে,data/videos/video/4878.mp4
3465,আমার বাসা সিলেট বিভাগে,data/videos/video/3465.mp4
5411,আমার বোন একজন ডাক্তার,data/videos/video/5411.mp4
3726,আমার বোন একজন ডাক্তার,data/videos/video/3726.mp4
4850,তুমার অনেক ভালো মন,data/videos/video/4850.mp4
3563,তুমার অনেক ভালো মন,data/videos/video/3563.mp4
5233,তোমার বাবা কোথায় কাজ করে,data/videos/video/5233.mp4
3324,তোমার বাবা কোথায় কাজ করে,data/videos/video/3324.mp4
2173,চাচা তুমি কই যাও,data/videos/video/2173.mp4
3523,আমি রাতে অনেক বেশি সময় দেরি করে ঘুমাতে যাই,data/videos/video/3523.mp4
5285,আমি রাতে অনেক বেশি সময় দেরি করে ঘুমাতে যাই,data/videos/video/5285.mp4
800,আজকে বুধবার,data/videos/video/800.mp4
4649,আজকে বুধবার,data/videos/video/4649.mp4
172,আমি আগস্টে ইংল্যান্ড যাব,data/videos/video/172.mp4
4331,আমি আগস্টে ইংল্যান্ড যাব,data/videos/video/4331.mp4
236,আমি ডিসেম্বরে বিদেশ যাব,data/videos/video/236.mp4
4429,আমি ডিসেম্বরে বিদেশ যাব,data/videos/video/4429.mp4
2748,আমার বোন রাশিয়া যাবে,data/videos/video/2748.mp4
2477,আমার চাচা রাশিয়া যাবে,data/videos/video/2477.mp4
2393,আমার খালাতো বোন মালদ্বীপ যাবে,data/videos/video/2393.mp4
2671,আমার বসন্তকাল ভালো লাগে,data/videos/video/2671.mp4
3036,আমি বুধবারে অফিস যাব,data/videos/video/3036.mp4
2025,আমার স্ত্রী শুক্রবার মাংস খাবে,data/videos/video/2025.mp4
2689,আমার বাবা চীন যাবে,data/videos/video/2689.mp4
2101,আমি পরশু কি করবো,data/videos/video/2101.mp4
3289,তুমি বাসা কোথায়,data/videos/video/3289.mp4
5159,তুমি বাসা কোথায়,data/videos/video/5159.mp4
3450,আমার কাজের চাপ বেশি,data/videos/video/3450.mp4
5008,আমার কাজের চাপ বেশি,data/videos/video/5008.mp4
4408,আমি ফেব্রুয়ারিতে অস্ট্রেলিয়া যাব,data/videos/video/4408.mp4
257,আমি ফেব্রুয়ারিতে অস্ট্রেলিয়া যাব,data/videos/video/257.mp4
1996,আমার মেয়ে শনিবার মাছ খায়,data/videos/video/1996.mp4
4493,আমার বোন মহাসাগর দেখতে যাবে,data/videos/video/4493.mp4
49,আমার বোন মহাসাগর দেখতে যাবে,data/videos/video/49.mp4
1001,আমার মা অনেক খুশি,data/videos/video/1001.mp4
4502,তুমি দ্বীপ দেখতে যাবে,data/videos/video/4502.mp4
318,তুমি দ্বীপ দেখতে যাবে,data/videos/video/318.mp4
5341,আমার দেশ বাংলাদেশ,data/videos/video/5341.mp4
910,আমার দেশ বাংলাদেশ,data/videos/video/910.mp4
5227,আমার দেশ বাংলাদেশ,data/videos/video/5227.mp4
3872,আমার দেশ বাংলাদেশ,data/videos/video/3872.mp4
3705,আমার দেশ বাংলাদেশ,data/videos/video/3705.mp4
130,আমার মামার বিড়াল ভালো লাগে,data/videos/video/130.mp4
4567,আমার মামার বিড়াল ভালো লাগে,data/videos/video/4567.mp4
4978,আমি প্রতিদিন সি এন জি দিয়ে যাই,data/videos/video/4978.mp4
3512,আমি প্রতিদিন সি এন জি দিয়ে যাই,data/videos/video/3512.mp4
814,আপনাকে আমার ভালো লেগেছে,data/videos/video/814.mp4
4662,আপনাকে আমার ভালো লেগেছে,data/videos/video/4662.mp4
4356,আমি অক্টোবর রাশিয়া যাব,data/videos/video/4356.mp4
155,আমি অক্টোবর রাশিয়া যাব,data/videos/video/155.mp4
4658,আজকে শুক্রবার,data/videos/video/4658.mp4
809,আজকে শুক্রবার,data/videos/video/809.mp4
266,আমি ফেব্রুয়ারিতে বিদেশ যাব,data/videos/video/266.mp4
4418,আমি ফেব্রুয়ারিতে বিদেশ যাব,data/videos/video/4418.mp4
2694,আমার বাবা পাকিস্তান যাবে,data/videos/video/2694.mp4
3709,আমার বাইরে যেতে ভালো লাগে,data/videos/video/3709.mp4
4732,আমার বাইরে যেতে ভালো লাগে,data/videos/video/4732.mp4
1149,আমি বাজারে যাচ্ছি,data/videos/video/1149.mp4
3972,আমি বাজারে যাচ্ছি,data/videos/video/3972.mp4
2372,আমার খালা রান্না খেতে মজা,data/videos/video/2372.mp4
2707,আমার বাবা শ্রমিক,data/videos/video/2707.mp4
872,আমার অফিসার আছে,data/videos/video/872.mp4
3947,আমার অফিসার আছে,data/videos/video/3947.mp4
4639,অফিসে আমি কেন যাবো,data/videos/video/4639.mp4
790,অফিসে আমি কেন যাবো,data/videos/video/790.mp4
3533,কমলার জিউস খাবেন,data/videos/video/3533.mp4
4967,কমলার জিউস খাবেন,data/videos/video/4967.mp4
3363,মাংস খেতে সুস্বাদু,data/videos/video/3363.mp4
5151,মাংস খেতে সুস্বাদু,data/videos/video/5151.mp4
3611,প্রধান মন্ত্রী আমাদের অনেক সাহায্য দিচ্ছে,data/videos/video/3611.mp4
4842,প্রধান মন্ত্রী আমাদের অনেক সাহায্য দিচ্ছে,data/videos/video/4842.mp4
1730,আমার বোন বিড়াল দেখেছে,data/videos/video/1730.mp4
1143,আমি বসবো,data/videos/video/1143.mp4
3967,আমি বসবো,data/videos/video/3967.mp4
156,আমি অক্টোবর শ্রীলঙ্কা যাব,data/videos/video/156.mp4
4283,আমি অক্টোবর শ্রীলঙ্কা যাব,data/videos/video/4283.mp4
813,আজকের দিনটা অনেক সুন্দর,data/videos/video/813.mp4
4661,আজকের দিনটা অনেক সুন্দর,data/videos/video/4661.mp4
2193,তুমি বৃ্‌হস্পতিবার মাছ খাবো,data/videos/video/2193.mp4
2961,আমি এপ্রিল মাসে ঘুরতে যাব,data/videos/video/2961.mp4
4211,বিজিবি আমাকে ধরেছে,data/videos/video/4211.mp4
1381,বিজিবি আমাকে ধরেছে,data/videos/video/1381.mp4
1308,তোমার ছেলে অনেক সুন্দর,data/videos/video/1308.mp4
4130,তোমার ছেলে অনেক সুন্দর,data/videos/video/4130.mp4
224,আমি জুলাইয়ে জাপান যাবো,data/videos/video/224.mp4
4307,আমি জুলাইয়ে জাপান যাবো,data/videos/video/4307.mp4
1650,আমার বাবা চিড়িয়াখানা যাবে,data/videos/video/1650.mp4
3476,আমার শোনার বাংলা,data/videos/video/3476.mp4
5259,আমার শোনার বাংলা,data/videos/video/5259.mp4
1453,রঙ এর নাম সাদা,data/videos/video/1453.mp4
4266,রঙ এর নাম সাদা,data/videos/video/4266.mp4
4769,আমার ভূগোল ভালো লাগে,data/videos/video/4769.mp4
3746,আমার ভূগোল ভালো লাগে,data/videos/video/3746.mp4
4330,আমি ডিসেম্বরে ইংল্যান্ড যাব,data/videos/video/4330.mp4
231,আমি ডিসেম্বরে ইংল্যান্ড যাব,data/videos/video/231.mp4
1738,আমার বোন বৃহস্পতিবার মাছ খায়,data/videos/video/1738.mp4
3097,আমি মঙ্গলবারে চিন যাবো,data/videos/video/3097.mp4
4131,তোমার ছেলে কি করে,data/videos/video/4131.mp4
1309,তোমার ছেলে কি করে,data/videos/video/1309.mp4
5370,তুমি ঘুমাও,data/videos/video/5370.mp4
3800,তুমি ঘুমাও,data/videos/video/3800.mp4
1472,সে আনারস খাবে,data/videos/video/1472.mp4
5426,সে আনারস খাবে,data/videos/video/5426.mp4
1547,আমার চাচা বুধবার মাংস খায়,data/videos/video/1547.mp4
1816,আমার বড় ভাই চিড়িয়াখানা যাবে,data/videos/video/1816.mp4
3546,গরমে বারবার পানি পান করবেন,data/videos/video/3546.mp4
5108,গরমে বারবার পানি পান করবেন,data/videos/video/5108.mp4
2812,আমার মা নেপাল যাবে,data/videos/video/2812.mp4
1575,আমার ছেলে বুধবার ভাত খায়,data/videos/video/1575.mp4
1677,আমার বাবা মংগলবার মাংস খায়,data/videos/video/1677.mp4
2682,আমার বাবা এশিয়া যাবে,data/videos/video/2682.mp4
1896,আমার ভাই সাপ দেখেছে,data/videos/video/1896.mp4
5025,আপনাকে আমার ভাল লাগছে.,data/videos/video/5025.mp4
3853,আপনাকে আমার ভাল লাগছে.,data/videos/video/3853.mp4
862,আমরা সবাই দূর্বল,data/videos/video/862.mp4
4710,আমরা সবাই দূর্বল,data/videos/video/4710.mp4
2386,আমার খালাতো বোন নেপাল যাবে,data/videos/video/2386.mp4
4987,ইশারা ভাষা আমাদের সবার শিখা দরকার,data/videos/video/4987.mp4
3529,ইশারা ভাষা আমাদের সবার শিখা দরকার,data/videos/video/3529.mp4
1975,আমার মামা চিড়িয়াখানা যাবে,data/videos/video/1975.mp4
4273,শুভ অপরাহ্ন,data/videos/video/4273.mp4
1460,শুভ অপরাহ্ন,data/videos/video/1460.mp4
3827,শুভ অপরাহ্ন,data/videos/video/3827.mp4
5314,শুভ অপরাহ্ন,data/videos/video/5314.mp4
2978,আমি চীন যাব,data/videos/video/2978.mp4
2721,আমার বোন আফ্রিকা যাবে,data/videos/video/2721.mp4
4039,খাবার ভালো ছিল,data/videos/video/4039.mp4
1216,খাবার ভালো ছিল,data/videos/video/1216.mp4
3959,আমি পুলিশ দেখেছি,data/videos/video/3959.mp4
1132,আমি পুলিশ দেখেছি,data/videos/video/1132.mp4
5266,আমার অনেক রক্ত কম,data/videos/video/5266.mp4
3446,আমার অনেক রক্ত কম,data/videos/video/3446.mp4
2751,আমার বোন শ্রীলঙ্কা যাবে,data/videos/video/2751.mp4
1204,ঐ মেয়েটি আমার বন্ধু,data/videos/video/1204.mp4
4027,ঐ মেয়েটি আমার বন্ধু,data/videos/video/4027.mp4
3213,আমি সেপ্টেম্বরে পাকিস্তান যাব,data/videos/video/3213.mp4
207,আমি জুন মাসে কানাডা যাব,data/videos/video/207.mp4
4342,আমি জুন মাসে কানাডা যাব,data/videos/video/4342.mp4
2640,আমার ফুফু আমি খেতে পছন্দ করে,data/videos/video/2640.mp4
4726,সে বাহিরে যাবে,data/videos/video/4726.mp4
3847,সে বাহিরে যাবে,data/videos/video/3847.mp4
1104,আমি জাম খাবো,data/videos/video/1104.mp4
2820,আমার মা ভুটান যাবে,data/videos/video/2820.mp4
3062,আমি বৃহস্পতিবার এই ঘুরতে যাব,data/videos/video/3062.mp4
2164,গতকাল আমার বোন ডাক্তার দেখিয়েছে,data/videos/video/2164.mp4
3833,সে আমার চাচা,data/videos/video/3833.mp4
5353,সে আমার চাচা,data/videos/video/5353.mp4
4742,আমার বোন জাদুঘরে যাবে,data/videos/video/4742.mp4
3728,আমার বোন জাদুঘরে যাবে,data/videos/video/3728.mp4
206,আমি জুন মাসে এশিয়া যাব,data/videos/video/206.mp4
4359,আমি জুন মাসে এশিয়া যাব,data/videos/video/4359.mp4
1111,আমি তরকারি কাটি,data/videos/video/1111.mp4
3824,ভবিষ্যৎ নিয়ে ভাবো,data/videos/video/3824.mp4
4752,ভবিষ্যৎ নিয়ে ভাবো,data/videos/video/4752.mp4
2086,আমি জানি তুমি কি বলবে,data/videos/video/2086.mp4
828,আপনি কোথায় অফিস করেন,data/videos/video/828.mp4
4674,আপনি কোথায় অফিস করেন,data/videos/video/4674.mp4
4298,আমি জুন মাসে জাপান যাবো,data/videos/video/4298.mp4
208,আমি জুন মাসে জাপান যাবো,data/videos/video/208.mp4
5100,আমার পছন্দের রং লাল,data/videos/video/5100.mp4
3457,আমার পছন্দের রং লাল,data/videos/video/3457.mp4
1900,আমার ভাই সোমবার মাছ খায়,data/videos/video/1900.mp4
2554,আমার চালতা ভালো লাগে,data/videos/video/2554.mp4
2734,আমার বোন চীন যাবে,data/videos/video/2734.mp4
2571,আমার পেপে খেতে ভালো লাগে,data/videos/video/2571.mp4
4586,আমার দোয়েল পছন্দ,data/videos/video/4586.mp4
7,আমার দোয়েল পছন্দ,data/videos/video/7.mp4
2261,মামা সময় অনেক আছে,data/videos/video/2261.mp4
1736,আমার বোন বৃহস্পতিবার ভাত খায়,data/videos/video/1736.mp4
4814,সোয়েটার পড়লে আমাকে সুন্দর দেখা যায়,data/videos/video/4814.mp4
3378,সোয়েটার পড়লে আমাকে সুন্দর দেখা যায়,data/videos/video/3378.mp4
3107,আমি মঙ্গলবারে রোজা রাখি,data/videos/video/3107.mp4
2488,আমার চাচাতো বোন এশিয়া যাবে,data/videos/video/2488.mp4
4166,দয়া করে,data/videos/video/4166.mp4
1346,দয়া করে,data/videos/video/1346.mp4
3887,দয়া করে,data/videos/video/3887.mp4
5113,দয়া করে,data/videos/video/5113.mp4
1048,আমি আমার প্রতিবেশীর কাছে যাবো,data/videos/video/1048.mp4
2921,আমার মামীর ফুলকপি খেতে ভালো লাগে,data/videos/video/2921.mp4
1530,আগে ভালো পরে কাজ করো,data/videos/video/1530.mp4
1021,আমার রুটিন দেখেছি,data/videos/video/1021.mp4
2029,আমার স্ত্রী সোমবার মাংস খায়,data/videos/video/2029.mp4
2624,আমার ফুফাতো ভাই এশিয়া যাবে,data/videos/video/2624.mp4
5333,এখন কয়টা বাজে,data/videos/video/5333.mp4
3774,এখন কয়টা বাজে,data/videos/video/3774.mp4
2882,আমার মামাতো ভাই কানাডা যাবে,data/videos/video/2882.mp4
2442,আমার খালু রান্না খেতে মজা,data/videos/video/2442.mp4
281,আমি মার্চ মাসে সৌদি আরব যাব,data/videos/video/281.mp4
4318,আমি মার্চ মাসে সৌদি আরব যাব,data/videos/video/4318.mp4
1045,আমি আনারস খাবো,data/videos/video/1045.mp4
4140,তোমার জন্মদিন ২২ মার্চ,data/videos/video/4140.mp4
1318,তোমার জন্মদিন ২২ মার্চ,data/videos/video/1318.mp4
3603,প্রতিদিন অদা লেবুর চা খাবেন,data/videos/video/3603.mp4
4917,প্রতিদিন অদা লেবুর চা খাবেন,data/videos/video/4917.mp4
4956,"রাতে তুমি আলু ভর্তা, ডাল রান্না করবে",data/videos/video/4956.mp4
3640,"রাতে তুমি আলু ভর্তা, ডাল রান্না করবে",data/videos/video/3640.mp4
1952,আমার মা যুদ্ধ বিমান দেখেছে,data/videos/video/1952.mp4
980,আমার বড় ভাই  সুন্দর দেখতে,data/videos/video/980.mp4
2476,আমার চাচা মালদ্বীপ যাবে,data/videos/video/2476.mp4
1580,আমার ছেলে বৃহস্পতিবার মাংস খায়,data/videos/video/1580.mp4
5396,তোমার প্রিয় রং কি,data/videos/video/5396.mp4
3804,তোমার প্রিয় রং কি,data/videos/video/3804.mp4
4600,আমার মায়ের দোয়েল পছন্দ,data/videos/video/4600.mp4
141,আমার মায়ের দোয়েল পছন্দ,data/videos/video/141.mp4
1763,আমার বোন সোমবার ভাত খায়,data/videos/video/1763.mp4
2641,আমার ফুফু আমেরিকা যাবে,data/videos/video/2641.mp4
2518,আমার চাচাতো ভাই ভার্সিটিতে যাবে,data/videos/video/2518.mp4
939,আমার ফুফা ভালো,data/videos/video/939.mp4
118,আমার মামা মহাদেশে ঘুরতে যাবে,data/videos/video/118.mp4
4491,আমার মামা মহাদেশে ঘুরতে যাবে,data/videos/video/4491.mp4
2434,আমার খালু পেয়ারা খেতে পছন্দ করে,data/videos/video/2434.mp4
2572,আমার পেয়ারা ভালো লাগে,data/videos/video/2572.mp4
5078,মুরগির মঙ্গশো আমার খুব পোচোন্দো,data/videos/video/5078.mp4
3939,মুরগির মঙ্গশো আমার খুব পোচোন্দো,data/videos/video/3939.mp4
5338,তুমি কবে বাড়ি যাবে,data/videos/video/5338.mp4
3797,তুমি কবে বাড়ি যাবে,data/videos/video/3797.mp4
1192,এই বিষয় পরীক্ষা কেমন হয়েছে,data/videos/video/1192.mp4
4016,এই বিষয় পরীক্ষা কেমন হয়েছে,data/videos/video/4016.mp4
5235,তোমার খালা কোথায় কাজ করে,data/videos/video/5235.mp4
3294,তোমার খালা কোথায় কাজ করে,data/videos/video/3294.mp4
4494,তুমি সমুদ্র দেখতে যাবে,data/videos/video/4494.mp4
325,তুমি সমুদ্র দেখতে যাবে,data/videos/video/325.mp4
3241,আমি সোমবারে রাশিয়া যাব,data/videos/video/3241.mp4
4811,আমি সোমবারে রাশিয়া যাব,data/videos/video/4811.mp4
4929,আমার মেকআপ করা পছন্দ,data/videos/video/4929.mp4
3473,আমার মেকআপ করা পছন্দ,data/videos/video/3473.mp4
4890,লাল একটি ব্যান্ড আছে,data/videos/video/4890.mp4
3647,লাল একটি ব্যান্ড আছে,data/videos/video/3647.mp4
1848,আমার ভাই কচ্ছপ দেখে নাই,data/videos/video/1848.mp4
3072,আমি বৃহস্পতিবারে নেপাল যাব,data/videos/video/3072.mp4
4812,মজা পড়লে আমাকে সুন্দর দেখা যায়,data/videos/video/4812.mp4
3360,মজা পড়লে আমাকে সুন্দর দেখা যায়,data/videos/video/3360.mp4
2638,আমার ফুফু অস্ট্রেলিয়া যাবে,data/videos/video/2638.mp4
1761,আমার বোন সাপ দেখেনি,data/videos/video/1761.mp4
249,আমি নভেম্বরে কানাডা যাব,data/videos/video/249.mp4
4350,আমি নভেম্বরে কানাডা যাব,data/videos/video/4350.mp4
4117,তুমি লাল শাক খাবে,data/videos/video/4117.mp4
1294,তুমি লাল শাক খাবে,data/videos/video/1294.mp4
3765,আমি তোমাকে দেখছি,data/videos/video/3765.mp4
5373,আমি তোমাকে দেখছি,data/videos/video/5373.mp4
2584,আমার ফুফা কানাডা যাবে,data/videos/video/2584.mp4
2354,আমার খালা ইউরোপ যাবে,data/videos/video/2354.mp4
2157,আমি ২ মাস পর দেখবো,data/videos/video/2157.mp4
1947,আমার মা মংগলবার ভাত খায়,data/videos/video/1947.mp4
2700,আমার বাবা বিদেশ যাবে,data/videos/video/2700.mp4
1439,মামী বুধবার দুধ খায়,data/videos/video/1439.mp4
4616,মামী বুধবার দুধ খায়,data/videos/video/4616.mp4
2284,শুক্রবার আমি ভাত খাবো,data/videos/video/2284.mp4
1004,আমার মা খুব ভালো,data/videos/video/1004.mp4
1432,মা বিরতি নিছে,data/videos/video/1432.mp4
4253,মা বিরতি নিছে,data/videos/video/4253.mp4
1041,আমি অফিসে যাবো,data/videos/video/1041.mp4
2923,আমার মায়ের রান্না খেতে মজা,data/videos/video/2923.mp4
4692,আমরা চিনি খাবো না,data/videos/video/4692.mp4
844,আমরা চিনি খাবো না,data/videos/video/844.mp4
2363,আমার খালা পাকিস্তান যাবে,data/videos/video/2363.mp4
2990,আমি জুলাই ভুটান যাব,data/videos/video/2990.mp4
3016,আমি ফেব্রুয়ারিতে নেপাল যাব,data/videos/video/3016.mp4
3840,সে আমার মামা,data/videos/video/3840.mp4
5354,সে আমার মামা,data/videos/video/5354.mp4
2112,আমি বিড়াল দেখেছি,data/videos/video/2112.mp4
4517,আমার মা বনে যাবে,data/videos/video/4517.mp4
103,আমার মা বনে যাবে,data/videos/video/103.mp4
944,আমার বন্ধু ঘুমায়,data/videos/video/944.mp4
2308,২ বছর পর দেখা হলো,data/videos/video/2308.mp4
5407,সে একজন ডাক্তার,data/videos/video/5407.mp4
3846,সে একজন ডাক্তার,data/videos/video/3846.mp4
2541,আমার চাচি ফুটবল খেলা পছন্দ করে,data/videos/video/2541.mp4
1969,আমার মা সোমবার মাছ খায়,data/videos/video/1969.mp4
3075,আমি বৃহস্পতিবারে মসজিদে যাব,data/videos/video/3075.mp4
3956,আমি পরীক্ষা ফেল করছি,data/videos/video/3956.mp4
1128,আমি পরীক্ষা ফেল করছি,data/videos/video/1128.mp4
2115,আমি বুধবার ভাত খাবো,data/videos/video/2115.mp4
4582,আমার মামার মুরগি ভালো লাগে,data/videos/video/4582.mp4
133,আমার মামার মুরগি ভালো লাগে,data/videos/video/133.mp4
945,আমার বন্ধু তোকি ভালো গান করে,data/videos/video/945.mp4
1509,১২ মে আমার জন্মদিন,data/videos/video/1509.mp4
1510,১২ মে আমার জন্মদিন,data/videos/video/1510.mp4
5417,১২ মে আমার জন্মদিন,data/videos/video/5417.mp4
1060,আমি একজন প্রতিবন্ধী,data/videos/video/1060.mp4
921,আমার পরিবারের সাথে দেখা হয়েছে,data/videos/video/921.mp4
911,আমার ননদ ভালো,data/videos/video/911.mp4
1784,আমার বড় বোন টিয়া পাখি দেখেছে,data/videos/video/1784.mp4
3420,২২ নভেম্বর আমার জন্মদিন,data/videos/video/3420.mp4
1514,২২ নভেম্বর আমার জন্মদিন,data/videos/video/1514.mp4
5307,২২ নভেম্বর আমার জন্মদিন,data/videos/video/5307.mp4
5421,২২ নভেম্বর আমার জন্মদিন,data/videos/video/5421.mp4
4672,আপনার সাহায্য জন্য ধন্যবাদ,data/videos/video/4672.mp4
824,আপনার সাহায্য জন্য ধন্যবাদ,data/videos/video/824.mp4
3534,করোনা ভাইরাস কিভাবে ছড়ায়,data/videos/video/3534.mp4
4911,করোনা ভাইরাস কিভাবে ছড়ায়,data/videos/video/4911.mp4
2589,আমার ফুফা পাকিস্তান যাবে,data/videos/video/2589.mp4
846,আমরা দূর্বল সবাই,data/videos/video/846.mp4
4694,আমরা দূর্বল সবাই,data/videos/video/4694.mp4
1311,তোমার জন্মদিন ১২ জুলাই,data/videos/video/1311.mp4
4133,তোমার জন্মদিন ১২ জুলাই,data/videos/video/4133.mp4
3305,তোমার চাচাতো ভাইয়ের নাম কি,data/videos/video/3305.mp4
5218,তোমার চাচাতো ভাইয়ের নাম কি,data/videos/video/5218.mp4
1402,বড় ভাই নোটিশ দেখেছে,data/videos/video/1402.mp4
4179,বড় ভাই নোটিশ দেখেছে,data/videos/video/4179.mp4
1025,আমার স্ত্রী অনেক ভালো,data/videos/video/1025.mp4
2375,আমার খালা শ্রীলংকা যাবে,data/videos/video/2375.mp4
2349,আমার খালা অস্ট্রেলিয়া যাবে,data/videos/video/2349.mp4
1394,বোন সনদপত্র দেখবে,data/videos/video/1394.mp4
4224,বোন সনদপত্র দেখবে,data/videos/video/4224.mp4
1446,মামী বৃহস্পতিবার মাছ খায়,data/videos/video/1446.mp4
4621,মামী বৃহস্পতিবার মাছ খায়,data/videos/video/4621.mp4
905,আমার দাদা ভালো,data/videos/video/905.mp4
1871,আমার ভাই বৃহস্পতিবার ভাত খায়,data/videos/video/1871.mp4
2496,আমার চাচাতো বোন ভারত যাবে,data/videos/video/2496.mp4
2189,তুমি বুধবার মাছ খাবে,data/videos/video/2189.mp4
1598,আমার ছেলে সোমবার দুধ খায়,data/videos/video/1598.mp4
294,আমি মে মাসে সৌদি আরব যাব,data/videos/video/294.mp4
4316,আমি মে মাসে সৌদি আরব যাব,data/videos/video/4316.mp4
4241,ভাষা কেমন,data/videos/video/4241.mp4
1420,ভাষা কেমন,data/videos/video/1420.mp4
190,আমি জমিতে যাব,data/videos/video/190.mp4
4440,আমি জমিতে যাব,data/videos/video/4440.mp4
4292,আমি সেপ্টেম্বরে শ্রীলঙ্কা যাব,data/videos/video/4292.mp4
308,আমি সেপ্টেম্বরে শ্রীলঙ্কা যাব,data/videos/video/308.mp4
2752,আমার বোন সুন্দর,data/videos/video/2752.mp4
1329,তোমার প্রফেশন প্রকৌশলী,data/videos/video/1329.mp4
4151,তোমার প্রফেশন প্রকৌশলী,data/videos/video/4151.mp4
284,আমি মে মাসে অস্ট্রেলিয়া যাব,data/videos/video/284.mp4
4406,আমি মে মাসে অস্ট্রেলিয়া যাব,data/videos/video/4406.mp4
2972,আমি কি করি,data/videos/video/2972.mp4
3005,আমি তোমার ভাই,data/videos/video/3005.mp4
3845,সে একজন চাকরিজীবি,data/videos/video/3845.mp4
4718,সে একজন চাকরিজীবি,data/videos/video/4718.mp4
189,আমি ক্ষেত এ যাব,data/videos/video/189.mp4
4437,আমি ক্ষেত এ যাব,data/videos/video/4437.mp4
3199,আমি শুক্রবারে জাপান যাবো,data/videos/video/3199.mp4
1015,আমার মামী সুন্দর দেখতে,data/videos/video/1015.mp4
1384,বিষয়টি নিয়ে কি ভাবছো,data/videos/video/1384.mp4
4212,বিষয়টি নিয়ে কি ভাবছো,data/videos/video/4212.mp4
3826,শুক্রবারে বন্ধ,data/videos/video/3826.mp4
5340,শুক্রবারে বন্ধ,data/videos/video/5340.mp4
1266,তুমি দারুন করেছো,data/videos/video/1266.mp4
4089,তুমি দারুন করেছো,data/videos/video/4089.mp4
1085,আমি ক্ষুদার্ত বাজারে যাবো,data/videos/video/1085.mp4
2154,আমি ১ মাস পরে ডাক্তার দেখাবো,data/videos/video/2154.mp4
3147,আমি রবিবারে মালদ্বীপ যাব,data/videos/video/3147.mp4
3353,ফেব্রুয়ারি মাসে গ্রীষ্মকাল থাকে,data/videos/video/3353.mp4
5183,ফেব্রুয়ারি মাসে গ্রীষ্মকাল থাকে,data/videos/video/5183.mp4
1633,আমার বাবা অনেক গুলো বিড়াল দেখেছে,data/videos/video/1633.mp4
4217,বোন চিঠি লিখে,data/videos/video/4217.mp4
1387,বোন চিঠি লিখে,data/videos/video/1387.mp4
2412,আমার খালাতো ভাই ভুটান যাবে,data/videos/video/2412.mp4
1020,আমার মেয়ে সুন্দর,data/videos/video/1020.mp4
1536,আজ এই পর্যন্তই পরবর্তীতে আবার দেখা হবে,data/videos/video/1536.mp4
1828,আমার বড় ভাই মুরগী দেখেছে,data/videos/video/1828.mp4
3242,আমি সোমবারে রোজা রাখি,data/videos/video/3242.mp4
5015,আমি সোমবারে রোজা রাখি,data/videos/video/5015.mp4
2285,শুক্রবার আমি মাংস খাবো,data/videos/video/2285.mp4
10,আমার বাঘ ভয় করে,data/videos/video/10.mp4
4604,আমার বাঘ ভয় করে,data/videos/video/4604.mp4
2044,আমার স্বামী রবিবার ভাত খায়,data/videos/video/2044.mp4
2979,আমি জানুয়ারিতে নেপাল যাবো,data/videos/video/2979.mp4
2993,আমি ডায়েরি লিখি,data/videos/video/2993.mp4
3427,আজ বৃষ্টি হয়েছে,data/videos/video/3427.mp4
4873,আজ বৃষ্টি হয়েছে,data/videos/video/4873.mp4
3518,আমি বিশ্ববিদ্যালয়ে যাই,data/videos/video/3518.mp4
4872,আমি বিশ্ববিদ্যালয়ে যাই,data/videos/video/4872.mp4
4403,আমি সেপ্টেম্বর মাসে আমেরিকা যাবো,data/videos/video/4403.mp4
299,আমি সেপ্টেম্বর মাসে আমেরিকা যাবো,data/videos/video/299.mp4
3176,আমি শনিবারে রোজা রাখি,data/videos/video/3176.mp4
4371,আমি ডিসেম্বরের রাশিয়া যাবো,data/videos/video/4371.mp4
238,আমি ডিসেম্বরের রাশিয়া যাবো,data/videos/video/238.mp4
2425,আমার খালু ইশারা ভাষা পছন্দ করে,data/videos/video/2425.mp4
1754,আমার বোন শুক্রবার দুধ খায়,data/videos/video/1754.mp4
3362,মা পেয়ারা খেতে পছন্দ করে,data/videos/video/3362.mp4
5220,মা পেয়ারা খেতে পছন্দ করে,data/videos/video/5220.mp4
2696,আমার বাবা ফুটবল খেলা পছন্দ করি,data/videos/video/2696.mp4
2794,আমার ভাই সৌদি আরব যাবে,data/videos/video/2794.mp4
831,আপনি দেখতে অনেক সুন্দর,data/videos/video/831.mp4
4679,আপনি দেখতে অনেক সুন্দর,data/videos/video/4679.mp4
1201,এবং আমার অনেক পছন্দ,data/videos/video/1201.mp4
4024,এবং আমার অনেক পছন্দ,data/videos/video/4024.mp4
2009,আমার স্ত্রী বৃহস্পতিবার ভাত খায়,data/videos/video/2009.mp4
1697,আমার বাবা সোমবার ভাত খাবে,data/videos/video/1697.mp4
1944,আমার মা বোট দেখেছে,data/videos/video/1944.mp4
1943,আমার মা বৃহস্পতিবার মাছ খায়,data/videos/video/1943.mp4
3968,আমি বাইক পেয়েছি,data/videos/video/3968.mp4
1145,আমি বাইক পেয়েছি,data/videos/video/1145.mp4
2716,আমার বাবার বর্ষাকাল অনেক ভালো লাগে,data/videos/video/2716.mp4
2050,আমার স্বামী শনিবার মাছ খায়,data/videos/video/2050.mp4
2868,আমার মামাতো বোন বিদেশ যাবে,data/videos/video/2868.mp4
2438,আমার খালু ভারত যাবে,data/videos/video/2438.mp4
2705,আমার বাবা রাশিয়া যাবে,data/videos/video/2705.mp4
4196,বাবা জামাটা সুন্দর,data/videos/video/4196.mp4
1372,বাবা জামাটা সুন্দর,data/videos/video/1372.mp4
5206,তোমার চাচীর নাম কি,data/videos/video/5206.mp4
3309,তোমার চাচীর নাম কি,data/videos/video/3309.mp4
2573,আমার প্রিয় রং কালো,data/videos/video/2573.mp4
120,আমার মামার কাক পছন্দ না,data/videos/video/120.mp4
4592,আমার মামার কাক পছন্দ না,data/videos/video/4592.mp4
3124,আমি মে মাসে ভুটান যাব,data/videos/video/3124.mp4
2137,আমি শনিবার ভাত খাবো,data/videos/video/2137.mp4
4480,আমার মামা পূর্ব দিকে যাবে,data/videos/video/4480.mp4
115,আমার মামা পূর্ব দিকে যাবে,data/videos/video/115.mp4
2592,আমার ফুফা বাংলাদেশে যাবে,data/videos/video/2592.mp4
917,আমার নাম,data/videos/video/917.mp4
1380,বাড়ি কখন যাবা,data/videos/video/1380.mp4
4192,বাড়ি কখন যাবা,data/videos/video/4192.mp4
2245,মামা বৃহস্পতিবার মাছ খায়,data/videos/video/2245.mp4
2038,আমার স্বামী বৃহস্পতিবার মাছ খায়,data/videos/video/2038.mp4
1223,চাচী আমার অনেক ভালো,data/videos/video/1223.mp4
4046,চাচী আমার অনেক ভালো,data/videos/video/4046.mp4
3042,আমি বুধবারে চিন যাবো,data/videos/video/3042.mp4
1684,আমার বাবা রবিবার মাংস খাবে,data/videos/video/1684.mp4
4685,আমরা অনেক দূর্বল,data/videos/video/4685.mp4
837,আমরা অনেক দূর্বল,data/videos/video/837.mp4
3576,তুমি কোন সময় বাসায় আসবে,data/videos/video/3576.mp4
4990,তুমি কোন সময় বাসায় আসবে,data/videos/video/4990.mp4
1764,আমার বোন সোমবার মাংস খায়,data/videos/video/1764.mp4
261,আমি ফেব্রুয়ারিতে ইউরোপ যাব,data/videos/video/261.mp4
4354,আমি ফেব্রুয়ারিতে ইউরোপ যাব,data/videos/video/4354.mp4
1043,আমি আগামি কাল বাড়িতে যাবো,data/videos/video/1043.mp4
4337,আমি সেপ্টেম্বর ইংল্যান্ড যাব,data/videos/video/4337.mp4
297,আমি সেপ্টেম্বর ইংল্যান্ড যাব,data/videos/video/297.mp4
4529,তুমি মরুভূমিতে যাবা,data/videos/video/4529.mp4
322,তুমি মরুভূমিতে যাবা,data/videos/video/322.mp4
209,আমি জুন মাসে বিদেশ যাবো,data/videos/video/209.mp4
4419,আমি জুন মাসে বিদেশ যাবো,data/videos/video/4419.mp4
3843,সে আমার স্যার,data/videos/video/3843.mp4
5402,সে আমার স্যার,data/videos/video/5402.mp4
4854,ভূমিকম্প হতে সাবধান,data/videos/video/4854.mp4
3636,ভূমিকম্প হতে সাবধান,data/videos/video/3636.mp4
4447,আমার বাবা দক্ষিণ দিকে যাবে,data/videos/video/4447.mp4
14,আমার বাবা দক্ষিণ দিকে যাবে,data/videos/video/14.mp4
161,আমি অক্টোবরে ইউরোপ যাব,data/videos/video/161.mp4
4374,আমি অক্টোবরে ইউরোপ যাব,data/videos/video/4374.mp4
4985,সি এন জির সামনে বেশি,data/videos/video/4985.mp4
3665,সি এন জির সামনে বেশি,data/videos/video/3665.mp4
2352,আমার খালা আমেরিকা যাবে,data/videos/video/2352.mp4
2066,আমি ইলিশ মাছ খাবো না,data/videos/video/2066.mp4
3174,আমি শনিবারে মালদ্বীপ যাব,data/videos/video/3174.mp4
164,আমি অক্টোবরে জাপান যাবো,data/videos/video/164.mp4
4317,আমি অক্টোবরে জাপান যাবো,data/videos/video/4317.mp4
2991,আমি জুলাই মাসে ভারত যাব,data/videos/video/2991.mp4
1932,আমার মা তোমার সাথে রাতে দেখা করবে,data/videos/video/1932.mp4
1459,শুনতে পারি না,data/videos/video/1459.mp4
4272,শুনতে পারি না,data/videos/video/4272.mp4
1550,আমার চাচা বৃহস্পতিবার ভাত খায়,data/videos/video/1550.mp4
3133,আমি রবিবার স্কুল এ যাই,data/videos/video/3133.mp4
3682,আজ রোববার,data/videos/video/3682.mp4
5379,আজ রোববার,data/videos/video/5379.mp4
2205,তুমি শনিবার মাংস খাবা,data/videos/video/2205.mp4
3312,তোমার দাদীর নাম কি,data/videos/video/3312.mp4
5203,তোমার দাদীর নাম কি,data/videos/video/5203.mp4
4067,তুমি ইশারা ভাষা বলো,data/videos/video/4067.mp4
1245,তুমি ইশারা ভাষা বলো,data/videos/video/1245.mp4
3038,আমি বুধবারে কানাডা যাব,data/videos/video/3038.mp4
1948,আমার মা মংগলবার মাংস খায়,data/videos/video/1948.mp4
1438,মামী আমার অনেক ভালো,data/videos/video/1438.mp4
4259,মামী আমার অনেক ভালো,data/videos/video/4259.mp4
5326,দেখা করে আমার অনেক ভালো লাগলো,data/videos/video/5326.mp4
3811,দেখা করে আমার অনেক ভালো লাগলো,data/videos/video/3811.mp4
803,আজকে মংগলবার,data/videos/video/803.mp4
4652,আজকে মংগলবার,data/videos/video/4652.mp4
117,আমার মামা মরুভূমিতে যাবে,data/videos/video/117.mp4
4531,আমার মামা মরুভূমিতে যাবে,data/videos/video/4531.mp4
5367,ক্রিকেট দেখি,data/videos/video/5367.mp4
3784,ক্রিকেট দেখি,data/videos/video/3784.mp4
1563,আমার চাচা শনিবার মাংস খায়,data/videos/video/1563.mp4
915,আমার নানী বাসায় থাকে,data/videos/video/915.mp4
3683,আজ শনিবার,data/videos/video/3683.mp4
5378,আজ শনিবার,data/videos/video/5378.mp4
1368,বাংলাদেশের বিখ্যাত লেখক,data/videos/video/1368.mp4
4210,বাংলাদেশের বিখ্যাত লেখক,data/videos/video/4210.mp4
2320,আপনার মা একজন গৃহিণী,data/videos/video/2320.mp4
5442,সে চিনি খাবে,data/videos/video/5442.mp4
1489,সে চিনি খাবে,data/videos/video/1489.mp4
3838,সে আমার ভাইয়ের ম্যাডাম,data/videos/video/3838.mp4
5406,সে আমার ভাইয়ের ম্যাডাম,data/videos/video/5406.mp4
2012,আমার স্ত্রী বৃ্‌হস্পতিবার দুধ খায়,data/videos/video/2012.mp4
3953,আমি পড়া লেখা করি,data/videos/video/3953.mp4
1137,আমি পড়া লেখা করি,data/videos/video/1137.mp4
3055,আমি বুধবারের রাশিয়া যাব,data/videos/video/3055.mp4
2449,আমার গ্রীষ্মকাল অনেক ভালো লাগে,data/videos/video/2449.mp4
2023,আমার স্ত্রী শনিবার মাছ খাবে,data/videos/video/2023.mp4
2626,আমার ফুফাতো ভাই গোয়েন্দা,data/videos/video/2626.mp4
1791,আমার বড় বোন মুরগি দেখে নাই,data/videos/video/1791.mp4
4032,কি ভাবছো,data/videos/video/4032.mp4
1208,কি ভাবছো,data/videos/video/1208.mp4
4656,আজকে শনিবার,data/videos/video/4656.mp4
807,আজকে শনিবার,data/videos/video/807.mp4
2371,আমার খালা মালদ্বীপ যাবে,data/videos/video/2371.mp4
2613,আমার ফুফাতো বোন ভালো মানুষ,data/videos/video/2613.mp4
1844,আমার ভাই ইলিশ মাছ খাবে না,data/videos/video/1844.mp4
3559,ঢাকায় অনেক মানুষ বেশি বসবাস করে,data/videos/video/3559.mp4
5033,ঢাকায় অনেক মানুষ বেশি বসবাস করে,data/videos/video/5033.mp4
1135,আমি পেয়াজ খাবো,data/videos/video/1135.mp4
1136,আমি পেয়াজ খাবো,data/videos/video/1136.mp4
4696,আমি পেয়াজ খাবো,data/videos/video/4696.mp4
3962,আমি পেয়াজ খাবো,data/videos/video/3962.mp4
3284,তুমি কি বিমানবন্দরে যাবে,data/videos/video/3284.mp4
5172,তুমি কি বিমানবন্দরে যাবে,data/videos/video/5172.mp4
2550,আমার চাচির ফুলকপি খেতে ভালো লাগে,data/videos/video/2550.mp4
2956,আমি ইউরোপ যাব,data/videos/video/2956.mp4
2981,আমি জানুয়ারিতে ভারত যাব,data/videos/video/2981.mp4
2217,তোমার ওজন কত,data/videos/video/2217.mp4
4530,আমার মা মরুভূমিতে যাবে,data/videos/video/4530.mp4
104,আমার মা মরুভূমিতে যাবে,data/videos/video/104.mp4
1119,আমি থেমে গেছি,data/videos/video/1119.mp4
2677,আমার বাবা আমেরিকা যাবে,data/videos/video/2677.mp4
1641,আমার বাবা কুকুর দেখেছে,data/videos/video/1641.mp4
4147,তোমার ড্রেসটা দারুন,data/videos/video/4147.mp4
1325,তোমার ড্রেসটা দারুন,data/videos/video/1325.mp4
2874,আমার মামাতো বোন শ্রীলঙ্কায় যাবে,data/videos/video/2874.mp4
1274,তুমি পড়ো,data/videos/video/1274.mp4
4092,তুমি পড়ো,data/videos/video/4092.mp4
1645,আমার বাবা গরু দেখেছে,data/videos/video/1645.mp4
3776,এখন বর্তমান চলছে,data/videos/video/3776.mp4
4747,এখন বর্তমান চলছে,data/videos/video/4747.mp4
1804,আমার বড় ভাই ইদুর দেখে নাই,data/videos/video/1804.mp4
2899,আমার মামি আম খেতে পছন্দ করে,data/videos/video/2899.mp4
2893,আমার মামাতো ভাই শ্রীলঙ্কায় যাবে,data/videos/video/2893.mp4
1788,আমার বড় বোন বিড়াল দেখে নাই,data/videos/video/1788.mp4
1118,আমি তোমার সাথে দেখা করতে চাই,data/videos/video/1118.mp4
4627,আমি তোমার সাথে দেখা করতে চাই,data/videos/video/4627.mp4
825,আপনি কাজ কি,data/videos/video/825.mp4
4673,আপনি কাজ কি,data/videos/video/4673.mp4
943,আমার বন্ধু কথা বলতে পারে না,data/videos/video/943.mp4
4756,তোমার ভাষা কি,data/videos/video/4756.mp4
3808,তোমার ভাষা কি,data/videos/video/3808.mp4
843,আমরা চা খাবো,data/videos/video/843.mp4
4691,আমরা চা খাবো,data/videos/video/4691.mp4
3291,তোমাকে অনেক ধন্যবাদ,data/videos/video/3291.mp4
5162,তোমাকে অনেক ধন্যবাদ,data/videos/video/5162.mp4
3329,তোমার বোনের নাম কি,data/videos/video/3329.mp4
5219,তোমার বোনের নাম কি,data/videos/video/5219.mp4
5299,১২ এপ্রিল আমার জন্মদিন,data/videos/video/5299.mp4
3412,১২ এপ্রিল আমার জন্মদিন,data/videos/video/3412.mp4
1504,১২ এপ্রিল আমার জন্মদিন,data/videos/video/1504.mp4
2703,আমার বাবা ভুটান যাবে,data/videos/video/2703.mp4
2856,আমার মামাতো  বোন আফ্রিকা যাবে,data/videos/video/2856.mp4
2549,আমার চাচি সৌদি আরব যাবে,data/videos/video/2549.mp4
2655,আমার ফুফু বাংলাদেশে যাবে,data/videos/video/2655.mp4
2932,আমার শীতকাল অনেক ভালো লাগে,data/videos/video/2932.mp4
785,অতীত ভাবি না,data/videos/video/785.mp4
4634,অতীত ভাবি না,data/videos/video/4634.mp4
1042,আমি অসুস্থ,data/videos/video/1042.mp4
3066,আমি বৃহস্পতিবার বিদেশ যাবো,data/videos/video/3066.mp4
2392,আমার খালাতো বোন ভুটান যাবে,data/videos/video/2392.mp4
3786,খুলনা যাবো,data/videos/video/3786.mp4
5375,খুলনা যাবো,data/videos/video/5375.mp4
5451,স্বাস্থ্য ভালো আছে,data/videos/video/5451.mp4
1498,স্বাস্থ্য ভালো আছে,data/videos/video/1498.mp4
1759,আমার বোন সকালে দেখা করবে,data/videos/video/1759.mp4
77,আমার ভাই সমুদ্র দেখে যাবে।,data/videos/video/77.mp4
4504,আমার ভাই সমুদ্র দেখে যাবে।,data/videos/video/4504.mp4
2152,আমি ১ মাস আগে ডাক্তার দেখিয়েছি,data/videos/video/2152.mp4
1772,আমার বড় বোন অনেক গুলো বিড়াল দেখেছে,data/videos/video/1772.mp4
4008,আমি সিংগেল,data/videos/video/4008.mp4
1184,আমি সিংগেল,data/videos/video/1184.mp4
3629,বিদ্যুৎ বিল ২৫০,data/videos/video/3629.mp4
4843,বিদ্যুৎ বিল ২৫০,data/videos/video/4843.mp4
1957,আমার মা শনিবার দুধ খাবে,data/videos/video/1957.mp4
1418,ভাইয়া তোমাকে অনেক পছন্দ করে,data/videos/video/1418.mp4
4239,ভাইয়া তোমাকে অনেক পছন্দ করে,data/videos/video/4239.mp4
4877,আমার বাসা সিলেটে,data/videos/video/4877.mp4
3466,আমার বাসা সিলেটে,data/videos/video/3466.mp4
1883,আমার ভাই রবিবার মাংস খায়,data/videos/video/1883.mp4
1902,আমার ভাই হাতি দেখেছে,data/videos/video/1902.mp4
181,আমি এপ্রিল মাসে ইউরোপ যাব,data/videos/video/181.mp4
4382,আমি এপ্রিল মাসে ইউরোপ যাব,data/videos/video/4382.mp4
2545,আমার চাচি ভুটান যাবে,data/videos/video/2545.mp4
1539,আজকের দিন অনেক সুন্দর তুমি কি কাজ করবা,data/videos/video/1539.mp4
1361,বর্তমানে তুমি কি দেখছো,data/videos/video/1361.mp4
4191,বর্তমানে তুমি কি দেখছো,data/videos/video/4191.mp4
4454,আমার পাহাড় দেখতে ভালো লাগে,data/videos/video/4454.mp4
8,আমার পাহাড় দেখতে ভালো লাগে,data/videos/video/8.mp4
5237,তোমার মা কোথায় কাজ করে,data/videos/video/5237.mp4
3334,তোমার মা কোথায় কাজ করে,data/videos/video/3334.mp4
2124,আমি ভ্যান চালাই,data/videos/video/2124.mp4
3074,আমি বৃহস্পতিবারে ভারত যাব,data/videos/video/3074.mp4
3987,আমি ভালো মুখস্থ করছি,data/videos/video/3987.mp4
1162,আমি ভালো মুখস্থ করছি,data/videos/video/1162.mp4
1976,আমার মামা মাছ দেখেছে,data/videos/video/1976.mp4
1278,তুমি বাক ও শ্রবন প্রতিবন্ধী কেন,data/videos/video/1278.mp4
4101,তুমি বাক ও শ্রবন প্রতিবন্ধী কেন,data/videos/video/4101.mp4
2092,আমি ট্রাক চালাই,data/videos/video/2092.mp4
1163,আমি ভালো সাইকেল চালাই,data/videos/video/1163.mp4
3988,আমি ভালো সাইকেল চালাই,data/videos/video/3988.mp4
2067,আমি ইলিশ মাছ খাবো,data/videos/video/2067.mp4
2041,আমার স্বামী মংগলবার মাংস খায়,data/videos/video/2041.mp4
1040,আমি অনেক মেধাবী,data/videos/video/1040.mp4
5279,প্রতিদিন গোসুল এর সময় সাবান শ্যাম্পু দিয়ে গোসুল করি,data/videos/video/5279.mp4
3606,প্রতিদিন গোসুল এর সময় সাবান শ্যাম্পু দিয়ে গোসুল করি,data/videos/video/3606.mp4
3772,আমি মাংস খাবো,data/videos/video/3772.mp4
3992,আমি মাংস খাবো,data/videos/video/3992.mp4
1166,আমি মাংস খাবো,data/videos/video/1166.mp4
5361,আমি মাংস খাবো,data/videos/video/5361.mp4
1875,আমার ভাই মংগলবার দুধ খায়,data/videos/video/1875.mp4
3118,আমি মালদ্বীপ যাব,data/videos/video/3118.mp4
2860,আমার মামাতো বোন ইউরোপ যাবে,data/videos/video/2860.mp4
1959,আমার মা শনিবার মাংস খাবে,data/videos/video/1959.mp4
5210,তোমার চাচাতো বোনের নাম কি,data/videos/video/5210.mp4
3302,তোমার চাচাতো বোনের নাম কি,data/videos/video/3302.mp4
3150,আমি রবিবারে রোজা রাখি,data/videos/video/3150.mp4
3013,আমি পাকিস্তান যাব,data/videos/video/3013.mp4
2194,তুমি মংগলবার দুধ খাবে,data/videos/video/2194.mp4
1537,আজকে এই পর্যন্ত,data/videos/video/1537.mp4
2985,আমি জুন মাসে নেপাল যাবো,data/videos/video/2985.mp4
2042,আমার স্বামী মংগলবার মাছ খায়,data/videos/video/2042.mp4
2619,আমার ফুফাতো ভাই অস্ট্রেলিয়া যাবে,data/videos/video/2619.mp4
311,এপ্রিল মাসে এশিয়া যাব আমি,data/videos/video/311.mp4
4367,এপ্রিল মাসে এশিয়া যাব আমি,data/videos/video/4367.mp4
1973,আমার মা হাস দেখেছে,data/videos/video/1973.mp4
4712,আমরা সবাই লবন খাবো না,data/videos/video/4712.mp4
864,আমরা সবাই লবন খাবো না,data/videos/video/864.mp4
3836,সে আমার বোনের ম্যাডাম,data/videos/video/3836.mp4
5405,সে আমার বোনের ম্যাডাম,data/videos/video/5405.mp4
3021,আমি বই পাড়ি,data/videos/video/3021.mp4
2078,আমি গরু দেখেছি,data/videos/video/2078.mp4
1634,আমার বাবা ইদুর দেখে নাই,data/videos/video/1634.mp4
4433,আমি উত্তর দিকে যাব,data/videos/video/4433.mp4
178,আমি উত্তর দিকে যাব,data/videos/video/178.mp4
2684,আমার বাবা কাঁঠাল খেতে পছন্দ করেন,data/videos/video/2684.mp4
2539,আমার চাচি পাকিস্তান যাবে,data/videos/video/2539.mp4
4767,আমার বাবা ইংরেজির শিক্ষক,data/videos/video/4767.mp4
3711,আমার বাবা ইংরেজির শিক্ষক,data/videos/video/3711.mp4
3935,বাংলাদেশে বৈশি গোরোম,data/videos/video/3935.mp4
5068,বাংলাদেশে বৈশি গোরোম,data/videos/video/5068.mp4
1651,আমার বাবা টিয়া পাখি দেখে নাই,data/videos/video/1651.mp4
817,আপনার কাজ অনেক ভালো,data/videos/video/817.mp4
4665,আপনার কাজ অনেক ভালো,data/videos/video/4665.mp4
1673,আমার বাবা বৃহস্পতিবার মাছ খায়,data/videos/video/1673.mp4
1526,আগে দিন পরে রাত,data/videos/video/1526.mp4
3783,কোন ভাষা ভালো,data/videos/video/3783.mp4
4755,কোন ভাষা ভালো,data/videos/video/4755.mp4
2717,আমার বাবার রান্না খেতে মজা,data/videos/video/2717.mp4
2511,আমার চাচাতো ভাই চীন যাবে,data/videos/video/2511.mp4
3508,আমি প্রতিদিন দুপুর ২তায় খাই,data/videos/video/3508.mp4
5280,আমি প্রতিদিন দুপুর ২তায় খাই,data/videos/video/5280.mp4
1503,১২ অক্টোবর আমার জন্মদিন,data/videos/video/1503.mp4
3411,১২ অক্টোবর আমার জন্মদিন,data/videos/video/3411.mp4
5298,১২ অক্টোবর আমার জন্মদিন,data/videos/video/5298.mp4
2399,আমার খালাতো ভাই আমেরিকা যাবে,data/videos/video/2399.mp4
4119,তুমি সমাজ বই সম্পর্কে জানো,data/videos/video/4119.mp4
1296,তুমি সমাজ বই সম্পর্কে জানো,data/videos/video/1296.mp4
3121,আমি মে তে পাকিস্তান যাব,data/videos/video/3121.mp4
1621,আমার ছোট ভাই তেলাপোকা দেখে নাই,data/videos/video/1621.mp4
3081,আমি ভার্সিটিতে যাবো,data/videos/video/3081.mp4
5211,তোমার ফুফাতো ভাইয়ের নাম কি,data/videos/video/5211.mp4
3318,তোমার ফুফাতো ভাইয়ের নাম কি,data/videos/video/3318.mp4
4379,আমি জানুয়ারিতে আফ্রিকা যাব,data/videos/video/4379.mp4
192,আমি জানুয়ারিতে আফ্রিকা যাব,data/videos/video/192.mp4
5007,তুমি অনেক বেশি চুপ,data/videos/video/5007.mp4
3570,তুমি অনেক বেশি চুপ,data/videos/video/3570.mp4
1758,আমার বোন সকালে দেখা করবে না,data/videos/video/1758.mp4
1968,আমার মা সোমবার মাংস খায়,data/videos/video/1968.mp4
2043,আমার স্বামী রবিবার দুধ খায়,data/videos/video/2043.mp4
1083,আমি ক্ষুদা লাগছে অনেক ক্লান্ত,data/videos/video/1083.mp4
953,আমার বাবা অলস,data/videos/video/953.mp4
3251,ইশারায় দাদ ও নানা একই,data/videos/video/3251.mp4
5134,ইশারায় দাদ ও নানা একই,data/videos/video/5134.mp4
78,আমার ভাইবোনে যাবে,data/videos/video/78.mp4
4515,আমার ভাইবোনে যাবে,data/videos/video/4515.mp4
815,আপনাকে কীভাবে সহযোগীতা করতে পারি,data/videos/video/815.mp4
4664,আপনাকে কীভাবে সহযোগীতা করতে পারি,data/videos/video/4664.mp4
1579,আমার ছেলে বৃহস্পতিবার ভাত খায়,data/videos/video/1579.mp4
2247,মামা মংগলবার ভাত খায়,data/videos/video/2247.mp4
4152,তোমার প্রশংসা পত্র কই,data/videos/video/4152.mp4
1330,তোমার প্রশংসা পত্র কই,data/videos/video/1330.mp4
2150,আমি হাস দেখেছি,data/videos/video/2150.mp4
2429,আমার খালু ক্রিকেট খেলে পছন্দ,data/videos/video/2429.mp4
1678,আমার বাবা মংগলবার মাছ খায়,data/videos/video/1678.mp4
4598,আমার বোনের দোয়েল পছন্দ,data/videos/video/4598.mp4
57,আমার বোনের দোয়েল পছন্দ,data/videos/video/57.mp4
5171,আমি হসপিটাল এ যাবো,data/videos/video/5171.mp4
3247,আমি হসপিটাল এ যাবো,data/videos/video/3247.mp4
321,তুমি বনে যাবা,data/videos/video/321.mp4
4514,তুমি বনে যাবা,data/videos/video/4514.mp4
2559,আমার তাল ভালো লাগে,data/videos/video/2559.mp4
4931,আমার সাবান পছন্দ,data/videos/video/4931.mp4
3477,আমার সাবান পছন্দ,data/videos/video/3477.mp4
1422,ভিতরে এসে বসো,data/videos/video/1422.mp4
4243,ভিতরে এসে বসো,data/videos/video/4243.mp4
1379,বাবা,data/videos/video/1379.mp4
4203,বাবা,data/videos/video/4203.mp4
143,আমার মায়ের পাহাড় দেখতে ভালো লাগে,data/videos/video/143.mp4
4542,আমার মায়ের পাহাড় দেখতে ভালো লাগে,data/videos/video/4542.mp4
951,আমার বাবা usa তে থাকে,data/videos/video/951.mp4
4113,তুমি মাথায় তেল দিবে,data/videos/video/4113.mp4
1289,তুমি মাথায় তেল দিবে,data/videos/video/1289.mp4
2014,আমার স্ত্রী মংগলবার ভাত খায়,data/videos/video/2014.mp4
3313,তোমার নানীর  নাম কি,data/videos/video/3313.mp4
5202,তোমার নানীর  নাম কি,data/videos/video/5202.mp4
5012,আমি সৌদি আরব যাব,data/videos/video/5012.mp4
3245,আমি সৌদি আরব যাব,data/videos/video/3245.mp4
3607,"প্রতিদিন লেবু, অদা মিশিয়ে চা খাবেন",data/videos/video/3607.mp4
4914,"প্রতিদিন লেবু, অদা মিশিয়ে চা খাবেন",data/videos/video/4914.mp4
2536,আমার চাচি চিন যাবে,data/videos/video/2536.mp4
4228,ভবিষ্যতে তুমি কি করবে,data/videos/video/4228.mp4
1407,ভবিষ্যতে তুমি কি করবে,data/videos/video/1407.mp4
904,আমার দাদা বাসায় থাকে,data/videos/video/904.mp4
3207,আমি শুক্রবারে সৌদি আরব যাব,data/videos/video/3207.mp4
27,আমার বাবার ছাগল ভালো লাগে,data/videos/video/27.mp4
4545,আমার বাবার ছাগল ভালো লাগে,data/videos/video/4545.mp4
2543,আমার চাচি বিদেশ যাবে,data/videos/video/2543.mp4
2828,আমার মামা অস্ট্রেলিয়া যাবে,data/videos/video/2828.mp4
2811,আমার মা জাপান যাবে,data/videos/video/2811.mp4
2669,আমার বরই ভালো লাগে,data/videos/video/2669.mp4
2085,আমি চিড়িয়াখানা যাবো,data/videos/video/2085.mp4
3033,আমি বুধবার এশিয়া যাব,data/videos/video/3033.mp4
3082,আমি ভালো আছি,data/videos/video/3082.mp4
3986,আমি ভালো আছি,data/videos/video/3986.mp4
5087,আমি ভালো আছি,data/videos/video/5087.mp4
1161,আমি ভালো আছি,data/videos/video/1161.mp4
3879,আমি ভালো আছি,data/videos/video/3879.mp4
2082,আমি চিংড়ি মাছ খাবো,data/videos/video/2082.mp4
2436,আমার খালু বিদেশ যাবে,data/videos/video/2436.mp4
3795,তুমি আসো,data/videos/video/3795.mp4
5372,তুমি আসো,data/videos/video/5372.mp4
1945,আমার মা ভাত খাবে শুক্রবার,data/videos/video/1945.mp4
1177,আমি শাক খাবো,data/videos/video/1177.mp4
4001,আমি শাক খাবো,data/videos/video/4001.mp4
3200,আমি শুক্রবারে নেপাল যাবো,data/videos/video/3200.mp4
2413,আমার খালাতো ভাই মালদ্বীপ যাবে,data/videos/video/2413.mp4
2906,আমার মামি পেয়ারা খেতে পছন্দ করে,data/videos/video/2906.mp4
1105,আমি জেলে,data/videos/video/1105.mp4
2366,আমার খালা বাংলাদেশের যাবে,data/videos/video/2366.mp4
5130,তোমার বোন ভালো,data/videos/video/5130.mp4
3328,তোমার বোন ভালো,data/videos/video/3328.mp4
2622,আমার ফুফাতো ভাই ইংল্যান্ডে যাবে,data/videos/video/2622.mp4
1055,আমি ইশারা ভাষা বলি,data/videos/video/1055.mp4
2936,আমার সাদা রং  ভালো লাগে,data/videos/video/2936.mp4
4090,তুমি দৃষ্টি প্রতিবিন্ধী কীভাবে,data/videos/video/4090.mp4
1267,তুমি দৃষ্টি প্রতিবিন্ধী কীভাবে,data/videos/video/1267.mp4
1333,তোমার বর দেখতে সুন্দর,data/videos/video/1333.mp4
4155,তোমার বর দেখতে সুন্দর,data/videos/video/4155.mp4
4910,সবাই সাবধানে থাকবেন,data/videos/video/4910.mp4
3658,সবাই সাবধানে থাকবেন,data/videos/video/3658.mp4
1133,আমি পুলিশের সাথে কথা বলি,data/videos/video/1133.mp4
3960,আমি পুলিশের সাথে কথা বলি,data/videos/video/3960.mp4
3011,আমি নভেম্বরে ভুটান যাব,data/videos/video/3011.mp4
2568,আমার নীল রং ভালো লাগে,data/videos/video/2568.mp4
3593,দূর থেকে দেখলে মনে হয় আমার পেছনের সি এন গের বসার সিট খালি,data/videos/video/3593.mp4
4980,দূর থেকে দেখলে মনে হয় আমার পেছনের সি এন গের বসার সিট খালি,data/videos/video/4980.mp4
4069,তুমি একজন অটিজম,data/videos/video/4069.mp4
1247,তুমি একজন অটিজম,data/videos/video/1247.mp4
3170,আমি শনিবারে পাকিস্তান যাব,data/videos/video/3170.mp4
1084,আমি ক্ষুদার্ত কিছু খাবো,data/videos/video/1084.mp4
1552,আমার চাচা বৃহস্পতিবার মাছ খায়,data/videos/video/1552.mp4
4181,বড় ভাই বিরতি নিছে,data/videos/video/4181.mp4
1404,বড় ভাই বিরতি নিছে,data/videos/video/1404.mp4
2632,আমার ফুফাতো ভাই ভারত যাবে,data/videos/video/2632.mp4
2274,মামী শুক্রবার মাছ খায়,data/videos/video/2274.mp4
4828,মাই ফেব্রুয়ারিতে পাকিস্তান যাব,data/videos/video/4828.mp4
3364,মাই ফেব্রুয়ারিতে পাকিস্তান যাব,data/videos/video/3364.mp4
2969,আমি কফি খাই,data/videos/video/2969.mp4
947,আমার বন্ধু যাচ্ছে,data/videos/video/947.mp4
4626,আই লাভ উ,data/videos/video/4626.mp4
793,আই লাভ উ,data/videos/video/793.mp4
4727,তুমি কি বাহিরে যাবে,data/videos/video/4727.mp4
3799,তুমি কি বাহিরে যাবে,data/videos/video/3799.mp4
1749,আমার বোন রবিবার মাছ খায়,data/videos/video/1749.mp4
2233,মামা আমি তোমাকে অনেক পছন্দ করি,data/videos/video/2233.mp4
1920,আমার মা খরগোশ দেখেছে,data/videos/video/1920.mp4
1990,আমার মেয়ে রবিবার ভাত খায়,data/videos/video/1990.mp4
855,আমরা সবাই কাঠাল খাবো,data/videos/video/855.mp4
4703,আমরা সবাই কাঠাল খাবো,data/videos/video/4703.mp4
2272,মামী শুক্রবার ভাত খায়,data/videos/video/2272.mp4
2816,আমার মা বাড়ি করবে,data/videos/video/2816.mp4
168,আমি আগস্ট মাসে আমেরিকা যাবো,data/videos/video/168.mp4
4402,আমি আগস্ট মাসে আমেরিকা যাবো,data/videos/video/4402.mp4
2081,আমি চিংড়ি মাছ খাবো না,data/videos/video/2081.mp4
4836,আমি ছোট বাচ্চাদের আদর করি,data/videos/video/4836.mp4
3494,আমি ছোট বাচ্চাদের আদর করি,data/videos/video/3494.mp4
2359,আমার খালা ক্রিকেট খেলা পছন্দ করে,data/videos/video/2359.mp4
2605,আমার ফুফাতো বোন এশিয়া যাবে,data/videos/video/2605.mp4
3648,লাল রঙের চুড়ি আছে,data/videos/video/3648.mp4
4887,লাল রঙের চুড়ি আছে,data/videos/video/4887.mp4
1638,আমার বাবা ইলিশ মাছ দেখেছে,data/videos/video/1638.mp4
2968,আমি ও তুমি স্কুল যাই,data/videos/video/2968.mp4
4208,বাংলা দেশ ৬ ঋতুর দেশ,data/videos/video/4208.mp4
1366,বাংলা দেশ ৬ ঋতুর দেশ,data/videos/video/1366.mp4
4901,আমি এখন দুর্বল,data/videos/video/4901.mp4
3489,আমি এখন দুর্বল,data/videos/video/3489.mp4
4943,ব্রাশ করে মুখ ধোয়,data/videos/video/4943.mp4
3633,ব্রাশ করে মুখ ধোয়,data/videos/video/3633.mp4
2770,আমার ভাই চিনে যাবে,data/videos/video/2770.mp4
4123,তোমরা সবাই আম খাবে,data/videos/video/4123.mp4
1300,তোমরা সবাই আম খাবে,data/videos/video/1300.mp4
4804,আমার বাবা ঘোড়া দেখেছে,data/videos/video/4804.mp4
3386,আমার বাবা ঘোড়া দেখেছে,data/videos/video/3386.mp4
1647,আমার বাবা ঘোড়া দেখেছে,data/videos/video/1647.mp4
5140,তোমার খালা ভালো মানুষ,data/videos/video/5140.mp4
3295,তোমার খালা ভালো মানুষ,data/videos/video/3295.mp4
2821,আমার মা মালদ্বীপ যাবে,data/videos/video/2821.mp4
4827,সাল পরলে আমাকে সুন্দর দেখা যায়,data/videos/video/4827.mp4
3376,সাল পরলে আমাকে সুন্দর দেখা যায়,data/videos/video/3376.mp4
2046,আমার স্বামী রবিবার মাছ খায়,data/videos/video/2046.mp4
2649,আমার ফুফু চীন যাবে,data/videos/video/2649.mp4
2387,আমার খালাতো বোন পাকিস্তান যাবে,data/videos/video/2387.mp4
2286,শুক্রবার আমি মাছ খাবো,data/videos/video/2286.mp4
1847,আমার ভাই ইলিশ মাছ দেখেছে,data/videos/video/1847.mp4
5229,আবার দেখা হবে,data/videos/video/5229.mp4
3868,আবার দেখা হবে,data/videos/video/3868.mp4
4684,আবার দেখা হবে,data/videos/video/4684.mp4
836,আবার দেখা হবে,data/videos/video/836.mp4
5327,আবার দেখা হবে,data/videos/video/5327.mp4
3699,আবার দেখা হবে,data/videos/video/3699.mp4
5360,ওইটা মাছ,data/videos/video/5360.mp4
3779,ওইটা মাছ,data/videos/video/3779.mp4
4050,ডাক্তার অনেক ভালো পেশা,data/videos/video/4050.mp4
1227,ডাক্তার অনেক ভালো পেশা,data/videos/video/1227.mp4
2775,আমার ভাই নেপাল যাবে,data/videos/video/2775.mp4
1092,আমি গাড়িতে তেল দিবো,data/videos/video/1092.mp4
2281,শরীর খারাপ ডাক্তার দেখাবো,data/videos/video/2281.mp4
1582,আমার ছেলে মংগলবার দুধ খায়,data/videos/video/1582.mp4
903,আমার দাদা অনেক ভালো,data/videos/video/903.mp4
5207,তোমার চাচার নাম কি,data/videos/video/5207.mp4
3306,তোমার চাচার নাম কি,data/videos/video/3306.mp4
1049,আমি আরবি বই জানি,data/videos/video/1049.mp4
5034,কক্স বাজার পরিষ্কার,data/videos/video/5034.mp4
3532,কক্স বাজার পরিষ্কার,data/videos/video/3532.mp4
857,আমরা সবাই চা খাবো,data/videos/video/857.mp4
4705,আমরা সবাই চা খাবো,data/videos/video/4705.mp4
3127,আমি রবিবার অস্ট্রেলিয়া যাব,data/videos/video/3127.mp4
1193,এই বিষয়টি ভেবেছো,data/videos/video/1193.mp4
4017,এই বিষয়টি ভেবেছো,data/videos/video/4017.mp4
2618,আমার ফুফাতো বোনের রান্না খেতে মজা,data/videos/video/2618.mp4
4609,আমার ভাইয়ের বাঘ ভয় করে,data/videos/video/4609.mp4
88,আমার ভাইয়ের বাঘ ভয় করে,data/videos/video/88.mp4
5163,আমি স্কুল যাই,data/videos/video/5163.mp4
3246,আমি স্কুল যাই,data/videos/video/3246.mp4
1061,আমি একজন মুসলমান,data/videos/video/1061.mp4
1858,আমার ভাই টিয়া পাখি দেখে নাই,data/videos/video/1858.mp4
4802,আমার ভাই টিয়া পাখি দেখে নাই,data/videos/video/4802.mp4
3389,আমার ভাই টিয়া পাখি দেখে নাই,data/videos/video/3389.mp4
1930,আমার মা তেলাপোকা দেখেছে,data/videos/video/1930.mp4
3398,আমার মা তেলাপোকা দেখেছে,data/videos/video/3398.mp4
4798,আমার মা তেলাপোকা দেখেছে,data/videos/video/4798.mp4
2625,আমার ফুফাতো ভাই কানাডা যাবে,data/videos/video/2625.mp4
2912,আমার মামি মালদ্বীপ যাবে,data/videos/video/2912.mp4
1662,আমার বাবা বাসে যাবে,data/videos/video/1662.mp4
2686,আমার বাবা কৃষক,data/videos/video/2686.mp4
2561,আমার দাদ অনেক ভালো,data/videos/video/2561.mp4
3674,৭ই ফেব্রুয়ারি আমাদের বাংলা ইশারা ভাষা দিবস,data/videos/video/3674.mp4
4860,৭ই ফেব্রুয়ারি আমাদের বাংলা ইশারা ভাষা দিবস,data/videos/video/4860.mp4
950,আমার বর দেখতে সুন্দর,data/videos/video/950.mp4
2423,আমার খালু ইংল্যান্ডে যাবে,data/videos/video/2423.mp4
4832,আমার ভাই বুধবার দুধ খায়,data/videos/video/4832.mp4
3391,আমার ভাই বুধবার দুধ খায়,data/videos/video/3391.mp4
1866,আমার ভাই বুধবার দুধ খায়,data/videos/video/1866.mp4
1769,আমার বোন হাস দেখেছে,data/videos/video/1769.mp4
154,আমি অক্টোবর বিদেশ যাব,data/videos/video/154.mp4
4428,আমি অক্টোবর বিদেশ যাব,data/videos/video/4428.mp4
1465,সবাই তাকে অনেক শ্রদ্ধা করে,data/videos/video/1465.mp4
4278,সবাই তাকে অনেক শ্রদ্ধা করে,data/videos/video/4278.mp4
4085,তুমি জাম খাবে,data/videos/video/4085.mp4
1262,তুমি জাম খাবে,data/videos/video/1262.mp4
2824,আমার মা শ্রীলংকা যাবে,data/videos/video/2824.mp4
1574,আমার ছেলে বুধবার দুধ খায়,data/videos/video/1574.mp4
3568,তুমার সাথে তার কি সম্পর্ক,data/videos/video/3568.mp4
4866,তুমার সাথে তার কি সম্পর্ক,data/videos/video/4866.mp4
2448,আমার গোলাপী রং ভালো লাগে,data/videos/video/2448.mp4
5399,আমার ভাইয়ের প্রিয় রঙ কি,data/videos/video/5399.mp4
3744,আমার ভাইয়ের প্রিয় রঙ কি,data/videos/video/3744.mp4
3134,আমি রবিবারে ইংল্যান্ড যাব,data/videos/video/3134.mp4
4688,আমরা আলু খাবো,data/videos/video/4688.mp4
840,আমরা আলু খাবো,data/videos/video/840.mp4
1972,আমার মা হাস দেখে নাই,data/videos/video/1972.mp4
2636,আমার ফুফাতো ভাইয়ের রান্না খেতে মজা,data/videos/video/2636.mp4
3172,আমি শনিবারে ভুটান যাব,data/videos/video/3172.mp4
36,আমার বাবার মুরগী ভালো লাগে,data/videos/video/36.mp4
4595,আমার বাবার মুরগী ভালো লাগে,data/videos/video/4595.mp4
2318,আপনার বোন কি কাজ করে,data/videos/video/2318.mp4
3587,তোমাকে দেখতে সুন্দর লাগছে,data/videos/video/3587.mp4
4885,তোমাকে দেখতে সুন্দর লাগছে,data/videos/video/4885.mp4
242,আমি নভেম্বর আফ্রিকা যাব,data/videos/video/242.mp4
4401,আমি নভেম্বর আফ্রিকা যাব,data/videos/video/4401.mp4
1121,আমি দুখিত,data/videos/video/1121.mp4
223,আমি জুলাইয়ে ইংল্যান্ড যাব,data/videos/video/223.mp4
4329,আমি জুলাইয়ে ইংল্যান্ড যাব,data/videos/video/4329.mp4
4222,বোন বিরতি নিছে,data/videos/video/4222.mp4
1392,বোন বিরতি নিছে,data/videos/video/1392.mp4
2472,আমার চাচা বিদেশ যাবে,data/videos/video/2472.mp4
999,আমার ভালো ভালো আছে,data/videos/video/999.mp4
3936,বাংলাদেশে ব্রিশ্টি নাই,data/videos/video/3936.mp4
5067,বাংলাদেশে ব্রিশ্টি নাই,data/videos/video/5067.mp4
4473,আমার বাবার মানচিত্র দেখতে ভালো লাগে,data/videos/video/4473.mp4
35,আমার বাবার মানচিত্র দেখতে ভালো লাগে,data/videos/video/35.mp4
3155,আমি শনিবার অস্ট্রেলিয়া যাব,data/videos/video/3155.mp4
191,আমি জানুয়ারিতে অস্ট্রেলিয়া যাব,data/videos/video/191.mp4
4414,আমি জানুয়ারিতে অস্ট্রেলিয়া যাব,data/videos/video/4414.mp4
3032,আমি বুধবার ইউরোপ যাব,data/videos/video/3032.mp4
245,আমি নভেম্বর এশিয়া যাব,data/videos/video/245.mp4
4360,আমি নভেম্বর এশিয়া যাব,data/videos/video/4360.mp4
1842,আমার ভাই ইদুর দেখছে,data/videos/video/1842.mp4
2241,মামা বুধবার মাছ খায়,data/videos/video/2241.mp4
3837,সে আমার ভাই,data/videos/video/3837.mp4
5349,সে আমার ভাই,data/videos/video/5349.mp4
1746,আমার বোন রবিবার দুধ খায়,data/videos/video/1746.mp4
1854,আমার ভাই ঘোড়া দেখে নাই,data/videos/video/1854.mp4
1113,আমি তেল খাবো,data/videos/video/1113.mp4
3383,আমরা মুরগী দেখছি,data/videos/video/3383.mp4
1540,আমরা মুরগী দেখছি,data/videos/video/1540.mp4
4799,আমরা মুরগী দেখছি,data/videos/video/4799.mp4
2156,আমি ২ মাস আগে ডাক্তার দেখিয়েছি,data/videos/video/2156.mp4
4680,আপনি ভালো থাকবেন ওকে,data/videos/video/4680.mp4
832,আপনি ভালো থাকবেন ওকে,data/videos/video/832.mp4
2563,আমার দাদি সুন্দর,data/videos/video/2563.mp4
5422,হ্যালো,data/videos/video/5422.mp4
1502,হ্যালো,data/videos/video/1502.mp4
3896,হ্যালো,data/videos/video/3896.mp4
5081,হ্যালো,data/videos/video/5081.mp4
5099,আপনার গ্রামের বাড়ি কোথায়,data/videos/video/5099.mp4
3431,আপনার গ্রামের বাড়ি কোথায়,data/videos/video/3431.mp4
3685,আজ সোমবার,data/videos/video/3685.mp4
5380,আজ সোমবার,data/videos/video/5380.mp4
1114,আমি তোমাকে অনেক পছন্দ করি মনে রেখো,data/videos/video/1114.mp4
3470,আমার বেশি কমলা খেতে পসন্দ,data/videos/video/3470.mp4
4886,আমার বেশি কমলা খেতে পসন্দ,data/videos/video/4886.mp4
1090,আমি গনিত ভালো পারি না,data/videos/video/1090.mp4
3105,আমি মঙ্গলবারে মালদ্বীপ যাব,data/videos/video/3105.mp4
4226,বোনের পরীক্ষা কেমন হয়েছে,data/videos/video/4226.mp4
1396,বোনের পরীক্ষা কেমন হয়েছে,data/videos/video/1396.mp4
1095,আমি ঘুমাবো,data/videos/video/1095.mp4
3430,আপনার গলা ব্যথা,data/videos/video/3430.mp4
4915,আপনার গলা ব্যথা,data/videos/video/4915.mp4
3034,আমি বুধবার বিদেশ যাব,data/videos/video/3034.mp4
1624,আমার ছোট ভাই মুরগী দেখেছে,data/videos/video/1624.mp4
2221,পরশু আমার বাবা আমাকে দেখেবে,data/videos/video/2221.mp4
924,আমার পেশা ব্যবসা,data/videos/video/924.mp4
1893,আমার ভাই সকালে দেখা করবে না,data/videos/video/1893.mp4
1254,তুমি কি চাও,data/videos/video/1254.mp4
4076,তুমি কি চাও,data/videos/video/4076.mp4
4455,তুমি উত্তর দিকে যাবা,data/videos/video/4455.mp4
314,তুমি উত্তর দিকে যাবা,data/videos/video/314.mp4
2322,আপনি কি কাজ করেন,data/videos/video/2322.mp4
3436,আপনি কি কাজ করেন,data/videos/video/3436.mp4
3695,আপনি কি কাজ করেন,data/videos/video/3695.mp4
3862,আপনি কি কাজ করেন,data/videos/video/3862.mp4
5332,আপনি কি কাজ করেন,data/videos/video/5332.mp4
4864,আপনি কি কাজ করেন,data/videos/video/4864.mp4
5122,আপনি কি কাজ করেন,data/videos/video/5122.mp4
1704,আমার বাবা ২ মাস পর আসবে,data/videos/video/1704.mp4
2407,আমার খালাতো ভাই পাকিস্তান যাবে,data/videos/video/2407.mp4
3047,আমি বুধবারে ভারত যাব,data/videos/video/3047.mp4
1301,তোমরা সবাই কোলড্রিংস খাবা,data/videos/video/1301.mp4
4124,তোমরা সবাই কোলড্রিংস খাবা,data/videos/video/4124.mp4
5194,তোমার ভাইয়ের নাম কি,data/videos/video/5194.mp4
3331,তোমার ভাইয়ের নাম কি,data/videos/video/3331.mp4
2788,আমার ভাই রেস্টুরেন্টে যায়,data/videos/video/2788.mp4
1897,আমার ভাই সোমবার দুধ খায়,data/videos/video/1897.mp4
2075,আমি কুকুরকে খাওয়াবো,data/videos/video/2075.mp4
1825,আমার বড় ভাই বিড়াল দেখেছে,data/videos/video/1825.mp4
4941,"এখন সকাল, সময় ১০টা",data/videos/video/4941.mp4
3531,"এখন সকাল, সময় ১০টা",data/videos/video/3531.mp4
1705,আমার বাবার বিড়াল নাই,data/videos/video/1705.mp4
2761,আমার ভাই আমেরিকা যাবে,data/videos/video/2761.mp4
2036,আমার স্বামী বৃহস্পতিবার ভাত খায়,data/videos/video/2036.mp4
5208,তোমার মামীর নাম কি,data/videos/video/5208.mp4
3345,তোমার মামীর নাম কি,data/videos/video/3345.mp4
3354,বুধবারে মসজিদে যাই,data/videos/video/3354.mp4
5176,বুধবারে মসজিদে যাই,data/videos/video/5176.mp4
1708,আমার বোন অনেক গুলো বিড়াল দেখে নি,data/videos/video/1708.mp4
2743,আমার বোন বিদেশ যাবে,data/videos/video/2743.mp4
2231,পরে সময় নাই,data/videos/video/2231.mp4
2908,আমার মামি বিদেশ যাবে,data/videos/video/2908.mp4
881,আমার চাচা অনেক ভালো,data/videos/video/881.mp4
2330,আপনি দেখতে বেশ সুন্দর,data/videos/video/2330.mp4
1906,আমার মা অনেক গুলো ঘোড়া দেখে নাই,data/videos/video/1906.mp4
3659,সবাইকে ভালো বাসি,data/videos/video/3659.mp4
4837,সবাইকে ভালো বাসি,data/videos/video/4837.mp4
3984,আমি ভাবছি পড়বো,data/videos/video/3984.mp4
1159,আমি ভাবছি পড়বো,data/videos/video/1159.mp4
2411,আমার খালাতো ভাই ভার্সিটিতে পড়ে,data/videos/video/2411.mp4
992,আমার ভাই নেই,data/videos/video/992.mp4
5098,আমার গ্রামের বাড়ি ময়মনসিং,data/videos/video/5098.mp4
3454,আমার গ্রামের বাড়ি ময়মনসিং,data/videos/video/3454.mp4
1558,আমার চাচা রবিবার ভার খায়,data/videos/video/1558.mp4
1590,আমার ছেলে শনিবার দুধ খায়,data/videos/video/1590.mp4
2397,আমার খালাতো ভাই অস্ট্রেলিয়া যাবে,data/videos/video/2397.mp4
3216,আমি সেপ্টেম্বরে ভুটান যাবো,data/videos/video/3216.mp4
2540,আমার চাচি পেয়ারা খেতে পছন্দ করে,data/videos/video/2540.mp4
3244,আমি সোমবারে সৌদি আরব যাব,data/videos/video/3244.mp4
4810,আমি সোমবারে সৌদি আরব যাব,data/videos/video/4810.mp4
3571,তুমি অনেক শান্ত,data/videos/video/3571.mp4
5009,তুমি অনেক শান্ত,data/videos/video/5009.mp4
86,আমার ভাইয়ের পার দেখতে ভালো লাগে,data/videos/video/86.mp4
4535,আমার ভাইয়ের পার দেখতে ভালো লাগে,data/videos/video/4535.mp4
2011,আমার স্ত্রী বৃহস্পতিবার মাছ খায়,data/videos/video/2011.mp4
3142,আমি রবিবারে পাকিস্তান যাব,data/videos/video/3142.mp4
3025,আমি বাড়ি করবো,data/videos/video/3025.mp4
2648,আমার ফুফু ক্রিকেট খেলা পছন্দ করে,data/videos/video/2648.mp4
2915,আমার মামী ইউরোপ যাবে,data/videos/video/2915.mp4
1155,আমি বিমানবন্দর দেখবো,data/videos/video/1155.mp4
3979,আমি বিমানবন্দর দেখবো,data/videos/video/3979.mp4
2749,আমার বোন রেস্টুরেন্টে যায়,data/videos/video/2749.mp4
4288,আমি এপ্রিল মাসে চীন যাবো,data/videos/video/4288.mp4
183,আমি এপ্রিল মাসে চীন যাবো,data/videos/video/183.mp4
2957,আমি ইঞ্জিনিয়ার,data/videos/video/2957.mp4
2963,আমি এপ্রিলে পাকিস্তান যাব,data/videos/video/2963.mp4
1448,রঙ এর নাম কমলা,data/videos/video/1448.mp4
4261,রঙ এর নাম কমলা,data/videos/video/4261.mp4
4749,তোমার অতীত কেমন,data/videos/video/4749.mp4
3803,তোমার অতীত কেমন,data/videos/video/3803.mp4
2441,আমার খালু মালদ্বীপ যাবে,data/videos/video/2441.mp4
3569,তুমি অনেক  ভালো মনের মানুষ,data/videos/video/3569.mp4
4849,তুমি অনেক  ভালো মনের মানুষ,data/videos/video/4849.mp4
2615,আমার ফুফাতো বোন মালদ্বীপ যাবে,data/videos/video/2615.mp4
2096,আমি তেলাপোকা দেখেছি,data/videos/video/2096.mp4
4959,পরিষ্কার রাখতে হবে,data/videos/video/4959.mp4
3595,পরিষ্কার রাখতে হবে,data/videos/video/3595.mp4
3373,শুভ সকাল,data/videos/video/3373.mp4
5126,শুভ সকাল,data/videos/video/5126.mp4
4276,শুভ সকাল,data/videos/video/4276.mp4
3829,শুভ সকাল,data/videos/video/3829.mp4
5313,শুভ সকাল,data/videos/video/5313.mp4
1463,শুভ সকাল,data/videos/video/1463.mp4
936,আমার প্রিয় রঙ সাদা,data/videos/video/936.mp4
5125,ভেতরে আসুন এবং বসুন,data/videos/video/5125.mp4
3358,ভেতরে আসুন এবং বসুন,data/videos/video/3358.mp4
1154,আমি বিভাগ চাই,data/videos/video/1154.mp4
3978,আমি বিভাগ চাই,data/videos/video/3978.mp4
3019,আমি ফেব্রুয়ারিতে ভুটান দেবো,data/videos/video/3019.mp4
2966,আমি এপ্রিলে মালদ্বীপ যাব,data/videos/video/2966.mp4
2767,আমার ভাই কানাডা যাবে,data/videos/video/2767.mp4
5071,গরোম ই শরবট পান কোরা ভালো,data/videos/video/5071.mp4
3932,গরোম ই শরবট পান কোরা ভালো,data/videos/video/3932.mp4
889,আমার চাচী ভালো আছে,data/videos/video/889.mp4
4903,আমার অনেক দুর্বল লাগছে,data/videos/video/4903.mp4
3445,আমার অনেক দুর্বল লাগছে,data/videos/video/3445.mp4
4955,রাতে রান্না করো,data/videos/video/4955.mp4
3644,রাতে রান্না করো,data/videos/video/3644.mp4
959,আমার বাবা হসপিটালে গেছে,data/videos/video/959.mp4
5131,তোমার মা অনেক সুন্দর,data/videos/video/5131.mp4
3332,তোমার মা অনেক সুন্দর,data/videos/video/3332.mp4
4790,আমি তোমাকে পছন্দ করি,data/videos/video/4790.mp4
1116,আমি তোমাকে পছন্দ করি,data/videos/video/1116.mp4
3404,আমি তোমাকে পছন্দ করি,data/videos/video/3404.mp4
1939,আমার মা বুধবার মাছ খায়,data/videos/video/1939.mp4
4479,তুমি পশ্চিম দিকে যাবা,data/videos/video/4479.mp4
319,তুমি পশ্চিম দিকে যাবা,data/videos/video/319.mp4
2111,আমি বিড়াল দেখি নাই,data/videos/video/2111.mp4
2070,আমি একজন ডাক্তার তুমি কে,data/videos/video/2070.mp4
1276,তুমি বর্তমানে কি করছো,data/videos/video/1276.mp4
4100,তুমি বর্তমানে কি করছো,data/videos/video/4100.mp4
5277,আমার খুব বেশি মাথা বেথা,data/videos/video/5277.mp4
3452,আমার খুব বেশি মাথা বেথা,data/videos/video/3452.mp4
4841,বাংলাদেশে অনেক মানুষ বেকার,data/videos/video/4841.mp4
3617,বাংলাদেশে অনেক মানুষ বেকার,data/videos/video/3617.mp4
2314,আগস্ট মাসেই বাড়িতে যাব,data/videos/video/2314.mp4
2695,আমার বাবা পেয়ারা খেতে পছন্দ করে,data/videos/video/2695.mp4
2077,আমি খরগোশ দেখেছি,data/videos/video/2077.mp4
3482,আমি আজ রঙের ইশারা করবো,data/videos/video/3482.mp4
4879,আমি আজ রঙের ইশারা করবো,data/videos/video/4879.mp4
1676,আমার বাবা মংগলবার ভাত খায়,data/videos/video/1676.mp4
4723,আমার ভাই হাসপাতালে যাবে,data/videos/video/4723.mp4
3743,আমার ভাই হাসপাতালে যাবে,data/videos/video/3743.mp4
3777,এটা আমার পরিবার,data/videos/video/3777.mp4
5346,এটা আমার পরিবার,data/videos/video/5346.mp4
4458,আমার বাবা পূর্ব দিকে যাবে,data/videos/video/4458.mp4
17,আমার বাবা পূর্ব দিকে যাবে,data/videos/video/17.mp4
987,আমার ভাই অনেক খুশি,data/videos/video/987.mp4
1691,আমার বাবা শুক্রবার ভার খাবে,data/videos/video/1691.mp4
4339,আমি মে মাসে রাশিয়া যাব,data/videos/video/4339.mp4
293,আমি মে মাসে রাশিয়া যাব,data/videos/video/293.mp4
3194,আমি শুক্রবারে কানাডা যাব,data/videos/video/3194.mp4
4174,বড় বোন চিঠি লিখে,data/videos/video/4174.mp4
1397,বড় বোন চিঠি লিখে,data/videos/video/1397.mp4
4916,"আপনি লবণ, গরম পানি দিয়ে কুলি করবেন",data/videos/video/4916.mp4
3438,"আপনি লবণ, গরম পানি দিয়ে কুলি করবেন",data/videos/video/3438.mp4
966,আমার বাড়ি ঢাকায়,data/videos/video/966.mp4
3050,আমি বুধবারে মালদ্বীপ যাব,data/videos/video/3050.mp4
2711,আমার বাবা সৌদি আরব যাবে,data/videos/video/2711.mp4
1425,ভেতরে আসুন বসুন,data/videos/video/1425.mp4
4246,ভেতরে আসুন বসুন,data/videos/video/4246.mp4
3507,আমি প্রতিদিন গোসুল করি,data/videos/video/3507.mp4
5278,আমি প্রতিদিন গোসুল করি,data/videos/video/5278.mp4
1391,বোন বিভাগ চায়,data/videos/video/1391.mp4
4221,বোন বিভাগ চায়,data/videos/video/4221.mp4
1653,আমার বাবা ট্রাক দেখেছে,data/videos/video/1653.mp4
3981,আমি ভদ্র থাকি,data/videos/video/3981.mp4
1157,আমি ভদ্র থাকি,data/videos/video/1157.mp4
5200,তোমার দাদার নাম কি,data/videos/video/5200.mp4
3310,তোমার দাদার নাম কি,data/videos/video/3310.mp4
2927,আমার লাল রং ভালো লাগে,data/videos/video/2927.mp4
2807,আমার মা কাঁঠাল খেতে পছন্দ করে,data/videos/video/2807.mp4
2037,আমার স্বামী বৃহস্পতিবার মাংস খায়,data/videos/video/2037.mp4
1814,আমার বড় ভাই ঘোড়া দেখে নাই,data/videos/video/1814.mp4
3041,আমি বুধবারে ঘুরতে যাই,data/videos/video/3041.mp4
3023,আমি বাংলাদেশে যাব,data/videos/video/3023.mp4
2148,আমি হাতি দেখেছি,data/videos/video/2148.mp4
64,আমার বোনের মুরগি ভালো লাগে,data/videos/video/64.mp4
4594,আমার বোনের মুরগি ভালো লাগে,data/videos/video/4594.mp4
2276,রাতে আমার বাবা দেখা করবে,data/videos/video/2276.mp4
2362,আমার খালা নেপাল যাবে,data/videos/video/2362.mp4
5,আমার ঘোড়া ভাল লাগে,data/videos/video/5.mp4
4564,আমার ঘোড়া ভাল লাগে,data/videos/video/4564.mp4
3123,আমি মে মাসে ভারত যাব,data/videos/video/3123.mp4
5186,মে মাসে বাড়িতে যাব,data/videos/video/5186.mp4
3371,মে মাসে বাড়িতে যাব,data/videos/video/3371.mp4
4808,বৃহস্পতিবারে ভুটান যাবো,data/videos/video/4808.mp4
3356,বৃহস্পতিবারে ভুটান যাবো,data/videos/video/3356.mp4
2128,আমি মংগলবার মাছ খাবো,data/videos/video/2128.mp4
2346,আমার কালো রং ভালো লাগে,data/videos/video/2346.mp4
2604,আমার ফুফাতো বোন ইউরোপ যাবে,data/videos/video/2604.mp4
244,আমি নভেম্বর ইউরোপ যাব,data/videos/video/244.mp4
4385,আমি নভেম্বর ইউরোপ যাব,data/videos/video/4385.mp4
1589,আমার ছেলে রবিবার মাছ খায়,data/videos/video/1589.mp4
4536,আমার মামার ভূমিকম্প ভয় করে,data/videos/video/4536.mp4
131,আমার মামার ভূমিকম্প ভয় করে,data/videos/video/131.mp4
4321,আমি নভেম্বরে জাপান যাবো,data/videos/video/4321.mp4
251,আমি নভেম্বরে জাপান যাবো,data/videos/video/251.mp4
5189,জুলাই মাসেও বর্ষাকাল থাকে,data/videos/video/5189.mp4
3270,জুলাই মাসেও বর্ষাকাল থাকে,data/videos/video/3270.mp4
1212,কোকো মুভিটি দারুন,data/videos/video/1212.mp4
4036,কোকো মুভিটি দারুন,data/videos/video/4036.mp4
5297,আমি ঢাকাতে থাকি,data/videos/video/5297.mp4
3498,আমি ঢাকাতে থাকি,data/videos/video/3498.mp4
5439,সে কোলড্রিংস খাবে,data/videos/video/5439.mp4
1486,সে কোলড্রিংস খাবে,data/videos/video/1486.mp4
789,অফসে তোমার কাজ কি,data/videos/video/789.mp4
4638,অফসে তোমার কাজ কি,data/videos/video/4638.mp4
818,আপনার কি কিছু প্রয়োজন,data/videos/video/818.mp4
3856,আপনার কি কিছু প্রয়োজন,data/videos/video/3856.mp4
5089,আপনার কি কিছু প্রয়োজন,data/videos/video/5089.mp4
4666,আপনার কি কিছু প্রয়োজন,data/videos/video/4666.mp4
4797,আমার ভাই তেলাপোকা দেখেছে,data/videos/video/4797.mp4
3390,আমার ভাই তেলাপোকা দেখেছে,data/videos/video/3390.mp4
1861,আমার ভাই তেলাপোকা দেখেছে,data/videos/video/1861.mp4
2690,আমার বাবা জাপান যাবে,data/videos/video/2690.mp4
2508,আমার চাচাতো ভাই ইশারা বাসা পছন্দ করে,data/videos/video/2508.mp4
808,আজকে শুক্রবার আমার জন্মদিন,data/videos/video/808.mp4
4657,আজকে শুক্রবার আমার জন্মদিন,data/videos/video/4657.mp4
932,আমার প্রিয় রঙ গোলাপী,data/videos/video/932.mp4
3010,আমি নভেম্বরে ভারত যাব,data/videos/video/3010.mp4
975,আমার বোনের জর,data/videos/video/975.mp4
1464,সবাই ডিম খাবো,data/videos/video/1464.mp4
4277,সবাই ডিম খাবো,data/videos/video/4277.mp4
1853,আমার ভাই গরু দেখেছে,data/videos/video/1853.mp4
1395,বোন,data/videos/video/1395.mp4
4225,বোন,data/videos/video/4225.mp4
1928,আমার মা ট্রেনে যাবে,data/videos/video/1928.mp4
902,আমার দাদা অনেক খুশি,data/videos/video/902.mp4
2337,আমার আম ভালো লাগে,data/videos/video/2337.mp4
3821,বাবার মাতৃভাষা বাংলা,data/videos/video/3821.mp4
5394,বাবার মাতৃভাষা বাংলা,data/videos/video/5394.mp4
2639,আমার ফুফু আফ্রিকা যাবে,data/videos/video/2639.mp4
4889,আমার একটি লাল রঙের জামা আছে,data/videos/video/4889.mp4
3448,আমার একটি লাল রঙের জামা আছে,data/videos/video/3448.mp4
5070,গরোম ই মোশা ওয়ানক,data/videos/video/5070.mp4
3930,গরোম ই মোশা ওয়ানক,data/videos/video/3930.mp4
2888,আমার মামাতো ভাই ভারত যাবে,data/videos/video/2888.mp4
2498,আমার চাচাতো বোন ভুটান যাবে,data/videos/video/2498.mp4
4888,আমি কমলা খেতে পছন্দ করি,data/videos/video/4888.mp4
3490,আমি কমলা খেতে পছন্দ করি,data/videos/video/3490.mp4
3337,তোমার মামা ভালো মানুষ,data/videos/video/3337.mp4
5141,তোমার মামা ভালো মানুষ,data/videos/video/5141.mp4
24,আমার বাবার কুকুর ভালো লাগে,data/videos/video/24.mp4
4544,আমার বাবার কুকুর ভালো লাগে,data/videos/video/4544.mp4
1862,আমার ভাই বাসে যাবে,data/videos/video/1862.mp4
2165,গতকাল আমার বড় বোন ডাক্তার দেখিয়েছে,data/videos/video/2165.mp4
253,আমি নভেম্বরে শ্রীলঙ্কায় যাবো,data/videos/video/253.mp4
4290,আমি নভেম্বরে শ্রীলঙ্কায় যাবো,data/videos/video/4290.mp4
5160,তুমি অনেক মেধাবী শিক্ষার্থী,data/videos/video/5160.mp4
3278,তুমি অনেক মেধাবী শিক্ষার্থী,data/videos/video/3278.mp4
2158,আমী ছাগল দেখেছি,data/videos/video/2158.mp4
1620,আমার ছোট ভাই চিড়িয়াখানা যাবে,data/videos/video/1620.mp4
5116,আবার দেখা হবে.,data/videos/video/5116.mp4
3867,আবার দেখা হবে.,data/videos/video/3867.mp4
1924,আমার মা চিংড়ি দেখে নাই,data/videos/video/1924.mp4
4146,তোমার ডায়েরি সুন্দর,data/videos/video/4146.mp4
1324,তোমার ডায়েরি সুন্দর,data/videos/video/1324.mp4
3516,আমি বিদেশে বেড়াতে যাবো,data/videos/video/3516.mp4
4935,আমি বিদেশে বেড়াতে যাবো,data/videos/video/4935.mp4
3103,আমি মঙ্গলবারে ভুটান যাব,data/videos/video/3103.mp4
0,আমি এপ্রিল মাসে আফ্রিকা যাব,data/videos/video/0.mp4
4383,আমি এপ্রিল মাসে আফ্রিকা যাব,data/videos/video/4383.mp4
2416,আমার খালাতো ভাই শ্রীলঙ্কায় যাবে,data/videos/video/2416.mp4
3687,আপনাকে ধন্যবাদ,data/videos/video/3687.mp4
5322,আপনাকে ধন্যবাদ,data/videos/video/5322.mp4
3045,আমি বুধবারে পাকিস্তান যাব,data/videos/video/3045.mp4
841,আমরা কফি খাবো,data/videos/video/841.mp4
4689,আমরা কফি খাবো,data/videos/video/4689.mp4
4510,আমার ভাই জমিতে যাবে,data/videos/video/4510.mp4
69,আমার ভাই জমিতে যাবে,data/videos/video/69.mp4
1279,তুমি বাক্য লিখো,data/videos/video/1279.mp4
4102,তুমি বাক্য লিখো,data/videos/video/4102.mp4
2916,আমার মামী ইশারা ভাষা পছন্দ করে,data/videos/video/2916.mp4
2598,আমার ফুফা শ্রীলংকা যাবে,data/videos/video/2598.mp4
2832,আমার মামা আমেরিকা যাবে,data/videos/video/2832.mp4
4939,আমার পড়াশুনা শেষ,data/videos/video/4939.mp4
3459,আমার পড়াশুনা শেষ,data/videos/video/3459.mp4
1631,আমার বাবা অনেক গুলো ঘোড়া দেখেছে,data/videos/video/1631.mp4
2251,মামা রবিবার ভাত খায়,data/videos/video/2251.mp4
2631,আমার ফুফাতো ভাই বিদেশ যাবে,data/videos/video/2631.mp4
1410,ভাই চিঠি লিখে,data/videos/video/1410.mp4
4231,ভাই চিঠি লিখে,data/videos/video/4231.mp4
4486,আমার বাবা মহাদেশে ঘুরতে যাবে,data/videos/video/4486.mp4
20,আমার বাবা মহাদেশে ঘুরতে যাবে,data/videos/video/20.mp4
1637,আমার বাবা ইলিশ মাছ দেখে নাই,data/videos/video/1637.mp4
2987,আমি জুনে পাকিস্তান যাব,data/videos/video/2987.mp4
2248,মামা মংগলবার মাংস খায়,data/videos/video/2248.mp4
2870,আমার মামাতো বোন ভালো,data/videos/video/2870.mp4
3834,সে আমার ফুফু,data/videos/video/3834.mp4
5356,সে আমার ফুফু,data/videos/video/5356.mp4
2239,মামা বুধবার ভাত খায়,data/videos/video/2239.mp4
3927,এপিএনআই আমর বন্ডু,data/videos/video/3927.mp4
5057,এপিএনআই আমর বন্ডু,data/videos/video/5057.mp4
1299,তোমরা কবে বাড়ি যাবা,data/videos/video/1299.mp4
4122,তোমরা কবে বাড়ি যাবা,data/videos/video/4122.mp4
4236,ভাই লিখতে জানে,data/videos/video/4236.mp4
1415,ভাই লিখতে জানে,data/videos/video/1415.mp4
2323,আপনি কি জাবেন সৃতিসৌধ,data/videos/video/2323.mp4
15,আমার বাবা দীপ দেখতে যাবে,data/videos/video/15.mp4
4497,আমার বাবা দীপ দেখতে যাবে,data/videos/video/4497.mp4
1002,আমার মা অলস,data/videos/video/1002.mp4
3235,আমি সোমবারে বাড়িতে যাই,data/videos/video/3235.mp4
2391,আমার খালাতো বোন ভার্সিটিতে পড়াশোনা করে,data/videos/video/2391.mp4
171,আমি আগস্টে অস্ট্রেলিয়া যাব,data/videos/video/171.mp4
4424,আমি আগস্টে অস্ট্রেলিয়া যাব,data/videos/video/4424.mp4
2459,আমার চাচা এশিয়া যাবে,data/videos/video/2459.mp4
3898,অপনি কোঠাই কাজ কোরেন,data/videos/video/3898.mp4
5053,অপনি কোঠাই কাজ কোরেন,data/videos/video/5053.mp4
2651,আমার ফুফু নেপাল যাবে,data/videos/video/2651.mp4
5212,তোমার খালাতো ভাই এর নাম কি,data/videos/video/5212.mp4
3297,তোমার খালাতো ভাই এর নাম কি,data/videos/video/3297.mp4
3505,আমি প্রতিদিন ইশারা ভাষা অনুশীলন করি,data/videos/video/3505.mp4
4938,আমি প্রতিদিন ইশারা ভাষা অনুশীলন করি,data/videos/video/4938.mp4
2076,আমি খরগোশ দেখে নাই,data/videos/video/2076.mp4
2822,আমার মা রাশিয়া যাবে,data/videos/video/2822.mp4
275,আমি মার্চ মাসে ইংল্যান্ডে যাবো,data/videos/video/275.mp4
4326,আমি মার্চ মাসে ইংল্যান্ডে যাবো,data/videos/video/4326.mp4
2177,তুমি এনিমেল দেখেছো,data/videos/video/2177.mp4
1531,আগে মা খাবে,data/videos/video/1531.mp4
1611,আমার ছোট বোন সাপ দেখছে,data/videos/video/1611.mp4
2819,আমার মা ভালো,data/videos/video/2819.mp4
1026,আমার স্বামী অনেক ভালো,data/videos/video/1026.mp4
2800,আমার মা অস্ট্রেলিয়া যাবে,data/videos/video/2800.mp4
1865,আমার ভাই বিড়াল দেখেছে,data/videos/video/1865.mp4
1525,আগে তুমি খাও,data/videos/video/1525.mp4
4214,বিষয় টি ভালো ছিল,data/videos/video/4214.mp4
1383,বিষয় টি ভালো ছিল,data/videos/video/1383.mp4
81,আমার ভাইয়ের গরু ভালো লাগে,data/videos/video/81.mp4
4533,আমার ভাইয়ের গরু ভালো লাগে,data/videos/video/4533.mp4
3261,জানুয়ারিতে ঘুরতে যাব,data/videos/video/3261.mp4
5179,জানুয়ারিতে ঘুরতে যাব,data/videos/video/5179.mp4
1874,আমার ভাই বোট দেখেছে,data/videos/video/1874.mp4
1881,আমার ভাই রবিবার দুধ খায়,data/videos/video/1881.mp4
2010,আমার স্ত্রী বৃহস্পতিবার মাংস খায়,data/videos/video/2010.mp4
3327,তোমার বোন কোথায় কাজ করে,data/videos/video/3327.mp4
5234,তোমার বোন কোথায় কাজ করে,data/videos/video/5234.mp4
1818,আমার বড় ভাই টিয়া পাখি দেখেছে,data/videos/video/1818.mp4
2937,আমার হলুদ রং ভালো লাগে,data/videos/video/2937.mp4
1690,আমার বাবা শুক্রবার দুধ খাবে,data/videos/video/1690.mp4
3610,প্রধান মন্ত্রী আমাকে একটি বাসা দিয়েছে সাহায্য করেছে,data/videos/video/3610.mp4
4838,প্রধান মন্ত্রী আমাকে একটি বাসা দিয়েছে সাহায্য করেছে,data/videos/video/4838.mp4
2520,আমার চাচাতো ভাই ভুটান যাবে,data/videos/video/2520.mp4
4108,তুমি ভালো আছো,data/videos/video/4108.mp4
1284,তুমি ভালো আছো,data/videos/video/1284.mp4
2556,আমার জাম ভালো লাগে,data/videos/video/2556.mp4
3092,আমি মঙ্গলবারে ইংল্যান্ড যাব,data/videos/video/3092.mp4
2340,আমার কদবেল খেতে ভালো লাগে,data/videos/video/2340.mp4
2673,আমার বাব উকিল,data/videos/video/2673.mp4
2095,আমি তেলাপোকা দেখি নাই,data/videos/video/2095.mp4
2303,সে পর্যন্ত আপনারা সবাই ভালো থাকুন,data/videos/video/2303.mp4
4274,শুভ জন্মদিন,data/videos/video/4274.mp4
1461,শুভ জন্মদিন,data/videos/video/1461.mp4
2995,আমি ডিসেম্বরে নেপাল যাবো,data/videos/video/2995.mp4
2998,আমি ডিসেম্বরে ভারত যাব,data/videos/video/2998.mp4
2516,আমার চাচাতো ভাই বিদেশ যাবে,data/videos/video/2516.mp4
1722,আমার বোন ঘোড়া দেখেছে,data/videos/video/1722.mp4
3304,তোমার চাচাতো ভাই ভালো মানুষ,data/videos/video/3304.mp4
5145,তোমার চাচাতো ভাই ভালো মানুষ,data/videos/video/5145.mp4
2414,আমার খালাতো ভাই রান্না খেতে মজা,data/videos/video/2414.mp4
2267,মামী শনিবার দুধ খায়,data/videos/video/2267.mp4
1747,আমার বোন রবিবার ভাত খায়,data/videos/video/1747.mp4
2758,আমার ভাই অস্ট্রেলিয়া যাবে,data/videos/video/2758.mp4
3702,আমার অতীত ভালো,data/videos/video/3702.mp4
4750,আমার অতীত ভালো,data/videos/video/4750.mp4
2210,তুমি শুক্রবার মাছ খাবা,data/videos/video/2210.mp4
2574,আমার ফুপা রাশিয়া যাবে,data/videos/video/2574.mp4
71,আমার ভাই দিক দেখতে যাবে,data/videos/video/71.mp4
4500,আমার ভাই দিক দেখতে যাবে,data/videos/video/4500.mp4
908,আমার দুলাভাই ভালো,data/videos/video/908.mp4
2100,আমি দূর্বল ডাক্তার দেখাবো,data/videos/video/2100.mp4
4284,আমি ডিসেম্বরের শ্রীলঙ্কা যাব,data/videos/video/4284.mp4
239,আমি ডিসেম্বরের শ্রীলঙ্কা যাব,data/videos/video/239.mp4
2970,আমি কবি,data/videos/video/2970.mp4
3077,আমি বৃহস্পতিবারে শ্রীলঙ্কা যাব,data/videos/video/3077.mp4
4815,জুতা পড়লে তোমাকে সুন্দর দেখা যায়,data/videos/video/4815.mp4
3264,জুতা পড়লে তোমাকে সুন্দর দেখা যায়,data/videos/video/3264.mp4
2878,আমার মামাতো ভাই আমেরিকা যাবে,data/videos/video/2878.mp4
306,আমি সেপ্টেম্বরে বিদেশ যাব,data/videos/video/306.mp4
4430,আমি সেপ্টেম্বরে বিদেশ যাব,data/videos/video/4430.mp4
2951,আমি আগস্টে ভুটান যাবো,data/videos/video/2951.mp4
2657,আমার ফুফু ভারত যাবে,data/videos/video/2657.mp4
1665,আমার বাবা বিড়াল দেখেছে,data/videos/video/1665.mp4
878,আমার খালা অনেক ভালো,data/videos/video/878.mp4
3384,আমার খালা অনেক ভালো,data/videos/video/3384.mp4
5311,আমার খালা অনেক ভালো,data/videos/video/5311.mp4
5156,তুমি বই পড়,data/videos/video/5156.mp4
3288,তুমি বই পড়,data/videos/video/3288.mp4
2608,আমার ফুফাতো বোন নেপাল যাবে,data/videos/video/2608.mp4
4739,আমি জাদুঘরে যাব,data/videos/video/4739.mp4
3764,আমি জাদুঘরে যাব,data/videos/video/3764.mp4
1820,আমার বড় ভাই তেলাপোকা দেখেছে,data/videos/video/1820.mp4
3067,আমি বৃহস্পতিবার মুভি দেখতে যাব,data/videos/video/3067.mp4
3413,১২ জানুয়ারি আমার জন্মদিন,data/videos/video/3413.mp4
1505,১২ জানুয়ারি আমার জন্মদিন,data/videos/video/1505.mp4
5300,১২ জানুয়ারি আমার জন্মদিন,data/videos/video/5300.mp4
3525,আমি রাতে রুটি খাই,data/videos/video/3525.mp4
5283,আমি রাতে রুটি খাই,data/videos/video/5283.mp4
2364,আমার খালা পেয়ারা খেতে পছন্দ করে,data/videos/video/2364.mp4
2933,আমার সব সময় শরৎকাল অনেক ভালো লাগে,data/videos/video/2933.mp4
2676,আমার বাবা আম খেতে পছন্দ করে,data/videos/video/2676.mp4
5044,দেখা কোরে ওয়ানক ভ্যালো লাগ্লো,data/videos/video/5044.mp4
3934,দেখা কোরে ওয়ানক ভ্যালো লাগ্লো,data/videos/video/3934.mp4
2866,আমার মামাতো বোন পাকিস্তান যাবে,data/videos/video/2866.mp4
4709,আমরা সবাই ডিম খাবো,data/videos/video/4709.mp4
861,আমরা সবাই ডিম খাবো,data/videos/video/861.mp4
5312,হ্যালো সবাইকে,data/videos/video/5312.mp4
3849,হ্যালো সবাইকে,data/videos/video/3849.mp4
854,আমরা সবাই আলু খাবো,data/videos/video/854.mp4
4702,আমরা সবাই আলু খাবো,data/videos/video/4702.mp4
842,আমরা কলা খাবো,data/videos/video/842.mp4
4690,আমরা কলা খাবো,data/videos/video/4690.mp4
5103,প্রচন্ড গরম,data/videos/video/5103.mp4
3602,প্রচন্ড গরম,data/videos/video/3602.mp4
2145,আমি সোমবার মাংস খাবো,data/videos/video/2145.mp4
3694,আপনি ইশারা ভাষা জানেন কি,data/videos/video/3694.mp4
4776,আপনি ইশারা ভাষা জানেন কি,data/videos/video/4776.mp4
3539,খাবার নেই,data/videos/video/3539.mp4
4839,খাবার নেই,data/videos/video/4839.mp4
1226,ঠিকাছে দেখবো,data/videos/video/1226.mp4
4049,ঠিকাছে দেখবো,data/videos/video/4049.mp4
3752,আমার মা বাহিরে যাবে,data/videos/video/3752.mp4
4728,আমার মা বাহিরে যাবে,data/videos/video/4728.mp4
2410,আমার খালাতো ভাই ভারত যাবে,data/videos/video/2410.mp4
2307,২ দিন সময় আছে,data/videos/video/2307.mp4
2678,আমার বাবা ইউরোপ যাবে,data/videos/video/2678.mp4
3789,ঢাকা যাবো,data/videos/video/3789.mp4
5374,ঢাকা যাবো,data/videos/video/5374.mp4
3749,আমার মা একজন উকিল,data/videos/video/3749.mp4
4715,আমার মা একজন উকিল,data/videos/video/4715.mp4
4397,আমি জুন মাসে আমেরিকা যাবো,data/videos/video/4397.mp4
203,আমি জুন মাসে আমেরিকা যাবো,data/videos/video/203.mp4
2706,আমার বাবা লিচু খেতে পছন্দ করে,data/videos/video/2706.mp4
2575,আমার ফুপাতো ভাই রাশিয়া যাবে,data/videos/video/2575.mp4
858,আমরা সবাই চিনি খাবো না,data/videos/video/858.mp4
4706,আমরা সবাই চিনি খাবো না,data/videos/video/4706.mp4
1152,আমি বিজ্ঞান ভাবি,data/videos/video/1152.mp4
3976,আমি বিজ্ঞান ভাবি,data/videos/video/3976.mp4
3203,আমি শুক্রবারে ভারত যাব,data/videos/video/3203.mp4
3370,মে মাসে ঘুরতে যাব,data/videos/video/3370.mp4
5185,মে মাসে ঘুরতে যাব,data/videos/video/5185.mp4
5032,আমার বাশা ঢাকায়,data/videos/video/5032.mp4
3462,আমার বাশা ঢাকায়,data/videos/video/3462.mp4
2028,আমার স্ত্রী সোমবার ভাত খায়,data/videos/video/2028.mp4
2627,আমার ফুফাতো ভাই চীন যাবে,data/videos/video/2627.mp4
1240,তুমি অনেক দূর্বল,data/videos/video/1240.mp4
4062,তুমি অনেক দূর্বল,data/videos/video/4062.mp4
3214,আমি সেপ্টেম্বরে বাড়িতে যাব,data/videos/video/3214.mp4
3761,আমি ইংরেজিতে কথা বলি,data/videos/video/3761.mp4
4759,আমি ইংরেজিতে কথা বলি,data/videos/video/4759.mp4
3022,আমি বসন্তকালে বাড়িতে যাই,data/videos/video/3022.mp4
1692,আমার বাবা শুক্রবার মাংস খাবে,data/videos/video/1692.mp4
2497,আমার চাচাতো বোন ভার্সিটিতে পড়ালেখা করে,data/videos/video/2497.mp4
3481,আমি অফিসে যাই,data/videos/video/3481.mp4
4869,আমি অফিসে যাই,data/videos/video/4869.mp4
2831,আমার মামা আম খেতে পছন্দ করি,data/videos/video/2831.mp4
981,আমার বড় ভাই অনেক খুশি,data/videos/video/981.mp4
2900,আমার মামি আমেরিকা যাবে,data/videos/video/2900.mp4
4930,আমি আজকে শ্যাম্পু দিয়ে গোসুল করেছি,data/videos/video/4930.mp4
3484,আমি আজকে শ্যাম্পু দিয়ে গোসুল করেছি,data/videos/video/3484.mp4
2798,আমার ভাত খেতে ভাল লাগে,data/videos/video/2798.mp4
3265,জুন মাসে ঘুরতে যাব,data/videos/video/3265.mp4
5181,জুন মাসে ঘুরতে যাব,data/videos/video/5181.mp4
4357,আমি অক্টোবরে এশিয়া যাব,data/videos/video/4357.mp4
162,আমি অক্টোবরে এশিয়া যাব,data/videos/video/162.mp4
1359,বর্তমানে আমি ভালো আছি,data/videos/video/1359.mp4
4189,বর্তমানে আমি ভালো আছি,data/videos/video/4189.mp4
1955,আমার মা রবিবার মাংস খায়,data/videos/video/1955.mp4
2300,সময় নাই এখন ডাক্তার দেখাবো,data/videos/video/2300.mp4
4713,আমরা সবাই শাখ খাবো,data/videos/video/4713.mp4
865,আমরা সবাই শাখ খাবো,data/videos/video/865.mp4
5441,সে চিনি খাবে না,data/videos/video/5441.mp4
1488,সে চিনি খাবে না,data/videos/video/1488.mp4
3592,দূর থেকে দেখলে আমার মনে হয় বাসার পেছনের সিট সি এন জি,data/videos/video/3592.mp4
4979,দূর থেকে দেখলে আমার মনে হয় বাসার পেছনের সিট সি এন জি,data/videos/video/4979.mp4
1744,আমার বোন মুরগি দেখে নাই,data/videos/video/1744.mp4
962,আমার বাসা আছে,data/videos/video/962.mp4
4096,তুমি পেন্সিল সার্পনার দিয়ে কেটেছো,data/videos/video/4096.mp4
1271,তুমি পেন্সিল সার্পনার দিয়ে কেটেছো,data/videos/video/1271.mp4
2271,মামী শুক্রবার দুধ খায়,data/videos/video/2271.mp4
4952,তুমার আজ রান্না মজা,data/videos/video/4952.mp4
3564,তুমার আজ রান্না মজা,data/videos/video/3564.mp4
4341,আমি মার্চ মাসে কানাডায় যাব,data/videos/video/4341.mp4
277,আমি মার্চ মাসে কানাডায় যাব,data/videos/video/277.mp4
5136,তোমার দাদি সুন্দর,data/videos/video/5136.mp4
3311,তোমার দাদি সুন্দর,data/videos/video/3311.mp4
3222,আমি সোমবার ইউরোপ যাব,data/videos/video/3222.mp4
2146,আমি সোমবার মাছ খাবো,data/videos/video/2146.mp4
5410,আমার ভাই একজন ডাক্তার,data/videos/video/5410.mp4
3737,আমার ভাই একজন ডাক্তার,data/videos/video/3737.mp4
2793,আমার ভাই সাংবাদিক,data/videos/video/2793.mp4
4737,আমার ভাই রেস্টুরেন্টে যাবে,data/videos/video/4737.mp4
3742,আমার ভাই রেস্টুরেন্টে যাবে,data/videos/video/3742.mp4
1625,আমার ছোট ভাই সাপ দেখছে,data/videos/video/1625.mp4
4248,মা চিঠি লিখে,data/videos/video/4248.mp4
1427,মা চিঠি লিখে,data/videos/video/1427.mp4
2105,আমি পায়রা দেখেছি,data/videos/video/2105.mp4
3211,আমি সেপ্টেম্বরে ঘুরতে যাব,data/videos/video/3211.mp4
2227,পরে আমি দেখবো,data/videos/video/2227.mp4
2594,আমার ফুফা ভারত যাবে,data/videos/video/2594.mp4
4683,আবার কবে দেখা হবে,data/videos/video/4683.mp4
3698,আবার কবে দেখা হবে,data/videos/video/3698.mp4
835,আবার কবে দেখা হবে,data/videos/video/835.mp4
5343,আবার কবে দেখা হবে,data/videos/video/5343.mp4
1062,আমি একজন শিক্ষক,data/videos/video/1062.mp4
3138,আমি রবিবারে ঘুরতে যাই,data/videos/video/3138.mp4
26,আমার বাবার ঘোরা ভালো লাগে,data/videos/video/26.mp4
4569,আমার বাবার ঘোরা ভালো লাগে,data/videos/video/4569.mp4
4194,বাবা ঔষুধ খাও,data/videos/video/4194.mp4
1370,বাবা ঔষুধ খাও,data/videos/video/1370.mp4
2825,আমার মা সৌদি আরব যাবে,data/videos/video/2825.mp4
4465,আমার বোন পশ্চিম দিকে যাবে,data/videos/video/4465.mp4
45,আমার বোন পশ্চিম দিকে যাবে,data/videos/video/45.mp4
4223,বোন লিখতে জানে,data/videos/video/4223.mp4
1393,বোন লিখতে জানে,data/videos/video/1393.mp4
1933,আমার মা বাসে যাবে,data/videos/video/1933.mp4
4631,ধন্যবাদ তোমাকে,data/videos/video/4631.mp4
1347,ধন্যবাদ তোমাকে,data/videos/video/1347.mp4
3024,আমি বাজারে যাবো,data/videos/video/3024.mp4
3757,আমি অংক ভালো পারি,data/videos/video/3757.mp4
4761,আমি অংক ভালো পারি,data/videos/video/4761.mp4
4306,আমি মে মাসে জাপান যাবো,data/videos/video/4306.mp4
291,আমি মে মাসে জাপান যাবো,data/videos/video/291.mp4
5038,আপনার বাশা কোথাই,data/videos/video/5038.mp4
3921,আপনার বাশা কোথাই,data/videos/video/3921.mp4
1535,আগে সময় কেমন ছিল,data/videos/video/1535.mp4
2989,আমি জুলাই এ নেপাল যাব,data/videos/video/2989.mp4
4568,আমার ভাইয়ের ঘোরা ভাল লাগে,data/videos/video/4568.mp4
82,আমার ভাইয়ের ঘোরা ভাল লাগে,data/videos/video/82.mp4
2293,সকালের সময় অনেক ভালো,data/videos/video/2293.mp4
5170,তোমার চাচি কি করেন,data/videos/video/5170.mp4
3307,তোমার চাচি কি করেন,data/videos/video/3307.mp4
1766,আমার বোন হাতি দেখে নাই,data/videos/video/1766.mp4
2802,আমার মা আম খেতে পছন্দ করে,data/videos/video/2802.mp4
4035,কেমন আছো,data/videos/video/4035.mp4
1211,কেমন আছো,data/videos/video/1211.mp4
186,আমি এপ্রিলে বিদেশ যাব,data/videos/video/186.mp4
4410,আমি এপ্রিলে বিদেশ যাব,data/videos/video/4410.mp4
142,আমার মায়ের পাখি পছন্দ,data/videos/video/142.mp4
4573,আমার মায়ের পাখি পছন্দ,data/videos/video/4573.mp4
111,আমার মামা জমিতে যাবে,data/videos/video/111.mp4
4511,আমার মামা জমিতে যাবে,data/videos/video/4511.mp4
4653,আজকে রবিবার আমার জন্মদিন,data/videos/video/4653.mp4
804,আজকে রবিবার আমার জন্মদিন,data/videos/video/804.mp4
3173,আমি শনিবারে মসজিদে যাই,data/videos/video/3173.mp4
1405,বড় ভাই লিখতে জানে,data/videos/video/1405.mp4
4182,বড় ভাই লিখতে জানে,data/videos/video/4182.mp4
2510,আমার চাচাতো ভাই কানাডা যাবে,data/videos/video/2510.mp4
48,আমার বোন মহাদেশে ঘুরতে যাবে,data/videos/video/48.mp4
4481,আমার বোন মহাদেশে ঘুরতে যাবে,data/videos/video/4481.mp4
38,আমার বাবার হাস ভালো,data/videos/video/38.mp4
4570,আমার বাবার হাস ভালো,data/videos/video/4570.mp4
2144,আমি সোমবার ভাত খাবো,data/videos/video/2144.mp4
1364,বাংলা খুব সুন্দর ভাষা,data/videos/video/1364.mp4
4206,বাংলা খুব সুন্দর ভাষা,data/videos/video/4206.mp4
1755,আমার বোন শুক্রবার ভাত খায়,data/videos/video/1755.mp4
946,আমার বন্ধু পড়ায় ভালো,data/videos/video/946.mp4
2919,আমার মামী রাশিয়া যাবে,data/videos/video/2919.mp4
4045,চাচা,data/videos/video/4045.mp4
1222,চাচা,data/videos/video/1222.mp4
2729,আমার বোন এশিয়া যাবে,data/videos/video/2729.mp4
1506,১২ জুলাই আমার জন্মদিন,data/videos/video/1506.mp4
3414,১২ জুলাই আমার জন্মদিন,data/videos/video/3414.mp4
5301,১২ জুলাই আমার জন্মদিন,data/videos/video/5301.mp4
2869,আমার মামাতো বোন ভারত যাবে,data/videos/video/2869.mp4
1353,বন্ধু,data/videos/video/1353.mp4
4183,বন্ধু,data/videos/video/4183.mp4
55,আমার বোনের ঘোড়া ভালো লাগে,data/videos/video/55.mp4
4562,আমার বোনের ঘোড়া ভালো লাগে,data/videos/video/4562.mp4
2055,আমার স্বামী সোমবার দুধ খায়,data/videos/video/2055.mp4
1585,আমার ছেলে মংগলবার মাছ খায়,data/videos/video/1585.mp4
870,আমার অনেক জর,data/videos/video/870.mp4
3945,আমার অনেক জর,data/videos/video/3945.mp4
5028,দয়া করে.,data/videos/video/5028.mp4
3886,দয়া করে.,data/videos/video/3886.mp4
2646,আমার ফুফু কাঁঠাল খেতে পছন্দ করে,data/videos/video/2646.mp4
5287,আজ অনেক বেশি গরম,data/videos/video/5287.mp4
3425,আজ অনেক বেশি গরম,data/videos/video/3425.mp4
4566,আমার ভাইয়ের বিড়াল  ভালো লাগে,data/videos/video/4566.mp4
89,আমার ভাইয়ের বিড়াল  ভালো লাগে,data/videos/video/89.mp4
4234,ভাই বিভাগ চায়,data/videos/video/4234.mp4
1413,ভাই বিভাগ চায়,data/videos/video/1413.mp4
2827,আমার মাছ খেতে ভালো লাগে,data/videos/video/2827.mp4
3624,"বাহিরে গেলে আমি মাস্ক পড়ি, হাত ধুই",data/videos/video/3624.mp4
4906,"বাহিরে গেলে আমি মাস্ক পড়ি, হাত ধুই",data/videos/video/4906.mp4
1603,আমার ছোট বোন কচ্ছপ দেখেছে,data/videos/video/1603.mp4
3159,আমি শনিবার এ স্কুল এ যাই,data/videos/video/3159.mp4
2507,আমার চাচাতো ভাই ইউরোপ যাবে,data/videos/video/2507.mp4
2647,আমার ফুফু কানাডা যাবে,data/videos/video/2647.mp4
2219,দুপুর ১ টায় আমাকে কল দিও,data/videos/video/2219.mp4
894,আমার ছেলে সুন্দর,data/videos/video/894.mp4
1501,হ্যা আমি পারবো,data/videos/video/1501.mp4
5454,হ্যা আমি পারবো,data/videos/video/5454.mp4
1277,তুমি বাংলা বলো কীভাবে,data/videos/video/1277.mp4
4103,তুমি বাংলা বলো কীভাবে,data/videos/video/4103.mp4
3897,অপনি কি কাজ কোরেন,data/videos/video/3897.mp4
5052,অপনি কি কাজ কোরেন,data/videos/video/5052.mp4
4088,তুমি তরকারিতে রসুন খাবে,data/videos/video/4088.mp4
1265,তুমি তরকারিতে রসুন খাবে,data/videos/video/1265.mp4
3080,আমি ভার্সিটিতে পড়াশুনা করব,data/videos/video/3080.mp4
2720,আমার বোন অস্ট্রেলিয়া যাবে,data/videos/video/2720.mp4
22,আমার বাবা সমুদ্র দেখতে যাবে,data/videos/video/22.mp4
4495,আমার বাবা সমুদ্র দেখতে যাবে,data/videos/video/4495.mp4
1672,আমার বাবা বৃহস্পতিবার মাংস খায়,data/videos/video/1672.mp4
3259,চশমা পরলে তোমাকে সুন্দর দেখা যায়,data/videos/video/3259.mp4
4821,চশমা পরলে তোমাকে সুন্দর দেখা যায়,data/videos/video/4821.mp4
1664,আমার বাবা বিড়াল দেখে নাই,data/videos/video/1664.mp4
2243,মামা বৃহস্পতিবার ভাত খায়,data/videos/video/2243.mp4
1728,আমার বোন তেলাপোকা দেখেছে,data/videos/video/1728.mp4
3809,তোমার ভূগোল কেমন লাগে,data/videos/video/3809.mp4
4770,তোমার ভূগোল কেমন লাগে,data/videos/video/4770.mp4
5281,বিকাল ৫তায় উঠে নামাজ পড়ি,data/videos/video/5281.mp4
3626,বিকাল ৫তায় উঠে নামাজ পড়ি,data/videos/video/3626.mp4
4654,আজকে রবিবার,data/videos/video/4654.mp4
805,আজকে রবিবার,data/videos/video/805.mp4
5051,এপিএনআই dekhete শুন্ডোর,data/videos/video/5051.mp4
3926,এপিএনআই dekhete শুন্ডোর,data/videos/video/3926.mp4
2463,আমার চাচা চীন যাবে,data/videos/video/2463.mp4
4347,আমি ফেব্রুয়ারিতে রাশিয়া যাব,data/videos/video/4347.mp4
267,আমি ফেব্রুয়ারিতে রাশিয়া যাব,data/videos/video/267.mp4
2553,আমার চাচীর রান্না খেতে মজা,data/videos/video/2553.mp4
4207,বাংলা তোমার মাতৃভাষা,data/videos/video/4207.mp4
1365,বাংলা তোমার মাতৃভাষা,data/videos/video/1365.mp4
1801,আমার বড় ভাই অনেক গুলো ঘোড়া দেখে নাই,data/videos/video/1801.mp4
1987,আমার মেয়ে মংগলবার মাংস খাবে,data/videos/video/1987.mp4
1436,মাদ্রাসায় আমি যাবো,data/videos/video/1436.mp4
4257,মাদ্রাসায় আমি যাবো,data/videos/video/4257.mp4
1012,আমার মাথা ব্যথা করে,data/videos/video/1012.mp4
2850,আমার মামা ভুটান যাবে,data/videos/video/2850.mp4
3204,আমি শুক্রবারে ভুটান  যাব,data/videos/video/3204.mp4
2839,আমার মামা ক্রিকেট  খেলা পছন্দ করে,data/videos/video/2839.mp4
3724,আমার বোন ইশারা ভাষা ভালো পারে,data/videos/video/3724.mp4
4774,আমার বোন ইশারা ভাষা ভালো পারে,data/videos/video/4774.mp4
2064,আমি ইদুর দেখি নাই,data/videos/video/2064.mp4
1051,আমি আলু খাবো,data/videos/video/1051.mp4
1696,আমার বাবা সোমবার দুধ খাবে,data/videos/video/1696.mp4
1215,কয়টা বাজে,data/videos/video/1215.mp4
3881,কয়টা বাজে,data/videos/video/3881.mp4
3254,কয়টা বাজে,data/videos/video/3254.mp4
4029,কয়টা বাজে,data/videos/video/4029.mp4
5123,কয়টা বাজে,data/videos/video/5123.mp4
5127,কয়টা বাজে,data/videos/video/5127.mp4
3860,আপনি আমাকে সয্য করবেন,data/videos/video/3860.mp4
5117,আপনি আমাকে সয্য করবেন,data/videos/video/5117.mp4
5199,তোমার নাম কী,data/videos/video/5199.mp4
3314,তোমার নাম কী,data/videos/video/3314.mp4
3600,পেছনে বসার জিয়াই মানুষ বসে আছে,data/videos/video/3600.mp4
4983,পেছনে বসার জিয়াই মানুষ বসে আছে,data/videos/video/4983.mp4
229,আমি ডিসেম্বর ইউরোপ যাব,data/videos/video/229.mp4
4387,আমি ডিসেম্বর ইউরোপ যাব,data/videos/video/4387.mp4
1559,আমার চাচা রবিবার মাংস খায়,data/videos/video/1559.mp4
3112,আমি মারছে বাড়িতে যাব,data/videos/video/3112.mp4
3083,আমি ভুটান যাব,data/videos/video/3083.mp4
2220,দুপুরে আমাকে কল দিও,data/videos/video/2220.mp4
2861,আমার মামাতো বোন এশিয়া যাবে,data/videos/video/2861.mp4
5148,তুমি কি বেল খাও,data/videos/video/5148.mp4
3285,তুমি কি বেল খাও,data/videos/video/3285.mp4
2917,আমার মামী জাপান যাবে,data/videos/video/2917.mp4
4824,টাই পড়লে আমাকে সুন্দর দেখা যায়,data/videos/video/4824.mp4
3271,টাই পড়লে আমাকে সুন্দর দেখা যায়,data/videos/video/3271.mp4
2306,২ দিন কি কাজ করেছো,data/videos/video/2306.mp4
1553,আমার চাচা মংগলবার দুধ খায়,data/videos/video/1553.mp4
2532,আমার চাচি ইশারা ভাষা পছন্দ করি,data/videos/video/2532.mp4
2999,আমি ডিসেম্বরে ভুটান যাব,data/videos/video/2999.mp4
1864,আমার ভাই বিড়াল দেখে নি,data/videos/video/1864.mp4
5091,আপনি কোথায় পড়াশোনা করেছেন,data/videos/video/5091.mp4
3437,আপনি কোথায় পড়াশোনা করেছেন,data/videos/video/3437.mp4
850,আমরা রসুন খাবো,data/videos/video/850.mp4
4698,আমরা রসুন খাবো,data/videos/video/4698.mp4
2557,আমার জাম্বুরা ভালো লাগে,data/videos/video/2557.mp4
2534,আমার চাচি কানাডা যাবে,data/videos/video/2534.mp4
1297,তুমি স্কুলে কখন যাবে,data/videos/video/1297.mp4
4120,তুমি স্কুলে কখন যাবে,data/videos/video/4120.mp4
3226,আমি সোমবারে ইংল্যান্ড যাব,data/videos/video/3226.mp4
1086,আমি খাতায় কলম দিয়ে লিখি,data/videos/video/1086.mp4
2356,আমার খালা এশিয়া যাবে,data/videos/video/2356.mp4
4541,আমার বাবার গরু ভালো লাগে,data/videos/video/4541.mp4
25,আমার বাবার গরু ভালো লাগে,data/videos/video/25.mp4
1907,আমার মা অনেক গুলো ঘোড়া দেখেছে,data/videos/video/1907.mp4
4892,৪ পাশে পতাকা সবুজ,data/videos/video/4892.mp4
3672,৪ পাশে পতাকা সবুজ,data/videos/video/3672.mp4
5275,আমি ছোট মাছ  না,data/videos/video/5275.mp4
3495,আমি ছোট মাছ  না,data/videos/video/3495.mp4
2723,আমার বোন আমেরিকা যাবে,data/videos/video/2723.mp4
2500,আমার চাচাতো বোন রাশিয়া যাবে,data/videos/video/2500.mp4
2863,আমার মামাতো বোন চীন যাবে,data/videos/video/2863.mp4
127,আমার মামার পাহাড় দেখতে ভালো লাগে,data/videos/video/127.mp4
4543,আমার মামার পাহাড় দেখতে ভালো লাগে,data/videos/video/4543.mp4
51,আমার বোনপূর্ব দিকে যাবে,data/videos/video/51.mp4
4463,আমার বোনপূর্ব দিকে যাবে,data/videos/video/4463.mp4
2851,আমার মামা মালদ্বীপ যাবে,data/videos/video/2851.mp4
3137,আমি রবিবারে খেলাধুলা করি,data/videos/video/3137.mp4
892,আমার ছেলে আছে,data/videos/video/892.mp4
4078,তুমি কিভাবে অসুস্থ ঔষুধ খাইছো,data/videos/video/4078.mp4
1256,তুমি কিভাবে অসুস্থ ঔষুধ খাইছো,data/videos/video/1256.mp4
3885,তোমরা বাড়ি যাবা কবে,data/videos/video/3885.mp4
5224,তোমরা বাড়ি যাবা কবে,data/videos/video/5224.mp4
150,আমার মুরগি ভালো লাগে,data/videos/video/150.mp4
4590,আমার মুরগি ভালো লাগে,data/videos/video/4590.mp4
2925,আমার মুরগি ভালো লাগে,data/videos/video/2925.mp4
1150,আমি বিজিবি দেখেছি,data/videos/video/1150.mp4
3974,আমি বিজিবি দেখেছি,data/videos/video/3974.mp4
1147,আমি বাজার থেকে ফিরছি ক্লান্ত,data/videos/video/1147.mp4
3970,আমি বাজার থেকে ফিরছি ক্লান্ত,data/videos/video/3970.mp4
1984,আমার মেয়ে বৃ্‌হস্পতিবার দুধ খায়,data/videos/video/1984.mp4
3236,আমি সোমবারে ভারত যাব,data/videos/video/3236.mp4
2558,আমার তরমুজ পছন্দ,data/videos/video/2558.mp4
5400,তোমার বাসা কোথায়,data/videos/video/5400.mp4
3588,তোমার বাসা কোথায়,data/videos/video/3588.mp4
3805,তোমার বাসা কোথায়,data/videos/video/3805.mp4
4863,তোমার বাসা কোথায়,data/videos/video/4863.mp4
2976,আমি চা খাই,data/videos/video/2976.mp4
2528,আমার চাচি আমি খেতে পছন্দ করে,data/videos/video/2528.mp4
1927,আমার মা টিয়া পাখি দেখেছে,data/videos/video/1927.mp4
2110,আমি বিকালে যাবো,data/videos/video/2110.mp4
2988,আমি জুনে ভুটান যাব,data/videos/video/2988.mp4
1756,আমার বোন শুক্রবার মাংস খায়,data/videos/video/1756.mp4
2606,আমার ফুফাতো বোন কানাডা যাবে,data/videos/video/2606.mp4
1790,আমার বড় বোন বোট দেখেছে,data/videos/video/1790.mp4
1122,আমি দুধ খাবো,data/videos/video/1122.mp4
2845,আমার মামা ফুটবল খেলা পছন্দ করে,data/videos/video/2845.mp4
1409,ভবিষ্যৎ তোমার ভালো কিছু হবে,data/videos/video/1409.mp4
4230,ভবিষ্যৎ তোমার ভালো কিছু হবে,data/videos/video/4230.mp4
956,আমার বাবা নেই,data/videos/video/956.mp4
2652,আমার ফুফু পাকিস্তান যাবে,data/videos/video/2652.mp4
4343,আমি মার্চ মাসের রাশিয়া যাব,data/videos/video/4343.mp4
283,আমি মার্চ মাসের রাশিয়া যাব,data/videos/video/283.mp4
3262,জানুয়ারিতে বাড়িতে যাব,data/videos/video/3262.mp4
5178,জানুয়ারিতে বাড়িতে যাব,data/videos/video/5178.mp4
2768,আমার ভাই ক্রিকেট খেলা পছন্দ করে,data/videos/video/2768.mp4
2457,আমার চাচা ইউরোপ যাবে,data/videos/video/2457.mp4
1602,আমার ছোট বোন কচ্ছপ দেখে নাই,data/videos/video/1602.mp4
3666,সিঙ্গাপুর দেখতে সুন্দর জায়গা,data/videos/video/3666.mp4
4934,সিঙ্গাপুর দেখতে সুন্দর জায়গা,data/videos/video/4934.mp4
3693,আপনি আসুন এবং বসুন,data/videos/video/3693.mp4
5325,আপনি আসুন এবং বসুন,data/videos/video/5325.mp4
2954,আমি আফ্রিকা যাব,data/videos/video/2954.mp4
2785,আমার ভাই মসজিদ এ যাবে,data/videos/video/2785.mp4
834,আপনিও অনেক ভালো আছেন,data/videos/video/834.mp4
4682,আপনিও অনেক ভালো আছেন,data/videos/video/4682.mp4
1399,বড় বোন বিরতি নিছে,data/videos/video/1399.mp4
4176,বড় বোন বিরতি নিছে,data/videos/video/4176.mp4
897,আমার ছোট ভাই নেই,data/videos/video/897.mp4
1740,আমার বোন মংগলবার দুধ খায়,data/videos/video/1740.mp4
2215,তুমি সোমবার মাছ খাবে,data/videos/video/2215.mp4
1702,আমার বাবা হাস দেখে নাই,data/videos/video/1702.mp4
1958,আমার মা শনিবার ভাত খাবে,data/videos/video/1958.mp4
2244,মামা বৃহস্পতিবার মাংস খায়,data/videos/video/2244.mp4
986,আমার বয়স ২২,data/videos/video/986.mp4
3003,আমি তোমাক ভালোবাসি,data/videos/video/3003.mp4
1541,আমরা সবাই বিমানে যাবো,data/videos/video/1541.mp4
3916,অমি স্কুল ই জাই,data/videos/video/3916.mp4
5062,অমি স্কুল ই জাই,data/videos/video/5062.mp4
1248,তুমি এখন মন্দিরে যাবে,data/videos/video/1248.mp4
4070,তুমি এখন মন্দিরে যাবে,data/videos/video/4070.mp4
4898,পরে করোনা ভাইরাসের টিকা নিবো,data/videos/video/4898.mp4
3596,পরে করোনা ভাইরাসের টিকা নিবো,data/videos/video/3596.mp4
4855,আজকে রাস্তায় অনেক যানজট ছিল,data/videos/video/4855.mp4
3429,আজকে রাস্তায় অনেক যানজট ছিল,data/videos/video/3429.mp4
4520,আমার ভাই ক্ষেত এ যাবে,data/videos/video/4520.mp4
68,আমার ভাই ক্ষেত এ যাবে,data/videos/video/68.mp4
1295,তুমি সবজি খাবে,data/videos/video/1295.mp4
4118,তুমি সবজি খাবে,data/videos/video/4118.mp4
1482,সে কলা খাবে,data/videos/video/1482.mp4
5436,সে কলা খাবে,data/videos/video/5436.mp4
2895,আমার মামার ফুলকপি খেতে ভালো লাগে,data/videos/video/2895.mp4
4730,আমার বোন এখন বাহিরে যাবে,data/videos/video/4730.mp4
3727,আমার বোন এখন বাহিরে যাবে,data/videos/video/3727.mp4
2181,তুমি ট্রেনে যাবা,data/videos/video/2181.mp4
217,আমি জুলাই মাসে এশিয়া যাব,data/videos/video/217.mp4
4362,আমি জুলাই মাসে এশিয়া যাব,data/videos/video/4362.mp4
2901,আমার মামি ইংল্যান্ডে যাবে,data/videos/video/2901.mp4
1272,তুমি পেয়াজ খাবে,data/videos/video/1272.mp4
4097,তুমি পেয়াজ খাবে,data/videos/video/4097.mp4
2777,আমার ভাই পাকিস্তান যাবে,data/videos/video/2777.mp4
2125,আমি মংগলবার দুধ খাবো,data/videos/video/2125.mp4
2744,আমার বোন ভালো যাবে,data/videos/video/2744.mp4
2939,আমি অক্টোবর পাকিস্তান যাব,data/videos/video/2939.mp4
1859,আমার ভাই ট্রেনে যাবে,data/videos/video/1859.mp4
2216,তোমরা সবাই বিমানে যাবে,data/videos/video/2216.mp4
2187,তুমি বুধবার ভাত খাবে,data/videos/video/2187.mp4
2400,আমার খালাতো ভাই ইংল্যান্ডে যাবে,data/videos/video/2400.mp4
5158,মায়ের ভাষায় কথা আমার ভালো লাগে,data/videos/video/5158.mp4
3367,মায়ের ভাষায় কথা আমার ভালো লাগে,data/videos/video/3367.mp4
1841,আমার ভাই অনেক গুলো বিড়াল দেখেছে,data/videos/video/1841.mp4
3493,আমি খুব সকালে  ঘুম থেকে উঠি,data/videos/video/3493.mp4
5270,আমি খুব সকালে  ঘুম থেকে উঠি,data/videos/video/5270.mp4
2224,পরশু আমি তোমার সাথে এক সাথে দেখা করবো,data/videos/video/2224.mp4
2750,আমার বোন লিচু খেতে পছন্দ করে,data/videos/video/2750.mp4
2971,আমি কানাডা যাব,data/videos/video/2971.mp4
1748,আমার বোন রবিবার মাংস খায়,data/videos/video/1748.mp4
1076,আমি কুলিকে দেখেছি,data/videos/video/1076.mp4
1709,আমার বোন অনেক গুলো বিড়াল দেখেছে,data/videos/video/1709.mp4
907,আমার দাদি ভালো,data/videos/video/907.mp4
4628,আমি তোমাকে দেখে নিবো,data/videos/video/4628.mp4
1115,আমি তোমাকে দেখে নিবো,data/videos/video/1115.mp4
2253,মামা রবিবার মাছ খায়,data/videos/video/2253.mp4
1314,তোমার জন্মদিন ২২ জানুয়ারি,data/videos/video/1314.mp4
4136,তোমার জন্মদিন ২২ জানুয়ারি,data/videos/video/4136.mp4
2421,আমার খালু আম খেতে পছন্দ করে,data/videos/video/2421.mp4
4859,বাংলা ইশারা ভাষা,data/videos/video/4859.mp4
3616,বাংলা ইশারা ভাষা,data/videos/video/3616.mp4
2629,আমার ফুফাতো ভাই পাকিস্তান যাবে,data/videos/video/2629.mp4
942,আমার বউ দেখতে সুন্দর,data/videos/video/942.mp4
2021,আমার স্ত্রী শনিবার ভাত খায়,data/videos/video/2021.mp4
3349,দাদি ও নানি ইশারা ভাষার একই,data/videos/video/3349.mp4
5137,দাদি ও নানি ইশারা ভাষার একই,data/videos/video/5137.mp4
5115,দেখা হয়ে ভালো লাগলো,data/videos/video/5115.mp4
3888,দেখা হয়ে ভালো লাগলো,data/videos/video/3888.mp4
913,আমার নানা নেই,data/videos/video/913.mp4
3479,আমি অনেক দিন থেকে শুয়ে আছি,data/videos/video/3479.mp4
5261,আমি অনেক দিন থেকে শুয়ে আছি,data/videos/video/5261.mp4
2877,আমার মামাতো ভাই আফ্রিকা যাবে,data/videos/video/2877.mp4
1011,আমার মাতৃভাষা বাংলা,data/videos/video/1011.mp4
5392,আমার মাতৃভাষা বাংলা,data/videos/video/5392.mp4
3755,আমার মাতৃভাষা বাংলা,data/videos/video/3755.mp4
4729,আমার ভাই এখন বাহিরে যাবে,data/videos/video/4729.mp4
3739,আমার ভাই এখন বাহিরে যাবে,data/videos/video/3739.mp4
2292,সকালের সময় অনেক ভালো কাজ হয়,data/videos/video/2292.mp4
4921,সবসময় সাবান পানি দিয়ে হাত পরিষ্কার করবেন,data/videos/video/4921.mp4
3657,সবসময় সাবান পানি দিয়ে হাত পরিষ্কার করবেন,data/videos/video/3657.mp4
4700,আমরা সবজি খাবো,data/videos/video/4700.mp4
852,আমরা সবজি খাবো,data/videos/video/852.mp4
3122,আমি মে মাসে নেপাল যাব,data/videos/video/3122.mp4
3589,দাঁত ব্রাশ করে মুখ ধুয়া শেষ করে সকালের খাবার খেতে আসো,data/videos/video/3589.mp4
5290,দাঁত ব্রাশ করে মুখ ধুয়া শেষ করে সকালের খাবার খেতে আসো,data/videos/video/5290.mp4
3621,বাসায় পানি জমা রাখা যাবে না,data/videos/video/3621.mp4
4958,বাসায় পানি জমা রাখা যাবে না,data/videos/video/4958.mp4
1052,আমি ইংরেজি বই পড়তে জানি,data/videos/video/1052.mp4
3255,খালু ফুটবল খেলা পছন্দ করে,data/videos/video/3255.mp4
5232,খালু ফুটবল খেলা পছন্দ করে,data/videos/video/5232.mp4
1389,বোন নোটিশ দেখেছে,data/videos/video/1389.mp4
4219,বোন নোটিশ দেখেছে,data/videos/video/4219.mp4
167,আমি আগস্ট বিদেশ যাব,data/videos/video/167.mp4
4426,আমি আগস্ট বিদেশ যাব,data/videos/video/4426.mp4
2458,আমার চাচা ইশারা ভাষা পছন্দ করে,data/videos/video/2458.mp4
5255,গরমে মাথা গরম করবেন না,data/videos/video/5255.mp4
3548,গরমে মাথা গরম করবেন না,data/videos/video/3548.mp4
1840,আমার ভাই অনেক গুলো বিড়াল দেখে নি,data/videos/video/1840.mp4
1711,আমার বোন ইদুর দেখে নাই,data/videos/video/1711.mp4
4960,ফুলের টব এ পানি রাখা যাবে না,data/videos/video/4960.mp4
3613,ফুলের টব এ পানি রাখা যাবে না,data/videos/video/3613.mp4
3323,তোমার বাবা কি করে,data/videos/video/3323.mp4
5167,তোমার বাবা কি করে,data/videos/video/5167.mp4
2119,আমি বৃহস্পতিবার ভাত খাবো,data/videos/video/2119.mp4
1107,আমি ডাক্তার দেখাবো,data/videos/video/1107.mp4
1895,আমার ভাই সাপ দেখে নি,data/videos/video/1895.mp4
3895,সুভ সকাল,data/videos/video/3895.mp4
5082,সুভ সকাল,data/videos/video/5082.mp4
3037,আমি বুধবারে ইংল্যান্ড যাব,data/videos/video/3037.mp4
1909,আমার মা অনেক গুলো বিড়াল দেখেছে,data/videos/video/1909.mp4
3818,ফ্যান ঘোরে,data/videos/video/3818.mp4
5365,ফ্যান ঘোরে,data/videos/video/5365.mp4
1985,আমার মেয়ে মংগলবার দুধ খায়,data/videos/video/1985.mp4
1926,আমার মা টিয়া পাখি দেখে নাই,data/videos/video/1926.mp4
2237,মামা কোথায় যাও,data/videos/video/2237.mp4
2084,আমি চিংড়ি মাছ দেখেছি,data/videos/video/2084.mp4
2404,আমার খালাতো ভাই গোয়েন্দা,data/videos/video/2404.mp4
933,আমার প্রিয় রঙ নীল,data/videos/video/933.mp4
2013,আমার স্ত্রী মংগলবার দুধ খায়,data/videos/video/2013.mp4
909,আমার দেবর ভালো,data/videos/video/909.mp4
1534,আগে সময় এরপর তুমি,data/videos/video/1534.mp4
2072,আমি কচ্ছপ দেখি নাই,data/videos/video/2072.mp4
5458,আমি বাসে যাবো,data/videos/video/5458.mp4
2109,আমি বাসে যাবো,data/videos/video/2109.mp4
2478,আমার চাচা রিকশাচালক,data/videos/video/2478.mp4
2953,আমি আপনাকে সাহায্য করবো কিভাবে,data/videos/video/2953.mp4
3234,আমি সোমবারে পাকিস্তান যাব,data/videos/video/3234.mp4
2805,আমার মা ইশারা ভাষা পছন্দ করে,data/videos/video/2805.mp4
1123,আমি দূর্বল,data/videos/video/1123.mp4
3223,আমি সোমবার এশিয়া যাব,data/videos/video/3223.mp4
830,আপনি কোথায় থাকেন,data/videos/video/830.mp4
4678,আপনি কোথায় থাকেন,data/videos/video/4678.mp4
3000,আমি তুমি অনেক ভালো,data/videos/video/3000.mp4
926,আমার প্রশংসা পত্র আছে,data/videos/video/926.mp4
2907,আমার মামি বাংলাদেশে যাবে,data/videos/video/2907.mp4
128,আমার মামার পৃথিবী দেখতে ভালো লাগে,data/videos/video/128.mp4
4464,আমার মামার পৃথিবী দেখতে ভালো লাগে,data/videos/video/4464.mp4
4180,বড় ভাই বিভাগ চাই,data/videos/video/4180.mp4
1403,বড় ভাই বিভাগ চাই,data/videos/video/1403.mp4
1899,আমার ভাই সোমবার মাংস খায়,data/videos/video/1899.mp4
847,আমরা দূর্বল,data/videos/video/847.mp4
4695,আমরা দূর্বল,data/videos/video/4695.mp4
2016,আমার স্ত্রী রবিবার দুধ খায়,data/videos/video/2016.mp4
3183,আমি শুক্রবার অস্ট্রেলিয়া যাব,data/videos/video/3183.mp4
3794,তুমি আমার বন্ধু,data/videos/video/3794.mp4
5357,তুমি আমার বন্ধু,data/videos/video/5357.mp4
2730,আমার বোন কাঁঠাল খেতে পছন্দ করে,data/videos/video/2730.mp4
2679,আমার বাবা ইলেক্ট্রিশিয়ান,data/videos/video/2679.mp4
83,আমার ভাইয়ের ছাগল ভালো লাগে,data/videos/video/83.mp4
4552,আমার ভাইয়ের ছাগল ভালো লাগে,data/videos/video/4552.mp4
2182,তুমি পরশু কি করবা,data/videos/video/2182.mp4
2887,আমার মামাতো ভাই বিদেশ যাবে,data/videos/video/2887.mp4
4981,দূর থেকে দেখলে মনে হয় সি এন গের পেছনের বসার সাথে মানুষ নেই,data/videos/video/4981.mp4
3594,দূর থেকে দেখলে মনে হয় সি এন গের পেছনের বসার সাথে মানুষ নেই,data/videos/video/3594.mp4
3338,তোমার মামাতো বোনের নাম কি,data/videos/video/3338.mp4
5214,তোমার মামাতো বোনের নাম কি,data/videos/video/5214.mp4
4452,আমার মা উত্তর দিকে যাবে,data/videos/video/4452.mp4
95,আমার মা উত্তর দিকে যাবে,data/videos/video/95.mp4
1940,আমার মা বৃহস্পতিবার দুধ খায়,data/videos/video/1940.mp4
3240,আমি সোমবারে মুভি দেখতে যাব,data/videos/video/3240.mp4
3058,আমি বৃহস্পতিবার আমেরিকা যাবো,data/videos/video/3058.mp4
1054,আমি ইশারা ভাষা বলতে পারি,data/videos/video/1054.mp4
3456,আমার পছন্দের রং কালো,data/videos/video/3456.mp4
5096,আমার পছন্দের রং কালো,data/videos/video/5096.mp4
4417,আমি ডিসেম্বরে আমেরিকা যাবো,data/videos/video/4417.mp4
230,আমি ডিসেম্বরে আমেরিকা যাবো,data/videos/video/230.mp4
4622,মামী বৃহস্পতিবার মাংস খায়,data/videos/video/4622.mp4
1445,মামী বৃহস্পতিবার মাংস খায়,data/videos/video/1445.mp4
1442,মামী বুধবার মাছ খায়,data/videos/video/1442.mp4
4617,মামী বুধবার মাছ খায়,data/videos/video/4617.mp4
3193,আমি শুক্রবারে এসে যাব,data/videos/video/3193.mp4
979,আমার বড় বোন,data/videos/video/979.mp4
1443,মামী বৃহস্পতিবার দুধ খায়,data/videos/video/1443.mp4
4619,মামী বৃহস্পতিবার দুধ খায়,data/videos/video/4619.mp4
1931,আমার মা তোমার সাথে রাতে দেখা করবে না,data/videos/video/1931.mp4
3279,তুমি অফিসে যাও,data/videos/video/3279.mp4
5154,তুমি অফিসে যাও,data/videos/video/5154.mp4
4020,এখন বসন্তকাল,data/videos/video/4020.mp4
1197,এখন বসন্তকাল,data/videos/video/1197.mp4
2383,আমার খালাতো বোন এশিয়া যাবে,data/videos/video/2383.mp4
1622,আমার ছোট ভাই তেলাপোকা দেখেছে,data/videos/video/1622.mp4
1125,আমি নোটিশ দেখেছি,data/videos/video/1125.mp4
3952,আমি নোটিশ দেখেছি,data/videos/video/3952.mp4
3925,আমার বাবা একজন বেবশাহী,data/videos/video/3925.mp4
5058,আমার বাবা একজন বেবশাহী,data/videos/video/5058.mp4
2897,আমার মামি অস্ট্রেলিয়া যাবে,data/videos/video/2897.mp4
3871,আমার দেশ বাংলাদেশ.,data/videos/video/3871.mp4
5022,আমার দেশ বাংলাদেশ.,data/videos/video/5022.mp4
3085,আমি মঙ্গলবার অস্ট্রেলিয়া যাব,data/videos/video/3085.mp4
1069,আমি কখন হাটবো,data/videos/video/1069.mp4
2159,ওটার ওজন ১০ লিটার,data/videos/video/2159.mp4
1103,আমি জানি,data/videos/video/1103.mp4
4416,আমি জুলাই মাসে অস্ট্রেলিয়া যাব,data/videos/video/4416.mp4
214,আমি জুলাই মাসে অস্ট্রেলিয়া যাব,data/videos/video/214.mp4
2032,আমার স্বামী বুধবার ভাত খায়,data/videos/video/2032.mp4
1792,আমার বড় বোন মুরগি দেখেছে,data/videos/video/1792.mp4
3955,আমি পরিবার দেখছি,data/videos/video/3955.mp4
1127,আমি পরিবার দেখছি,data/videos/video/1127.mp4
4450,আমার ভাই উত্তর দিকে যাবে,data/videos/video/4450.mp4
67,আমার ভাই উত্তর দিকে যাবে,data/videos/video/67.mp4
5254,প্রত্যেকদিন পানি তে গোসল,data/videos/video/5254.mp4
3609,প্রত্যেকদিন পানি তে গোসল,data/videos/video/3609.mp4
931,আমার প্রিয় রঙ কালো,data/videos/video/931.mp4
2538,আমার চাচি নেপাল যাবে,data/videos/video/2538.mp4
1078,আমি কোলড্রিংস খাবো,data/videos/video/1078.mp4
2521,আমার চাচাতো ভাই মালদ্বীপ যাবে,data/videos/video/2521.mp4
4870,আমি শহরে থাকি,data/videos/video/4870.mp4
3526,আমি শহরে থাকি,data/videos/video/3526.mp4
5221,আর মা ক্রিকেট খেলা পছন্দ করে,data/videos/video/5221.mp4
3250,আর মা ক্রিকেট খেলা পছন্দ করে,data/videos/video/3250.mp4
2005,আমার স্ত্রী বুধবার দুধ খায়,data/videos/video/2005.mp4
3090,আমি মঙ্গলবার বিদেশ যাব,data/videos/video/3090.mp4
1529,আগে বাবা খাবে,data/videos/video/1529.mp4
3084,আমি মঙ্গলবার অফিসে যাব,data/videos/video/3084.mp4
994,আমার ভাই মেধাবী,data/videos/video/994.mp4
2583,আমার ফুফা এশিয়া যাবে,data/videos/video/2583.mp4
2255,মামা শনিবার ভাত খায়,data/videos/video/2255.mp4
4056,তার স্বাস্থ্য ভালো নেই,data/videos/video/4056.mp4
1232,তার স্বাস্থ্য ভালো নেই,data/videos/video/1232.mp4
2270,মামী শনিবার মাছ খায়,data/videos/video/2270.mp4
222,আমি জুলাইয়ে আফ্রিকা যাব,data/videos/video/222.mp4
4400,আমি জুলাইয়ে আফ্রিকা যাব,data/videos/video/4400.mp4
4167,দেখা করে অনেক ভালো লাগলো,data/videos/video/4167.mp4
1344,দেখা করে অনেক ভালো লাগলো,data/videos/video/1344.mp4
988,আমার ভাই অনেক ডিপ্রেশনে আছে,data/videos/video/988.mp4
2249,মামা মংগলবার মাছ খায়,data/videos/video/2249.mp4
5455,আমি ভুলে যাওয়া রোগে আক্রান্ত,data/videos/video/5455.mp4
2123,আমি ভুলে যাওয়া রোগে আক্রান্ত,data/videos/video/2123.mp4
3375,সাল করলে তোমাকে সুন্দর দেখা যায়,data/videos/video/3375.mp4
4820,সাল করলে তোমাকে সুন্দর দেখা যায়,data/videos/video/4820.mp4
3340,তোমার মামাতো ভাইয়ের নাম কি,data/videos/video/3340.mp4
5215,তোমার মামাতো ভাইয়ের নাম কি,data/videos/video/5215.mp4
2333,আমাদের সবার বিশেষ শিক্ষা দরকার,data/videos/video/2333.mp4
5002,আমি আমার মাকে বেশি পছন্দ করি,data/videos/video/5002.mp4
3487,আমি আমার মাকে বেশি পছন্দ করি,data/videos/video/3487.mp4
3502,আমি তোমাকে সাহায্য করব,data/videos/video/3502.mp4
4994,আমি তোমাকে সাহায্য করব,data/videos/video/4994.mp4
3839,সে আমার ভাইয়ের স্যার,data/videos/video/3839.mp4
5403,সে আমার ভাইয়ের স্যার,data/videos/video/5403.mp4
265,আমি ফেব্রুয়ারিতে জাপান যাবো,data/videos/video/265.mp4
4300,আমি ফেব্রুয়ারিতে জাপান যাবো,data/videos/video/4300.mp4
1636,আমার বাবা ইলিশ মাছ খাবে,data/videos/video/1636.mp4
2334,আমার আঙ্গুর ভালো লাগে,data/videos/video/2334.mp4
2026,আমার স্ত্রী শুক্রবার মাছ খাবে,data/videos/video/2026.mp4
1080,আমি ক্লান্ত ঘুমাতে চাই,data/videos/video/1080.mp4
3277,তুমি অনেক মেধাবী,data/videos/video/3277.mp4
4064,তুমি অনেক মেধাবী,data/videos/video/4064.mp4
5164,তুমি অনেক মেধাবী,data/videos/video/5164.mp4
1242,তুমি অনেক মেধাবী,data/videos/video/1242.mp4
4751,অতীত ভুলে যাও,data/videos/video/4751.mp4
3676,অতীত ভুলে যাও,data/videos/video/3676.mp4
3511,আমি প্রতিদিন সি এন জি দিয়ে অফিসে যাই,data/videos/video/3511.mp4
4977,আমি প্রতিদিন সি এন জি দিয়ে অফিসে যাই,data/videos/video/4977.mp4
5317,আমার শরীর ভালো,data/videos/video/5317.mp4
3756,আমার শরীর ভালো,data/videos/video/3756.mp4
2531,আমার চাচি ইউরোপ যাবে,data/videos/video/2531.mp4
2796,আমার ভাইয়ের ফুলকপি খেতে ভালো লাগে,data/videos/video/2796.mp4
3555,চিরদিন তোমার আকাশ তোমার বাতাস আমার প্রাণে বজায় বাঁশি,data/videos/video/3555.mp4
5257,চিরদিন তোমার আকাশ তোমার বাতাস আমার প্রাণে বজায় বাঁশি,data/videos/video/5257.mp4
3941,শোবাই শাবধন ই ঠাকুন,data/videos/video/3941.mp4
5069,শোবাই শাবধন ই ঠাকুন,data/videos/video/5069.mp4
2450,আমার চাচ গোয়েন্দা,data/videos/video/2450.mp4
2226,পরে আমি খাবো,data/videos/video/2226.mp4
829,আপনি কোথায় কাজ করেন,data/videos/video/829.mp4
2329,আপনি কোথায় কাজ করেন,data/videos/video/2329.mp4
4677,আপনি কোথায় কাজ করেন,data/videos/video/4677.mp4
3864,আপনি কোথায় কাজ করেন,data/videos/video/3864.mp4
5124,আপনি কোথায় কাজ করেন,data/videos/video/5124.mp4
2126,আমি মংগলবার ভাত খাবো,data/videos/video/2126.mp4
1997,আমার মেয়ে শুক্রবার দুধ খাবে,data/videos/video/1997.mp4
3187,আমি শুক্রবার ইউরোপ যাব,data/videos/video/3187.mp4
3001,আমি তুমি কসাই,data/videos/video/3001.mp4
1321,তোমার জন্মদিন ২৬ অক্টোবর,data/videos/video/1321.mp4
4143,তোমার জন্মদিন ২৬ অক্টোবর,data/videos/video/4143.mp4
2803,আমার মা আমেরিকা যাবে,data/videos/video/2803.mp4
2593,আমার ফুফা বিদেশ যাবে,data/videos/video/2593.mp4
2485,আমার চাচাতো বোন আমেরিকা যাবে,data/videos/video/2485.mp4
4547,আমার ভাইয়ের কুকুর ভালো লাগে,data/videos/video/4547.mp4
80,আমার ভাইয়ের কুকুর ভালো লাগে,data/videos/video/80.mp4
2806,আমার মা এশিয়া যাবে,data/videos/video/2806.mp4
2201,তুমি রবিবার মাংস খাবে,data/videos/video/2201.mp4
1949,আমার মা মংগলবার মাছ খায়,data/videos/video/1949.mp4
2977,আমি চিঠি লিখি,data/videos/video/2977.mp4
2461,আমার চাচা কানাডা যাবে,data/videos/video/2461.mp4
4301,আমি সেপ্টেম্বরে চিন যাবো,data/videos/video/4301.mp4
305,আমি সেপ্টেম্বরে চিন যাবো,data/videos/video/305.mp4
4058,তারা সবাই ডাল খাবে,data/videos/video/4058.mp4
1234,তারা সবাই ডাল খাবে,data/videos/video/1234.mp4
948,আমার বন্ধুর বাবা উকিল,data/videos/video/948.mp4
5253,ছোট ছেলে-মেয়েদের সব সময় পানি শরবত খাওয়াবেন,data/videos/video/5253.mp4
3556,ছোট ছেলে-মেয়েদের সব সময় পানি শরবত খাওয়াবেন,data/videos/video/3556.mp4
2186,তুমি বুধবার দুধ খাবে,data/videos/video/2186.mp4
3017,আমি ফেব্রুয়ারিতে বাড়িতে যাব,data/videos/video/3017.mp4
1312,তোমার জন্মদিন ১২ মে,data/videos/video/1312.mp4
4134,তোমার জন্মদিন ১২ মে,data/videos/video/4134.mp4
2650,আমার ফুফু জাপান যাবে,data/videos/video/2650.mp4
4823,চশমা পরলে আমাকে সুন্দর দেখা যায়,data/videos/video/4823.mp4
3258,চশমা পরলে আমাকে সুন্দর দেখা যায়,data/videos/video/3258.mp4
4227,ভবিষ্যতে আমি ভালো করবো,data/videos/video/4227.mp4
1406,ভবিষ্যতে আমি ভালো করবো,data/videos/video/1406.mp4
1777,আমার বড় বোন কচ্ছপ দেখে নাই,data/videos/video/1777.mp4
4650,আজকে বৃহস্পতিবার,data/videos/video/4650.mp4
801,আজকে বৃহস্পতিবার,data/videos/video/801.mp4
3144,আমি রবিবারে ভারত যাব,data/videos/video/3144.mp4
3634,ভালোবাসা দিবস,data/videos/video/3634.mp4
4988,ভালোবাসা দিবস,data/videos/video/4988.mp4
2462,আমার চাচা ক্রিকেট খেলা পছন্দ করে,data/videos/video/2462.mp4
3542,গরম পানি দিয়ে কুলি করি,data/videos/video/3542.mp4
4905,গরম পানি দিয়ে কুলি করি,data/videos/video/4905.mp4
2745,আমার বোন ভুটান যাবে,data/videos/video/2745.mp4
5147,কমলা অনেক সুন্দর,data/videos/video/5147.mp4
3253,কমলা অনেক সুন্দর,data/videos/video/3253.mp4
1038,আমি অনেক ভালো সুস্থ্য আছি,data/videos/video/1038.mp4
3315,তোমার ফুফা কোথায় কাজ করে,data/videos/video/3315.mp4
5243,তোমার ফুফা কোথায় কাজ করে,data/videos/video/5243.mp4
2427,আমার খালু কাঁঠাল খেতে পছন্দ করে,data/videos/video/2427.mp4
5337,আমি আগামীকাল বেড়াতে যাবো,data/videos/video/5337.mp4
3758,আমি আগামীকাল বেড়াতে যাবো,data/videos/video/3758.mp4
4937,আমি ঢাকা বিশ্ববিদ্দালয় থেকে পড়াশোনা শেষ করেছি,data/videos/video/4937.mp4
3497,আমি ঢাকা বিশ্ববিদ্দালয় থেকে পড়াশোনা শেষ করেছি,data/videos/video/3497.mp4
3063,আমি বৃহস্পতিবার এশিয়া যাব,data/videos/video/3063.mp4
4432,আমি দক্ষিণ দিকে যাব,data/videos/video/4432.mp4
240,আমি দক্ষিণ দিকে যাব,data/videos/video/240.mp4
5198,তোমার মায়ের নাম কি,data/videos/video/5198.mp4
3346,তোমার মায়ের নাম কি,data/videos/video/3346.mp4
2199,তুমি রবিবার দুধ খাবে,data/videos/video/2199.mp4
1863,আমার ভাই বিমানে যাবে,data/videos/video/1863.mp4
1096,আমি চা খাবো,data/videos/video/1096.mp4
1576,আমার ছেলে বুধবার মাংস খায়,data/videos/video/1576.mp4
1044,আমি আনারশ খাবো,data/videos/video/1044.mp4
989,আমার ভাই অলস,data/videos/video/989.mp4
2196,তুমি মংগলবার মাংস খাবে,data/videos/video/2196.mp4
2256,মামা শনিবার মাংস খায়,data/videos/video/2256.mp4
2612,আমার ফুফাতো বোন ভারত যাবে,data/videos/video/2612.mp4
2345,আমার কাঠাল ভালো লাগে,data/videos/video/2345.mp4
5090,সাত দিনের নাম,data/videos/video/5090.mp4
3660,সাত দিনের নাম,data/videos/video/3660.mp4
2562,আমার দাদা নিরক্ষর,data/videos/video/2562.mp4
3733,আমার বোনের ভূগোল ভালো লাগে,data/videos/video/3733.mp4
4771,আমার বোনের ভূগোল ভালো লাগে,data/videos/video/4771.mp4
1433,মা লিখতে জানে,data/videos/video/1433.mp4
4254,মা লিখতে জানে,data/videos/video/4254.mp4
1273,তুমি প্যাগোডায় যাবে,data/videos/video/1273.mp4
4098,তুমি প্যাগোডায় যাবে,data/videos/video/4098.mp4
3078,আমি বৃহস্পতিবারে সৌদি আরব যাব,data/videos/video/3078.mp4
2527,আমার চাচি অস্ট্রেলিয়া যাবে,data/videos/video/2527.mp4
1263,তুমি জেলে কেন,data/videos/video/1263.mp4
4086,তুমি জেলে কেন,data/videos/video/4086.mp4
2691,আমার বাবা জেলে,data/videos/video/2691.mp4
3201,আমি শুক্রবারে পাকিস্তান যাব,data/videos/video/3201.mp4
2722,আমার বোন আম খেতে পছন্দ করে,data/videos/video/2722.mp4
2389,আমার খালাতো বোন বিদেশ যাবে,data/videos/video/2389.mp4
185,আমি এপ্রিলে অস্ট্রেলিয়া যাব,data/videos/video/185.mp4
4422,আমি এপ্রিলে অস্ট্রেলিয়া যাব,data/videos/video/4422.mp4
984,আমার বড় ভাই ভালো আছে,data/videos/video/984.mp4
4998,আমার ভাই অফিস করে,data/videos/video/4998.mp4
3472,আমার ভাই অফিস করে,data/videos/video/3472.mp4
1706,আমার বোন অনেক গুলো ঘোড়া দেখে নাই,data/videos/video/1706.mp4
3858,আপনি অনেক সুন্দর,data/videos/video/3858.mp4
5027,আপনি অনেক সুন্দর,data/videos/video/5027.mp4
1846,আমার ভাই ইলিশ মাছ দেখে নাই,data/videos/video/1846.mp4
1097,আমি চিঠি লিখবো,data/videos/video/1097.mp4
2141,আমি সাপ দেখেনি,data/videos/video/2141.mp4
2007,আমার স্ত্রী বুধবার মাংস খায়,data/videos/video/2007.mp4
4840,অনেক মানুষ দরিদ্র,data/videos/video/4840.mp4
3423,অনেক মানুষ দরিদ্র,data/videos/video/3423.mp4
2576,আমার ফুফা  ইউরোপ যাবে,data/videos/video/2576.mp4
2405,আমার খালাতো ভাই চিন যাবে,data/videos/video/2405.mp4
3088,আমি মঙ্গলবার ইউরোপ যাব,data/videos/video/3088.mp4
2644,আমার ফুফু ইশারা ভাষা পছন্দ করে,data/videos/video/2644.mp4
41,আমার বোন ক্ষেত এ যাবে,data/videos/video/41.mp4
4523,আমার বোন ক্ষেত এ যাবে,data/videos/video/4523.mp4
2578,আমার ফুফা আফ্রিকা যাবে,data/videos/video/2578.mp4
2430,আমার খালু চীন যাবে,data/videos/video/2430.mp4
1341,তোমার রুটিন দেখেছি,data/videos/video/1341.mp4
4163,তোমার রুটিন দেখেছি,data/videos/video/4163.mp4
2289,সকালে আমার বাবা দেখা করবে,data/videos/video/2289.mp4
2701,আমার বাবা ভারত যাবে,data/videos/video/2701.mp4
1560,আমার চাচা রবিবার মাছ খায়,data/videos/video/1560.mp4
3,আমার কুকুর ভালো লাগে,data/videos/video/3.mp4
4556,আমার কুকুর ভালো লাগে,data/videos/video/4556.mp4
3125,আমি মেধাবী শিক্ষার্থী,data/videos/video/3125.mp4
1307,তোমার ছূটি,data/videos/video/1307.mp4
4129,তোমার ছূটি,data/videos/video/4129.mp4
1033,আমি অনেক অলস,data/videos/video/1033.mp4
4244,ভূগোল দেখেছি বিষয়টি সুন্দর,data/videos/video/4244.mp4
1423,ভূগোল দেখেছি বিষয়টি সুন্দর,data/videos/video/1423.mp4
1855,আমার ভাই ঘোড়া দেখেছে,data/videos/video/1855.mp4
4398,আমি আমেরিকা যাবো জানুয়ারিতে,data/videos/video/4398.mp4
177,আমি আমেরিকা যাবো জানুয়ারিতে,data/videos/video/177.mp4
1064,আমি এখন মসজিদে যাবো না,data/videos/video/1064.mp4
3940,শেই স্কুল ই জাই,data/videos/video/3940.mp4
5063,শেই স্কুল ই জাই,data/videos/video/5063.mp4
3973,আমি বাংলা বই পড়ি,data/videos/video/3973.mp4
1144,আমি বাংলা বই পড়ি,data/videos/video/1144.mp4
37,আমার বাবার সাপ ভয় লাগে,data/videos/video/37.mp4
4613,আমার বাবার সাপ ভয় লাগে,data/videos/video/4613.mp4
1198,এখন শরৎ কাল,data/videos/video/1198.mp4
4021,এখন শরৎ কাল,data/videos/video/4021.mp4
2035,আমার স্বামী বৃহস্পতিবার দুধ খায়,data/videos/video/2035.mp4
271,আমি মহাদেশে ঘুরতে যাব,data/videos/video/271.mp4
4435,আমি মহাদেশে ঘুরতে যাব,data/videos/video/4435.mp4
2542,আমার চাচি বাংলাদেশে যাবে,data/videos/video/2542.mp4
4141,তোমার জন্মদিন ২৫ আগষ্ট,data/videos/video/4141.mp4
1319,তোমার জন্মদিন ২৫ আগষ্ট,data/videos/video/1319.mp4
2445,আমার খালু শ্রীলংকা যাবে,data/videos/video/2445.mp4
1285,তুমি ভালো গান গাও,data/videos/video/1285.mp4
4109,তুমি ভালো গান গাও,data/videos/video/4109.mp4
3115,আমি মার্চে পাকিস্তান যাব,data/videos/video/3115.mp4
4731,আমার পরিবার বাহিরে যাবে,data/videos/video/4731.mp4
3707,আমার পরিবার বাহিরে যাবে,data/videos/video/3707.mp4
925,আমার পেশা শিক্ষক,data/videos/video/925.mp4
3946,আমার অনেক শর্দি হয়েছে,data/videos/video/3946.mp4
871,আমার অনেক শর্দি হয়েছে,data/videos/video/871.mp4
3151,আমি রবিবারে শ্রীলঙ্কা যাব,data/videos/video/3151.mp4
2401,আমার খালাতো ভাই ইউরোপ যাবে,data/videos/video/2401.mp4
2997,আমি ডিসেম্বরে বাড়িতে যাব,data/videos/video/2997.mp4
1998,আমার মেয়ে শুক্রবার ভাত খাবে,data/videos/video/1998.mp4
2365,আমার খালা ফুটবল খেলা পছন্দ করে,data/videos/video/2365.mp4
2524,আমার চাচাতো ভাই শ্রীলঙ্কায় যাবে,data/videos/video/2524.mp4
2984,আমি জাপান যাবো,data/videos/video/2984.mp4
2746,আমার বোন মালদ্বীপ যাবে,data/videos/video/2746.mp4
3443,আমাদের বাসায় পানির বিলের টাকা অনেক বেশি এসেছে,data/videos/video/3443.mp4
4847,আমাদের বাসায় পানির বিলের টাকা অনেক বেশি এসেছে,data/videos/video/4847.mp4
952,আমার বাবা অনেক খুশি,data/videos/video/952.mp4
1006,আমার মা নেই,data/videos/video/1006.mp4
1046,আমি আপনাকে হেল্প করবো,data/videos/video/1046.mp4
4334,আমি জুন মাসে ইংল্যান্ড যাবো,data/videos/video/4334.mp4
204,আমি জুন মাসে ইংল্যান্ড যাবো,data/videos/video/204.mp4
2083,আমি চিংড়ি মাছ দেখি নাই,data/videos/video/2083.mp4
1831,আমার বড় ভাই সকালে দেখা করবে,data/videos/video/1831.mp4
3139,আমি রবিবারে চীন যাব,data/videos/video/3139.mp4
1521,আগে আমি খাবো তুমি কখন খাবা,data/videos/video/1521.mp4
885,আমার চাচা সুন্দর,data/videos/video/885.mp4
1191,ইংরেজি ভাষা সুন্দর,data/videos/video/1191.mp4
4015,ইংরেজি ভাষা সুন্দর,data/videos/video/4015.mp4
4846,গ্যাস বিল ৯৫০ টাকা,data/videos/video/4846.mp4
3552,গ্যাস বিল ৯৫০ টাকা,data/videos/video/3552.mp4
3735,আমার ভাই একজন উকিল,data/videos/video/3735.mp4
4717,আমার ভাই একজন উকিল,data/videos/video/4717.mp4
4160,তোমার মিটিং কখন,data/videos/video/4160.mp4
1338,তোমার মিটিং কখন,data/videos/video/1338.mp4
3949,আমার আত্মিয় ভালো,data/videos/video/3949.mp4
874,আমার আত্মিয় ভালো,data/videos/video/874.mp4
851,আমরা শাক খাবো,data/videos/video/851.mp4
4699,আমরা শাক খাবো,data/videos/video/4699.mp4
1796,আমার বড় বোন সাপ দেখেছে,data/videos/video/1796.mp4
1584,আমার ছেলে মংগলবার মাংস খায়,data/videos/video/1584.mp4
3557,ডেঙ্গু জ্বর হলে পাকা পেঁপের শরবত খাবেন,data/videos/video/3557.mp4
4966,ডেঙ্গু জ্বর হলে পাকা পেঁপের শরবত খাবেন,data/videos/video/4966.mp4
1528,আগে বাবা খাবে পরে তুমি খাবা,data/videos/video/1528.mp4
73,আমার ভাই পূর্ব দিকে যাবে,data/videos/video/73.mp4
4461,আমার ভাই পূর্ব দিকে যাবে,data/videos/video/4461.mp4
1323,তোমার জর কি অবস্থা,data/videos/video/1323.mp4
4145,তোমার জর কি অবস্থা,data/videos/video/4145.mp4
2833,আমার মামা ইংল্যান্ড যাবে,data/videos/video/2833.mp4
964,আমার বাসা ভালো,data/videos/video/964.mp4
991,আমার ভাই খুব ভালো,data/videos/video/991.mp4
4516,আমার বাবা ক্ষেত এ যাবে,data/videos/video/4516.mp4
12,আমার বাবা ক্ষেত এ যাবে,data/videos/video/12.mp4
1562,আমার চাচা শনিবার ভার খায়,data/videos/video/1562.mp4
985,আমার বড় ভাই মারা গেছে,data/videos/video/985.mp4
2140,আমি সাপ দেখেছি,data/videos/video/2140.mp4
3406,আমি বাঘ দেখেছি,data/videos/video/3406.mp4
4805,আমি বাঘ দেখেছি,data/videos/video/4805.mp4
2108,আমি বাঘ দেখেছি,data/videos/video/2108.mp4
3186,আমি শুক্রবার ইংল্যান্ড যাব,data/videos/video/3186.mp4
982,আমার বড় ভাই অলস,data/videos/video/982.mp4
4364,আমি জুলাই মাসে রাশিয়া যাব,data/videos/video/4364.mp4
220,আমি জুলাই মাসে রাশিয়া যাব,data/videos/video/220.mp4
1694,আমার বাবা সাপ দেখেছে,data/videos/video/1694.mp4
3355,বৃহস্পতিবার অফিস যাব,data/videos/video/3355.mp4
5013,বৃহস্পতিবার অফিস যাব,data/videos/video/5013.mp4
1632,আমার বাবা অনেক গুলো বিড়াল দেখে নাই,data/videos/video/1632.mp4
3046,আমি বুধবারে বাড়িতে যাই,data/videos/video/3046.mp4
2546,আমার চাচি মালদ্বীপ যাবে,data/videos/video/2546.mp4
4944,সকালের খাবার খাও,data/videos/video/4944.mp4
3654,সকালের খাবার খাও,data/videos/video/3654.mp4
1640,আমার বাবা কচ্ছপ দেখেছে,data/videos/video/1640.mp4
886,আমার চাচী  ভাল,data/videos/video/886.mp4
3388,আমার বৃহস্পতিবার জন্মদিন,data/videos/video/3388.mp4
5336,আমার বৃহস্পতিবার জন্মদিন,data/videos/video/5336.mp4
967,আমার বৃহস্পতিবার জন্মদিন,data/videos/video/967.mp4
2275,রাতে আমাকে কল দিও,data/videos/video/2275.mp4
3396,আমার ভাই বৃহস্পতিবার মাছ খায়,data/videos/video/3396.mp4
1873,আমার ভাই বৃহস্পতিবার মাছ খায়,data/videos/video/1873.mp4
4831,আমার ভাই বৃহস্পতিবার মাছ খায়,data/videos/video/4831.mp4
1783,আমার বড় বোন টিয়া পাখি দেখে নাই,data/videos/video/1783.mp4
3638,মাস্ক খুলবেন আবার সাবান দিয়ে হাত ধুবেন,data/videos/video/3638.mp4
4913,মাস্ক খুলবেন আবার সাবান দিয়ে হাত ধুবেন,data/videos/video/4913.mp4
2823,আমার মা লিচু খেতে পছন্দ করে,data/videos/video/2823.mp4
1911,আমার মা ইদুর দেখে নাই,data/videos/video/1911.mp4
3825,রংপুর যাবো,data/videos/video/3825.mp4
5376,রংপুর যাবো,data/videos/video/5376.mp4
4423,আমি অক্টোবরে অস্ট্রেলিয়া যাব,data/videos/video/4423.mp4
158,আমি অক্টোবরে অস্ট্রেলিয়া যাব,data/videos/video/158.mp4
1481,সে কফি খাবে,data/videos/video/1481.mp4
5435,সে কফি খাবে,data/videos/video/5435.mp4
3030,আমি বুধবার আফ্রিকা যাব,data/videos/video/3030.mp4
3095,আমি মঙ্গলবারে খেলাধুলা করি,data/videos/video/3095.mp4
2185,তুমি বিকালে যাবা,data/videos/video/2185.mp4
2853,আমার মামা লিচু খেতে পছন্দ,data/videos/video/2853.mp4
2136,আমি শনিবার দুধ খাবো,data/videos/video/2136.mp4
1872,আমার ভাই বৃহস্পতিবার মাংস খায়,data/videos/video/1872.mp4
3395,আমার ভাই বৃহস্পতিবার মাংস খায়,data/videos/video/3395.mp4
4829,আমার ভাই বৃহস্পতিবার মাংস খায়,data/videos/video/4829.mp4
1727,আমার বোন তেলাপোকা দেখে নাই,data/videos/video/1727.mp4
4052,তাদের সাথে কথা বলার উপায় কি,data/videos/video/4052.mp4
1229,তাদের সাথে কথা বলার উপায় কি,data/videos/video/1229.mp4
2715,আমার বাবার গ্রীষ্মকাল অনেক  অনেক ভালো লাগে,data/videos/video/2715.mp4
2766,আমার ভাই কাঁঠাল খেতে পছন্দ করে,data/videos/video/2766.mp4
2468,আমার চাচা পাকিস্তান যাবে,data/videos/video/2468.mp4
3679,আজ বুধবার,data/videos/video/3679.mp4
5382,আজ বুধবার,data/videos/video/5382.mp4
1058,আমি একজন খ্রিস্টান,data/videos/video/1058.mp4
4294,আমি ডিসেম্বরে চীন যাবো,data/videos/video/4294.mp4
234,আমি ডিসেম্বরে চীন যাবো,data/videos/video/234.mp4
4412,আমি জানুয়ারিতে বিদেশ যাবো,data/videos/video/4412.mp4
199,আমি জানুয়ারিতে বিদেশ যাবো,data/videos/video/199.mp4
1720,আমার বোন খরগোশ দেখেছে,data/videos/video/1720.mp4
3102,আমি মঙ্গলবারে ভারত যাব,data/videos/video/3102.mp4
5236,তোমার মামা কোথায় কাজ করে,data/videos/video/5236.mp4
3336,তোমার মামা কোথায় কাজ করে,data/videos/video/3336.mp4
5047,ভিটোর আশুন আবং বোশুন,data/videos/video/5047.mp4
3938,ভিটোর আশুন আবং বোশুন,data/videos/video/3938.mp4
1723,আমার বোন চিড়িয়াখানা যাবে,data/videos/video/1723.mp4
2250,মামা রবিবার দুধ খায়,data/videos/video/2250.mp4
3874,আমার বাবা একজন ব্যাবসায়ি,data/videos/video/3874.mp4
5225,আমার বাবা একজন ব্যাবসায়ি,data/videos/video/5225.mp4
259,আমি ফেব্রুয়ারিতে আমেরিকা যাব,data/videos/video/259.mp4
4395,আমি ফেব্রুয়ারিতে আমেরিকা যাব,data/videos/video/4395.mp4
2313,আগস্ট মাসে ঘুরতে যাব,data/videos/video/2313.mp4
4891,বাংলাদেশের পতাকার রং লাল সবুজ,data/videos/video/4891.mp4
3618,বাংলাদেশের পতাকার রং লাল সবুজ,data/videos/video/3618.mp4
1802,আমার বড় ভাই অনেক গুলো ঘোড়া দেখেছে,data/videos/video/1802.mp4
4005,আমি সবজি খাবো,data/videos/video/4005.mp4
1182,আমি সবজি খাবো,data/videos/video/1182.mp4
1815,আমার বড় ভাই ঘোড়া দেখেছে,data/videos/video/1815.mp4
4505,আমার মা দ্বীপ দেখতে যাবে,data/videos/video/4505.mp4
100,আমার মা দ্বীপ দেখতে যাবে,data/videos/video/100.mp4
1760,আমার বোন সাপ দেখেছে,data/videos/video/1760.mp4
1009,আমার মা সুন্দর,data/videos/video/1009.mp4
1683,আমার বাবা রবিবার ভাত খাবে,data/videos/video/1683.mp4
2094,আমি ট্রেনে যাবো,data/videos/video/2094.mp4
5191,জুলাই মাসে বাড়িতে যাব,data/videos/video/5191.mp4
3269,জুলাই মাসে বাড়িতে যাব,data/videos/video/3269.mp4
4580,আমার ভাইয়ের হাস ভালো লাগে,data/videos/video/4580.mp4
93,আমার ভাইয়ের হাস ভালো লাগে,data/videos/video/93.mp4
4953,তুমি প্রতিদিন নামাজ পড়বে আল্লাহর কাছে দুয়া চাবে,data/videos/video/4953.mp4
3582,তুমি প্রতিদিন নামাজ পড়বে আল্লাহর কাছে দুয়া চাবে,data/videos/video/3582.mp4
819,আপনার জন্মদিন কবে,data/videos/video/819.mp4
4667,আপনার জন্মদিন কবে,data/videos/video/4667.mp4
1005,আমার মা গৃহিনী,data/videos/video/1005.mp4
3260,জানুয়ারিতে গ্রীষ্মকাল থাকে,data/videos/video/3260.mp4
5180,জানুয়ারিতে গ্রীষ্মকাল থাকে,data/videos/video/5180.mp4
4809,আমি সোমবারে শ্রীলংকা যাব,data/videos/video/4809.mp4
3243,আমি সোমবারে শ্রীলংকা যাব,data/videos/video/3243.mp4
3126,আমি রবিবার অফিস যাব,data/videos/video/3126.mp4
3575,তুমি কোথায় যাচ্ছ,data/videos/video/3575.mp4
4991,তুমি কোথায় যাচ্ছ,data/videos/video/4991.mp4
4459,আমার বোন দক্ষিণ দিকে যাবে,data/videos/video/4459.mp4
43,আমার বোন দক্ষিণ দিকে যাবে,data/videos/video/43.mp4
1066,আমি এখন শিক্ষাগ্রহণ করছি,data/videos/video/1066.mp4
1812,আমার বড় ভাই খরগোশ দেখে নাই,data/videos/video/1812.mp4
3453,আমার গ্রামের বাসা ফরিদপুর,data/videos/video/3453.mp4
4976,আমার গ্রামের বাসা ফরিদপুর,data/videos/video/4976.mp4
2739,আমার বোন পাকিস্তান যাবে,data/videos/video/2739.mp4
85,আমার ভাইয়ের পাখি পছন্দ,data/videos/video/85.mp4
4576,আমার ভাইয়ের পাখি পছন্দ,data/videos/video/4576.mp4
1773,আমার বড় বোন ইদুর দেখছে,data/videos/video/1773.mp4
3197,আমি শুক্রবারে ঘুরতে যাব,data/videos/video/3197.mp4
174,আমি আগস্টে চীন যাব,data/videos/video/174.mp4
4296,আমি আগস্টে চীন যাব,data/videos/video/4296.mp4
5073,গরোম ই রড ই জাবেন না,data/videos/video/5073.mp4
3931,গরোম ই রড ই জাবেন না,data/videos/video/3931.mp4
4351,আমি জুলাই মাসে কানাডা যাব,data/videos/video/4351.mp4
218,আমি জুলাই মাসে কানাডা যাব,data/videos/video/218.mp4
3561,তুমাকে দেখতে অনেক বেশি দুর্বল লাগছে,data/videos/video/3561.mp4
4876,তুমাকে দেখতে অনেক বেশি দুর্বল লাগছে,data/videos/video/4876.mp4
310,আমিন মার্চ মাসে আফ্রিকা যাব,data/videos/video/310.mp4
4386,আমিন মার্চ মাসে আফ্রিকা যাব,data/videos/video/4386.mp4
1780,আমার বড় বোন খরগোশ দেখে নাই,data/videos/video/1780.mp4
3966,আমি বর্ডারগার্ড দেখেছি,data/videos/video/3966.mp4
1142,আমি বর্ডারগার্ড দেখেছি,data/videos/video/1142.mp4
2654,আমার ফুফু ফুটবল খেলা পছন্দ করে,data/videos/video/2654.mp4
173,আমি আগস্টে এশিয়া যাব,data/videos/video/173.mp4
4355,আমি আগস্টে এশিয়া যাব,data/videos/video/4355.mp4
1440,মামী বুধবার ভাত খায়,data/videos/video/1440.mp4
4623,মামী বুধবার ভাত খায়,data/videos/video/4623.mp4
4897,আমি কারণে ভিরুসের টিকা নেই নাই,data/videos/video/4897.mp4
3491,আমি কারণে ভিরুসের টিকা নেই নাই,data/videos/video/3491.mp4
2837,আমার মামা কাঁঠাল খেতে পছন্দ করে,data/videos/video/2837.mp4
2947,আমি অস্ট্রেলিয়া যাব,data/videos/video/2947.mp4
2489,আমার চাচাতো বোন কানাডা যাবে,data/videos/video/2489.mp4
232,আমি ডিসেম্বরে এশিয়া যাব,data/videos/video/232.mp4
4363,আমি ডিসেম্বরে এশিয়া যাব,data/videos/video/4363.mp4
4061,তুমি অনেক খুশি,data/videos/video/4061.mp4
1239,তুমি অনেক খুশি,data/videos/video/1239.mp4
1523,আগে কাজ পরে কথা,data/videos/video/1523.mp4
101,আমার মা পশ্চিম দিকে যাবে,data/videos/video/101.mp4
4475,আমার মা পশ্চিম দিকে যাবে,data/videos/video/4475.mp4
1386,বোন অনেক মেধাবী,data/videos/video/1386.mp4
4216,বোন অনেক মেধাবী,data/videos/video/4216.mp4
2380,আমার খালাতো বোন আমেরিকা যাবে,data/videos/video/2380.mp4
2859,আমার মামাতো বোন ইংল্যান্ডে যাবে,data/videos/video/2859.mp4
4948,শিঙাড়া রান্না করো,data/videos/video/4948.mp4
3651,শিঙাড়া রান্না করো,data/videos/video/3651.mp4
2117,আমি বুধবার মাছ খাবো,data/videos/video/2117.mp4
1946,আমার মা মংগলবার দুধ খায়,data/videos/video/1946.mp4
3700,আমর পরিবার জাদুঘরে যাব,data/videos/video/3700.mp4
4744,আমর পরিবার জাদুঘরে যাব,data/videos/video/4744.mp4
288,আমি মে মাসে ইউরোপ যাব,data/videos/video/288.mp4
4381,আমি মে মাসে ইউরোপ যাব,data/videos/video/4381.mp4
1435,মা,data/videos/video/1435.mp4
4256,মা,data/videos/video/4256.mp4
3212,আমি সেপ্টেম্বরে নেপাল যাব,data/videos/video/3212.mp4
72,আমার ভাই পশ্চিম দিকে যাবে,data/videos/video/72.mp4
4467,আমার ভাই পশ্চিম দিকে যাবে,data/videos/video/4467.mp4
1568,আমার চাচা শুক্রবার মাছ খায়,data/videos/video/1568.mp4
1725,আমার বোন টিয়া পাখি দেখেছে,data/videos/video/1725.mp4
3781,কাজ বন্ধ রাখো,data/videos/video/3781.mp4
4783,কাজ বন্ধ রাখো,data/videos/video/4783.mp4
3196,আমি শুক্রবারে খেলাধুলা করি,data/videos/video/3196.mp4
2409,আমার খালাতো ভাই বিদেশ যাবে,data/videos/video/2409.mp4
1652,আমার বাবা টিয়া পাখি দেখেছে,data/videos/video/1652.mp4
1981,আমার মেয়ে বৃহস্পতিবার ভাত খায়,data/videos/video/1981.mp4
2879,আমার মামাতো ভাই ইংল্যান্ডে যাবে,data/videos/video/2879.mp4
3793,তুমার নাম ভালো,data/videos/video/3793.mp4
4788,তুমার নাম ভালো,data/videos/video/4788.mp4
2787,আমার ভাই রাশিয়া যাবে,data/videos/video/2787.mp4
5086,আপনাকে কিভাবে সাহায্য করতে পারি,data/videos/video/5086.mp4
3855,আপনাকে কিভাবে সাহায্য করতে পারি,data/videos/video/3855.mp4
3153,আমি রাশিয়া যাব,data/videos/video/3153.mp4
1315,তোমার জন্মদিন ২২ জুলাই,data/videos/video/1315.mp4
4137,তোমার জন্মদিন ২২ জুলাই,data/videos/video/4137.mp4
1882,আমার ভাই রবিবার ভাত খায়,data/videos/video/1882.mp4
2603,আমার ফুফাতো বোন ইংল্যান্ডে যাবে,data/videos/video/2603.mp4
4263,রঙ এর নাম গোলাপী,data/videos/video/4263.mp4
1450,রঙ এর নাম গোলাপী,data/videos/video/1450.mp4
3231,আমি সোমবারে চিন যাবো,data/videos/video/3231.mp4
3225,আমি সোমবার স্কুল এ যাই,data/videos/video/3225.mp4
2620,আমার ফুফাতো ভাই আফ্রিকা যাবে,data/videos/video/2620.mp4
2852,আমার মামা রাশিয়া যাবে,data/videos/video/2852.mp4
1753,আমার বোন শনিবার মাছ খায়,data/videos/video/1753.mp4
2188,তুমি বুধবার মাংস খাবে,data/videos/video/2188.mp4
1699,আমার বাবা সোমবার মাছ খাবে,data/videos/video/1699.mp4
3522,আমি মিষ্টি খেতে পছন্দ করি,data/videos/video/3522.mp4
5010,আমি মিষ্টি খেতে পছন্দ করি,data/videos/video/5010.mp4
2525,আমার চাচার ফুলকপি খেতে ভালো লাগে,data/videos/video/2525.mp4
2090,আমি জানি না ওটা কত ফিট,data/videos/video/2090.mp4
1583,আমার ছেলে মংগলবার ভাত খায়,data/videos/video/1583.mp4
2230,পরে সময় আছে,data/videos/video/2230.mp4
927,আমার প্রশংসা পত্র কই,data/videos/video/927.mp4
1476,সে একজন শারিরীক প্রতিবন্ধী,data/videos/video/1476.mp4
2302,সে একজন শারিরীক প্রতিবন্ধী,data/videos/video/2302.mp4
5430,সে একজন শারিরীক প্রতিবন্ধী,data/videos/video/5430.mp4
5309,আজকে বুধবার আমার জন্মদিন,data/videos/video/5309.mp4
799,আজকে বুধবার আমার জন্মদিন,data/videos/video/799.mp4
4648,আজকে বুধবার আমার জন্মদিন,data/videos/video/4648.mp4
3381,আজকে বুধবার আমার জন্মদিন,data/videos/video/3381.mp4
3387,আমার বাবা তেলাপোকা দেখেছে,data/videos/video/3387.mp4
4795,আমার বাবা তেলাপোকা দেখেছে,data/videos/video/4795.mp4
1656,আমার বাবা তেলাপোকা দেখেছে,data/videos/video/1656.mp4
4075,তুমি কফি খাবে,data/videos/video/4075.mp4
1253,তুমি কফি খাবে,data/videos/video/1253.mp4
3435,আপনার বয়স কত,data/videos/video/3435.mp4
823,আপনার বয়স কত,data/videos/video/823.mp4
4671,আপনার বয়স কত,data/videos/video/4671.mp4
5095,আপনার বয়স কত,data/videos/video/5095.mp4
3439,আবহাওয়া গরম,data/videos/video/3439.mp4
4875,আবহাওয়া গরম,data/videos/video/4875.mp4
3812,দ্বিতীয় B,data/videos/video/3812.mp4
5386,দ্বিতীয় B,data/videos/video/5386.mp4
4558,আমার বাবার বিচার ভালো লাগে,data/videos/video/4558.mp4
33,আমার বাবার বিচার ভালো লাগে,data/videos/video/33.mp4
1008,আমার মা যাচ্ছে,data/videos/video/1008.mp4
5362,আমার মা যাচ্ছে,data/videos/video/5362.mp4
3401,আমার মা যাচ্ছে,data/videos/video/3401.mp4
3944,আমার অনেক কাশি হয়েছে,data/videos/video/3944.mp4
869,আমার অনেক কাশি হয়েছে,data/videos/video/869.mp4
2266,মামা সোমবার মাছ খায়,data/videos/video/2266.mp4
2259,মামা শুক্রবার ভাত খায়,data/videos/video/2259.mp4
1098,আমি চিনি খাই না,data/videos/video/1098.mp4
4912,প্রতিদিন আপনাকে গরম পানি খেতে হবে,data/videos/video/4912.mp4
3604,প্রতিদিন আপনাকে গরম পানি খেতে হবে,data/videos/video/3604.mp4
974,আমার বোন মারা গিয়েছে,data/videos/video/974.mp4
2057,আমার স্বামী সোমবার মাংস খায়,data/videos/video/2057.mp4
5195,সেপ্টেম্বরে শরৎকাল থেকে,data/videos/video/5195.mp4
3377,সেপ্টেম্বরে শরৎকাল থেকে,data/videos/video/3377.mp4
3646,লবনাক্ত গরম পানি দিয়ে কুলি করবেন,data/videos/video/3646.mp4
4919,লবনাক্ত গরম পানি দিয়ে কুলি করবেন,data/videos/video/4919.mp4
1925,আমার মা চিড়িয়াখানা যাবে,data/videos/video/1925.mp4
94,আমার ভূমিকম্প ভয় করে,data/videos/video/94.mp4
4448,আমার ভূমিকম্প ভয় করে,data/videos/video/4448.mp4
2964,আমি এপ্রিলে ভারত যাব,data/videos/video/2964.mp4
1681,আমার বাবা যুদ্ধ বিমান দেখেছে,data/videos/video/1681.mp4
4766,আমার মা অংকের শিক্ষক,data/videos/video/4766.mp4
3747,আমার মা অংকের শিক্ষক,data/videos/video/3747.mp4
323,তুমি মহাদেশে ঘুরতে যাবে,data/videos/video/323.mp4
4485,তুমি মহাদেশে ঘুরতে যাবে,data/videos/video/4485.mp4
2753,আমার বোন সৌদি আরব যাবে,data/videos/video/2753.mp4
4142,তোমার জন্মদিন ২৫ নভেম্বর,data/videos/video/4142.mp4
1320,তোমার জন্মদিন ২৫ নভেম্বর,data/videos/video/1320.mp4
949,আমার বন্ধুরা অনেক ভালো,data/videos/video/949.mp4
1079,আমি ক্রয় করেছি,data/videos/video/1079.mp4
1618,আমার ছোট ভাই খরগোশ দেখে নাই,data/videos/video/1618.mp4
1032,আমি অনুশীলন করি,data/videos/video/1032.mp4
2170,চাচা আমি দেখি না,data/videos/video/2170.mp4
2440,আমার খালু ভুটান যাবে,data/videos/video/2440.mp4
3919,আপনার কি কিচু প্রাইওজন,data/videos/video/3919.mp4
5041,আপনার কি কিচু প্রাইওজন,data/videos/video/5041.mp4
3120,আমি মুখস্ত ভালো লাগে না,data/videos/video/3120.mp4
3195,আমি শুক্রবারে ক্রিকেট খেলি,data/videos/video/3195.mp4
1016,আমার মিটিং কখন,data/videos/video/1016.mp4
3688,আপনার কাজের জায়গা কই,data/videos/video/3688.mp4
5334,আপনার কাজের জায়গা কই,data/videos/video/5334.mp4
2298,সময় নাই আগে খাও,data/videos/video/2298.mp4
5045,এপিএনআই কেমন অ্যাকেন,data/videos/video/5045.mp4
3928,এপিএনআই কেমন অ্যাকেন,data/videos/video/3928.mp4
3319,তোমার ফুফার নাম ক,data/videos/video/3319.mp4
5205,তোমার ফুফার নাম ক,data/videos/video/5205.mp4
1094,আমি ঘুম থেকে উঠবো,data/videos/video/1094.mp4
2238,মামা বুধবার দুধ খায়,data/videos/video/2238.mp4
4902,আমার শরীর ভালো না,data/videos/video/4902.mp4
3474,আমার শরীর ভালো না,data/videos/video/3474.mp4
2809,আমার মা গৃহিণি,data/videos/video/2809.mp4
2918,আমার মামী ফুটবল খেলা পছন্দ করে,data/videos/video/2918.mp4
4668,আপনার জামাটা সুন্দর,data/videos/video/4668.mp4
820,আপনার জামাটা সুন্দর,data/videos/video/820.mp4
3619,বাসার আশে পাশে পরিষ্কার রাখতে হবে,data/videos/video/3619.mp4
4972,বাসার আশে পাশে পরিষ্কার রাখতে হবে,data/videos/video/4972.mp4
4322,আমি আগস্টে জাপান যাবো,data/videos/video/4322.mp4
175,আমি আগস্টে জাপান যাবো,data/videos/video/175.mp4
978,আমার বড় বোন মারা গেছে,data/videos/video/978.mp4
5175,শনিবারে ঘুরতে যাব,data/videos/video/5175.mp4
3372,শনিবারে ঘুরতে যাব,data/videos/video/3372.mp4
1108,আমি ডাল খাবো,data/videos/video/1108.mp4
2714,আমার বাবাকে আমি ভালোবাসি,data/videos/video/2714.mp4
3218,আমি সোমবার অফিস যাব,data/videos/video/3218.mp4
4754,আমি ভবিষ্যৎ নিয়ে ভাবছি,data/videos/video/4754.mp4
3770,আমি ভবিষ্যৎ নিয়ে ভাবছি,data/videos/video/3770.mp4
3056,আমি বৃহস্পতিবার অস্ট্রেলিয়া যাব,data/videos/video/3056.mp4
2047,আমার স্বামী শনিবার দুধ খায়,data/videos/video/2047.mp4
2922,আমার মামীর রান্না খেতে মজা,data/videos/video/2922.mp4
2771,আমার ভাই জাপান যাবে,data/videos/video/2771.mp4
3753,আমার মা রেস্টুরেন্টে যাবে,data/videos/video/3753.mp4
4735,আমার মা রেস্টুরেন্টে যাবে,data/videos/video/4735.mp4
5040,অমি আপনাক ভলোবশি,data/videos/video/5040.mp4
3907,অমি আপনাক ভলোবশি,data/videos/video/3907.mp4
2983,আমি জানুয়ারিতে মালদ্বীপ যাব,data/videos/video/2983.mp4
4597,আমার মামার দোয়েল পছন্দ,data/videos/video/4597.mp4
125,আমার মামার দোয়েল পছন্দ,data/videos/video/125.mp4
3146,আমি রবিবারে মসজিদে যাই,data/videos/video/3146.mp4
1538,আজকে না আগামীকাল দেখবো,data/videos/video/1538.mp4
4187,বর্তমানে আমি দেখবো,data/videos/video/4187.mp4
1357,বর্তমানে আমি দেখবো,data/videos/video/1357.mp4
2920,আমার মামীর চীন যাবে,data/videos/video/2920.mp4
2051,আমার স্বামী শুক্রবার দুধ খায়,data/videos/video/2051.mp4
1671,আমার বাবা বৃহস্পতিবার ভাত খায়,data/videos/video/1671.mp4
2353,আমার খালা ইংল্যান্ডে যাবে,data/videos/video/2353.mp4
2034,আমার স্বামী বুধবার মাছ খায়,data/videos/video/2034.mp4
1091,আমি গাড়ি ড্রাইভ করি,data/videos/video/1091.mp4
3070,আমি বৃহস্পতিবারে খেলাধুলা করি,data/videos/video/3070.mp4
1913,আমার মা ইলিশ মাছ খাবে,data/videos/video/1913.mp4
1024,আমার স্ত্রি সুন্দর দেখতে,data/videos/video/1024.mp4
1027,আমার স্বামী দেখতে সুন্দর,data/videos/video/1027.mp4
2361,আমার খালা জাপান যাবে,data/videos/video/2361.mp4
1688,আমার বাবা শনিবার মাংস খাবে,data/videos/video/1688.mp4
928,আমার প্রশ্ন ১ টি,data/videos/video/928.mp4
2896,আমার মামার রান্না খেতে মজা,data/videos/video/2896.mp4
968,আমার বোন অনেক খুশি,data/videos/video/968.mp4
9,আমার পৃথিবী দেখতে ভালো লাগে,data/videos/video/9.mp4
4441,আমার পৃথিবী দেখতে ভালো লাগে,data/videos/video/4441.mp4
5251,লেবুর শরবত খাওয়া,data/videos/video/5251.mp4
3650,লেবুর শরবত খাওয়া,data/videos/video/3650.mp4
2428,আমার খালু কানাডা যাবে,data/videos/video/2428.mp4
3064,আমি বৃহস্পতিবার জাপান যাবো,data/videos/video/3064.mp4
1903,আমার ভাই হাস দেখে নাই,data/videos/video/1903.mp4
1921,আমার মা গরু দেখেছে,data/videos/video/1921.mp4
1786,আমার বড় বোন তেলাপোকা দেখেছে,data/videos/video/1786.mp4
1710,আমার বোন ইদুর দেখছে,data/videos/video/1710.mp4
1837,আমার বড় ভাই হাস দেখেছে,data/videos/video/1837.mp4
2415,আমার খালাতো ভাই রাশিয়া যাবে,data/videos/video/2415.mp4
5029,আমি আপনাকে সাহায্য করব,data/videos/video/5029.mp4
5329,আমি আপনাকে সাহায্য করব,data/videos/video/5329.mp4
3876,আমি আপনাকে সাহায্য করব,data/videos/video/3876.mp4
3760,আমি আপনাকে সাহায্য করব,data/videos/video/3760.mp4
1797,আমার বড় বোন হাতি দেখে নাই,data/videos/video/1797.mp4
2731,আমার বোন কানাডা যাবে,data/videos/video/2731.mp4
1207,কলেজে তুমি যাবা কখন,data/videos/video/1207.mp4
4031,কলেজে তুমি যাবা কখন,data/videos/video/4031.mp4
4291,আমি জুলাই শ্রীলংকা যাব,data/videos/video/4291.mp4
221,আমি জুলাই শ্রীলংকা যাব,data/videos/video/221.mp4
269,আমি বনে যাব,data/videos/video/269.mp4
4439,আমি বনে যাব,data/videos/video/4439.mp4
1806,আমার বড় ভাই ইলিশ মাছ খাবে,data/videos/video/1806.mp4
5109,গরমে রোদে কম যাবেন,data/videos/video/5109.mp4
3549,গরমে রোদে কম যাবেন,data/videos/video/3549.mp4
1729,আমার বোন বিড়াল দেখে নি,data/videos/video/1729.mp4
1762,আমার বোন সোমবার দুধ খায়,data/videos/video/1762.mp4
1063,আমি এখন মন্দিরে যাবো,data/videos/video/1063.mp4
4370,আমি জানুয়ারিতে এশিয়া যাব,data/videos/video/4370.mp4
195,আমি জানুয়ারিতে এশিয়া যাব,data/videos/video/195.mp4
2586,আমার ফুফা চীন যাবে,data/videos/video/2586.mp4
2069,আমি ইলিশ মাছ দেখি নাই,data/videos/video/2069.mp4
1287,তুমি ভালো মুখস্থ করছো,data/videos/video/1287.mp4
4111,তুমি ভালো মুখস্থ করছো,data/videos/video/4111.mp4
163,আমি অক্টোবরে কানাডা যাব,data/videos/video/163.mp4
4344,আমি অক্টোবরে কানাডা যাব,data/videos/video/4344.mp4
4411,আমি নভেম্বরে আমেরিকা যাবো,data/videos/video/4411.mp4
248,আমি নভেম্বরে আমেরিকা যাবো,data/videos/video/248.mp4
2147,আমি হাতি দেখি নাই,data/videos/video/2147.mp4
2955,আমি আমেরিকা যাব,data/videos/video/2955.mp4
997,আমার ভাই সুন্দর,data/videos/video/997.mp4
3208,আমি শ্রীলংকা যাব,data/videos/video/3208.mp4
1168,আমি মাথায় তেল দিবো,data/videos/video/1168.mp4
3991,আমি মাথায় তেল দিবো,data/videos/video/3991.mp4
3820,বর্তমান সময় ভালো,data/videos/video/3820.mp4
4745,বর্তমান সময় ভালো,data/videos/video/4745.mp4
2179,তুমি কিভাবে সেল্ফ কেয়ার করো,data/videos/video/2179.mp4
5456,তুমি কিভাবে সেল্ফ কেয়ার করো,data/videos/video/5456.mp4
1088,আমি খাবো,data/videos/video/1088.mp4
1610,আমার ছোট বোন মুরগি দেখেছে,data/videos/video/1610.mp4
1068,আমি ঔষুধ খাই,data/videos/video/1068.mp4
888,আমার চাচী নেই,data/videos/video/888.mp4
1737,আমার বোন বৃহস্পতিবার মাংস খায়,data/videos/video/1737.mp4
4445,আমি মরুভূমিতে যাব,data/videos/video/4445.mp4
270,আমি মরুভূমিতে যাব,data/videos/video/270.mp4
1358,বর্তমানে আমি ভাবতেছি,data/videos/video/1358.mp4
4188,বর্তমানে আমি ভাবতেছি,data/videos/video/4188.mp4
1087,আমি খাতায় লিখি,data/videos/video/1087.mp4
3015,আমি ফেব্রুয়ারিতে ঘুরতে যাব,data/videos/video/3015.mp4
2653,আমার ফুফু পেয়ার  খেতে পছন্দ করে,data/videos/video/2653.mp4
1701,আমার বাবা হাতি দেখেছে,data/videos/video/1701.mp4
4313,আমি অক্টোবর সৌদি আরব যাব,data/videos/video/4313.mp4
157,আমি অক্টোবর সৌদি আরব যাব,data/videos/video/157.mp4
2493,আমার চাচাতো বোন পাকিস্তান যাবে,data/videos/video/2493.mp4
5077,অমি আজকে মাশ খিয়েচি,data/videos/video/5077.mp4
3905,অমি আজকে মাশ খিয়েচি,data/videos/video/3905.mp4
4081,তুমি অংক ভালো পারো না,data/videos/video/4081.mp4
1238,তুমি অংক ভালো পারো না,data/videos/video/1238.mp4
2567,আমার নারিকেল খেতে ভালো লাগে,data/videos/video/2567.mp4
4498,আমার বোন দীপ দেখতে যাবে,data/videos/video/4498.mp4
44,আমার বোন দীপ দেখতে যাবে,data/videos/video/44.mp4
1993,আমার মেয়ে শনিবার দুধ খায়,data/videos/video/1993.mp4
5101,আমি ঢাকাতে পড়াশোনা করেছি,data/videos/video/5101.mp4
3499,আমি ঢাকাতে পড়াশোনা করেছি,data/videos/video/3499.mp4
2898,আমার মামি আফ্রিকা যাবে,data/videos/video/2898.mp4
1642,আমার বাবা খরগোশ দেখে নাই,data/videos/video/1642.mp4
3145,আমি রবিবারে ভুটান যাব,data/videos/video/3145.mp4
4753,কোন ভাষা পড়ছো,data/videos/video/4753.mp4
3782,কোন ভাষা পড়ছো,data/videos/video/3782.mp4
5264,আমার স্বাদ নেই,data/videos/video/5264.mp4
3478,আমার স্বাদ নেই,data/videos/video/3478.mp4
187,আমি এপ্রিলে রাশিয়া যাব,data/videos/video/187.mp4
4346,আমি এপ্রিলে রাশিয়া যাব,data/videos/video/4346.mp4
2396,আমার খালাতো বোনের রান্না খেতে মজা,data/videos/video/2396.mp4
3528,আমি স্কুলে যাবো,data/videos/video/3528.mp4
4995,আমি স্কুলে যাবো,data/videos/video/4995.mp4
1473,সে আম খাবে,data/videos/video/1473.mp4
5427,সে আম খাবে,data/videos/video/5427.mp4
2296,সময় খারাপ আজকে পরের দিন ভালো হবে,data/videos/video/2296.mp4
4701,আমরা সবাই আম খাবো,data/videos/video/4701.mp4
853,আমরা সবাই আম খাবো,data/videos/video/853.mp4
3850,আজকের দিনটা সুন্দর,data/videos/video/3850.mp4
5019,আজকের দিনটা সুন্দর,data/videos/video/5019.mp4
3852,আজকের দিনটা সুন্দর,data/videos/video/3852.mp4
5119,আজকের দিনটা সুন্দর,data/videos/video/5119.mp4
3706,আমার নাম ভালো,data/videos/video/3706.mp4
4789,আমার নাম ভালো,data/videos/video/4789.mp4
1655,আমার বাবা তেলাপোকা দেখে নাই,data/videos/video/1655.mp4
4813,মজা পড়লে তোমাকে সুন্দর,data/videos/video/4813.mp4
3361,মজা পড়লে তোমাকে সুন্দর,data/videos/video/3361.mp4
1880,আমার ভাই মুরগী দেখেছে,data/videos/video/1880.mp4
4950,তুমি দুপুরে রান্না করবে,data/videos/video/4950.mp4
3578,তুমি দুপুরে রান্না করবে,data/videos/video/3578.mp4
1713,আমার বোন ইলিশ মাছ খাবে,data/videos/video/1713.mp4
3623,বাহিরে গেলে আপনারা সাবধানে থাকবেন মাস্ক পড়বেন,data/videos/video/3623.mp4
4922,বাহিরে গেলে আপনারা সাবধানে থাকবেন মাস্ক পড়বেন,data/videos/video/4922.mp4
1919,আমার মা খরগোশ দেখে নাই,data/videos/video/1919.mp4
4204,বাংলা আমার মাতৃভাষা,data/videos/video/4204.mp4
1362,বাংলা আমার মাতৃভাষা,data/videos/video/1362.mp4
2162,গতকাল আমার ছোট বোন ডাক্তার দেখিয়েছে,data/videos/video/2162.mp4
4073,তুমি ঔষুধ খাও,data/videos/video/4073.mp4
1251,তুমি ঔষুধ খাও,data/videos/video/1251.mp4
3514,আমি পড়াশোনা করি,data/videos/video/3514.mp4
4871,আমি পড়াশোনা করি,data/videos/video/4871.mp4
1830,আমার বড় ভাই রাতে দেখা করবে,data/videos/video/1830.mp4
2444,আমার খালু লিচু খেতে পছন্দ করে,data/videos/video/2444.mp4
2174,তুমি আগে কি কাজ করছো,data/videos/video/2174.mp4
2628,আমার ফুফাতো ভাই নেপাল যাবে,data/videos/video/2628.mp4
2088,আমি জানি না ওটা কত কি.মি. দূরুত্ব,data/videos/video/2088.mp4
1101,আমি জানি না ওটা কত কি.মি. দূরুত্ব,data/videos/video/1101.mp4
3958,আমি পান করবো,data/videos/video/3958.mp4
1131,আমি পান করবো,data/videos/video/1131.mp4
4202,বাবা সনদ পত্র দেখবে,data/videos/video/4202.mp4
1378,বাবা সনদ পত্র দেখবে,data/videos/video/1378.mp4
4095,তুমি পেন্সিল দিয়ে লিখো,data/videos/video/4095.mp4
1270,তুমি পেন্সিল দিয়ে লিখো,data/videos/video/1270.mp4
3488,আমি আমার সন্তানকে পসন্দ করি,data/videos/video/3488.mp4
5003,আমি আমার সন্তানকে পসন্দ করি,data/videos/video/5003.mp4
3330,তোমার ভাই কোথায় কাজ করে,data/videos/video/3330.mp4
5238,তোমার ভাই কোথায় কাজ করে,data/videos/video/5238.mp4
1089,আমি খুব ক্লান্ত খেতে যাই,data/videos/video/1089.mp4
4599,আমার ভাইয়ের দোয়েল পছন্দ,data/videos/video/4599.mp4
84,আমার ভাইয়ের দোয়েল পছন্দ,data/videos/video/84.mp4
3565,তুমার আসতে এত দেরি হলো কেন,data/videos/video/3565.mp4
4865,তুমার আসতে এত দেরি হলো কেন,data/videos/video/4865.mp4
2235,মামা আমি দেখেছি,data/videos/video/2235.mp4
4000,আমি লুজার হতে চাই না,data/videos/video/4000.mp4
1176,আমি লুজার হতে চাই না,data/videos/video/1176.mp4
3320,তোমার ফুফি কোথায় কাজ করে,data/videos/video/3320.mp4
5242,তোমার ফুফি কোথায় কাজ করে,data/videos/video/5242.mp4
1331,তোমার প্রশ্ন কি,data/videos/video/1331.mp4
4153,তোমার প্রশ্ন কি,data/videos/video/4153.mp4
1838,আমার ভাই অনেক গুলো ঘোড়া দেখে নাই,data/videos/video/1838.mp4
2781,আমার ভাই বিদেশ যাবে,data/videos/video/2781.mp4
2311,অক্টোবর মাসে শরৎকাল থাকে,data/videos/video/2311.mp4
3878,আমি ভালো আছি.,data/videos/video/3878.mp4
5024,আমি ভালো আছি.,data/videos/video/5024.mp4
2934,আমার সবুজ রং ভালো লাগে,data/videos/video/2934.mp4
2774,আমার ভাই নিরক্ষর,data/videos/video/2774.mp4
1170,আমি ম্যডামের কাছে পড়ি,data/videos/video/1170.mp4
3994,আমি ম্যডামের কাছে পড়ি,data/videos/video/3994.mp4
4012,আমিও অনেক ভালো আছি,data/videos/video/4012.mp4
1188,আমিও অনেক ভালো আছি,data/videos/video/1188.mp4
2645,আমার ফুফু এশিয়া যাবে,data/videos/video/2645.mp4
1275,তুমি ফোন দিও আমাকে,data/videos/video/1275.mp4
4099,তুমি ফোন দিও আমাকে,data/videos/video/4099.mp4
2283,শুক্রবার আমি দুধ খাবো,data/videos/video/2283.mp4
3283,তুমি কসাই,data/videos/video/3283.mp4
5165,তুমি কসাই,data/videos/video/5165.mp4
2053,আমার স্বামী শুক্রবার মাংস খায়,data/videos/video/2053.mp4
3717,আমার বাবা একজন শ্রমিক,data/videos/video/3717.mp4
5412,আমার বাবা একজন শ্রমিক,data/videos/video/5412.mp4
1587,আমার ছেলে রবিবার ভাত খায়,data/videos/video/1587.mp4
3098,আমি মঙ্গলবারে জাপান যাবো,data/videos/video/3098.mp4
1852,আমার ভাই খরগোশ দেখেছে,data/videos/video/1852.mp4
2004,আমার মেয়ে সোমবার মাছ খায়,data/videos/video/2004.mp4
1000,আমার ভাষা সুন্দর,data/videos/video/1000.mp4
2006,আমার স্ত্রী বুধবার ভাত খায়,data/videos/video/2006.mp4
4150,তোমার প্রতিবেশি কেমন,data/videos/video/4150.mp4
1328,তোমার প্রতিবেশি কেমন,data/videos/video/1328.mp4
4492,আমার ভাই মহাদেশে ঘুরতে যাবে,data/videos/video/4492.mp4
75,আমার ভাই মহাদেশে ঘুরতে যাবে,data/videos/video/75.mp4
4361,আমি নভেম্বরে রাশিয়া যাব,data/videos/video/4361.mp4
252,আমি নভেম্বরে রাশিয়া যাব,data/videos/video/252.mp4
2772,আমার ভাই দোকানদার,data/videos/video/2772.mp4
1577,আমার ছেলে বুধবার মাছ খায়,data/videos/video/1577.mp4
2246,মামা মংগলবার দুধ খায়,data/videos/video/2246.mp4
995,আমার ভাই শিক্ষা গ্রহন করছে,data/videos/video/995.mp4
4025,এবং তারা নরসিংদী থাকে,data/videos/video/4025.mp4
1202,এবং তারা নরসিংদী থাকে,data/videos/video/1202.mp4
2804,আমার মা ইউরোপ যাবে,data/videos/video/2804.mp4
1252,তুমি কখন হাটবা,data/videos/video/1252.mp4
4074,তুমি কখন হাটবা,data/videos/video/4074.mp4
2384,আমার খালাতো বোন কানাডা যায়,data/videos/video/2384.mp4
1037,আমি অনেক দূর্বল,data/videos/video/1037.mp4
4462,আমার মামা দক্ষিণ দিকে যাবে,data/videos/video/4462.mp4
112,আমার মামা দক্ষিণ দিকে যাবে,data/videos/video/112.mp4
4513,আমার বাবা জমিতে যাবে,data/videos/video/4513.mp4
13,আমার বাবা জমিতে যাবে,data/videos/video/13.mp4
4084,তুমি জানো,data/videos/video/4084.mp4
1261,তুমি জানো,data/videos/video/1261.mp4
4094,তুমি রবার দিয়ে মুছো,data/videos/video/4094.mp4
1291,তুমি রবার দিয়ে মুছো,data/videos/video/1291.mp4
3057,আমি বৃহস্পতিবার আফ্রিকা যাবো,data/videos/video/3057.mp4
3020,আমি ফেব্রুয়ারিতে মালদ্বীপ যাব,data/videos/video/3020.mp4
4636,অতীতে তুমি কি ভাবছো,data/videos/video/4636.mp4
787,অতীতে তুমি কি ভাবছো,data/videos/video/787.mp4
2948,আমি আগস্টে নেপাল যাবো,data/videos/video/2948.mp4
5294,আমরা বিকেলে বেড়াতে যাবো,data/videos/video/5294.mp4
3440,আমরা বিকেলে বেড়াতে যাবো,data/videos/video/3440.mp4
4736,আমার বোন রেস্টুরেন্টে যাবে,data/videos/video/4736.mp4
3730,আমার বোন রেস্টুরেন্টে যাবে,data/videos/video/3730.mp4
4720,আমার বাবা একজন চাকরিজীবি,data/videos/video/4720.mp4
3714,আমার বাবা একজন চাকরিজীবি,data/videos/video/3714.mp4
3149,আমি রবিবারে রাশিয়া যাব,data/videos/video/3149.mp4
2903,আমার মামি কানাডা যাবে,data/videos/video/2903.mp4
2530,আমার চাচি ইংল্যান্ডে যাবে,data/videos/video/2530.mp4
3014,আমি পানি পান করি,data/videos/video/3014.mp4
3227,আমি সোমবারে কানাডা যাব,data/videos/video/3227.mp4
2949,আমি আগস্টে পাকিস্তান যাব,data/videos/video/2949.mp4
3671,৩টায় ঘুমাই,data/videos/video/3671.mp4
5273,৩টায় ঘুমাই,data/videos/video/5273.mp4
1942,আমার মা বৃহস্পতিবার মাংস খায়,data/videos/video/1942.mp4
169,আমি আগস্ট মাসে ইউরোপ যাব,data/videos/video/169.mp4
4375,আমি আগস্ট মাসে ইউরোপ যাব,data/videos/video/4375.mp4
4007,আমি সাংবাদিককে দেখেছি,data/videos/video/4007.mp4
1183,আমি সাংবাদিককে দেখেছি,data/videos/video/1183.mp4
2501,আমার চাচাতো বোন শ্রীলঙ্কায় যাবে,data/videos/video/2501.mp4
3865,আপনি ভালো থাকবেন,data/videos/video/3865.mp4
5328,আপনি ভালো থাকবেন,data/videos/video/5328.mp4
3697,আপনি ভালো থাকবেন,data/videos/video/3697.mp4
5026,আপনি ভালো থাকবেন,data/videos/video/5026.mp4
2229,পরে কি কাজ,data/videos/video/2229.mp4
3157,আমি শনিবার আমেরিকা যাবো,data/videos/video/3157.mp4
2269,মামী শনিবার মাংস খায়,data/videos/video/2269.mp4
1768,আমার বোন হাস দেখে নাই,data/videos/video/1768.mp4
4162,তোমার মেয়ে কি করে,data/videos/video/4162.mp4
1340,তোমার মেয়ে কি করে,data/videos/video/1340.mp4
3689,আপনার কিছু দরকার আছে,data/videos/video/3689.mp4
5319,আপনার কিছু দরকার আছে,data/videos/video/5319.mp4
1912,আমার মা ইলিশ মাছ খাবে না,data/videos/video/1912.mp4
5245,বৃষ্টি হয়েছে অনেক,data/videos/video/5245.mp4
3631,বৃষ্টি হয়েছে অনেক,data/videos/video/3631.mp4
2184,তুমি বাসে যাও,data/videos/video/2184.mp4
1994,আমার মেয়ে শনিবার ভাত খায়,data/videos/video/1994.mp4
3957,আমি পরীক্ষায় পাশ করছি,data/videos/video/3957.mp4
1129,আমি পরীক্ষায় পাশ করছি,data/videos/video/1129.mp4
1221,চলো যাই,data/videos/video/1221.mp4
4044,চলো যাই,data/videos/video/4044.mp4
1956,আমার মা রবিবার মাছ খায়,data/videos/video/1956.mp4
1813,আমার বড় ভাই খরগোশ দেখেছে,data/videos/video/1813.mp4
5350,সে আমার বোন,data/videos/video/5350.mp4
3835,সে আমার বোন,data/videos/video/3835.mp4
1811,আমার বড় ভাই কুকুর দেখেছে,data/videos/video/1811.mp4
1908,আমার মা অনেক গুলো বিড়াল দেখে নাই,data/videos/video/1908.mp4
1989,আমার মেয়ে রবিবার দুধ খায়,data/videos/video/1989.mp4
2685,আমার বাবা কানাডা যাবে,data/videos/video/2685.mp4
5132,তুমি আমার ভাই,data/videos/video/5132.mp4
3281,তুমি আমার ভাই,data/videos/video/3281.mp4
4646,আজকে ১ আগষ্ট,data/videos/video/4646.mp4
812,আজকে ১ আগষ্ট,data/videos/video/812.mp4
30,আমার বাবার পাহাড় দেখতে ভালো লাগে,data/videos/video/30.mp4
4540,আমার বাবার পাহাড় দেখতে ভালো লাগে,data/videos/video/4540.mp4
963,আমার বাসা ভালো না,data/videos/video/963.mp4
1868,আমার ভাই বুধবার মাংস খায়,data/videos/video/1868.mp4
3392,আমার ভাই বুধবার মাংস খায়,data/videos/video/3392.mp4
4834,আমার ভাই বুধবার মাংস খায়,data/videos/video/4834.mp4
3400,আমার মা মুরগি দেখেছে,data/videos/video/3400.mp4
1951,আমার মা মুরগি দেখেছে,data/videos/video/1951.mp4
4800,আমার মা মুরগি দেখেছে,data/videos/video/4800.mp4
2074,আমি কুকুর দেখেছি,data/videos/video/2074.mp4
1658,আমার বাবা তোমার সাথে রাতে দেখা করবে,data/videos/video/1658.mp4
4589,আমার বাবার দোয়েল পছন্দ,data/videos/video/4589.mp4
28,আমার বাবার দোয়েল পছন্দ,data/videos/video/28.mp4
1099,আমি চিনি খাবো,data/videos/video/1099.mp4
833,আপনি ভালো থাকবেন...,data/videos/video/833.mp4
4681,আপনি ভালো থাকবেন...,data/videos/video/4681.mp4
4488,আমার মামার মানচিত্র দেখতে ভালো লাগে,data/videos/video/4488.mp4
132,আমার মামার মানচিত্র দেখতে ভালো লাগে,data/videos/video/132.mp4
2499,আমার চাচাতো বোন মালদ্বীপ যাবে,data/videos/video/2499.mp4
5452,স্যার তোমাকে অনেক পছন্দ করে,data/videos/video/5452.mp4
1499,স্যার তোমাকে অনেক পছন্দ করে,data/videos/video/1499.mp4
2587,আমার ফুফা জাপান যাবে,data/videos/video/2587.mp4
4260,রং য়ের নাম কালো,data/videos/video/4260.mp4
1447,রং য়ের নাম কালো,data/videos/video/1447.mp4
1733,আমার বোন বুধবার মাংস খায়,data/videos/video/1733.mp4
4818,পাঞ্জাবি পরলে আমাকে সুন্দর দেখা যায়,data/videos/video/4818.mp4
3351,পাঞ্জাবি পরলে আমাকে সুন্দর দেখা যায়,data/videos/video/3351.mp4
2020,আমার স্ত্রী শনিবার দুধ খায়,data/videos/video/2020.mp4
1003,আমার মা ইশারা ভাষা বলে,data/videos/video/1003.mp4
2666,আমার ফুলকপি খেতে ভালো লাগে,data/videos/video/2666.mp4
3851,আজকের দিনটা সুন্দর.,data/videos/video/3851.mp4
5020,আজকের দিনটা সুন্দর.,data/videos/video/5020.mp4
2022,আমার স্ত্রী শনিবার মাংস খাবে,data/videos/video/2022.mp4
941,আমার ফুফু ভালো,data/videos/video/941.mp4
2599,আমার ফুফা সৌদি আরব যাবে,data/videos/video/2599.mp4
3725,আমার বোন একজন উকিল,data/videos/video/3725.mp4
4716,আমার বোন একজন উকিল,data/videos/video/4716.mp4
934,আমার প্রিয় রঙ লাল,data/videos/video/934.mp4
1199,এখন শীতকাল,data/videos/video/1199.mp4
4022,এখন শীতকাল,data/videos/video/4022.mp4
3620,বাসায় আসলে মাস্ক খুলে রাখি,data/videos/video/3620.mp4
4907,বাসায় আসলে মাস্ক খুলে রাখি,data/videos/video/4907.mp4
4389,আমি মার্চ মাসে আমেরিকা যাবো,data/videos/video/4389.mp4
274,আমি মার্চ মাসে আমেরিকা যাবো,data/videos/video/274.mp4
1963,আমার মা শুক্রবার মাছ খাবে,data/videos/video/1963.mp4
1569,আমার চাচা সোমবার দুধ খায়,data/videos/video/1569.mp4
1515,আমার চাচা সোমবার দুধ খায়,data/videos/video/1515.mp4
5155,তুমি কি মিটিং এ যাও,data/videos/video/5155.mp4
3286,তুমি কি মিটিং এ যাও,data/videos/video/3286.mp4
1739,আমার বোন বোট দেখেছে,data/videos/video/1739.mp4
2191,তুমি বৃ্‌হস্পতিবার ভাত খাবো,data/videos/video/2191.mp4
21,আমার বাবা মহাসাগর দেখতে যাবে,data/videos/video/21.mp4
4490,আমার বাবা মহাসাগর দেখতে যাবে,data/videos/video/4490.mp4
1974,আমার মা ২ মাস পর আসবে,data/videos/video/1974.mp4
5048,আবর দেখা হোব,data/videos/video/5048.mp4
3922,আবর দেখা হোব,data/videos/video/3922.mp4
2842,আমার মামা নেপাল যাবে,data/videos/video/2842.mp4
1877,আমার ভাই মংগলবার মাংস খায়,data/videos/video/1877.mp4
839,আমরা আম খাবো,data/videos/video/839.mp4
4687,আমরা আম খাবো,data/videos/video/4687.mp4
1588,আমার ছেলে রবিবার মাংস খায়,data/videos/video/1588.mp4
2060,আমি অনেক গুলো ঘোড়া দেখেছি,data/videos/video/2060.mp4
2569,আমার পছন্দের ঋতু গ্রীষ্মকাল,data/videos/video/2569.mp4
3091,আমি মঙ্গলবার স্কুল এ যাই,data/videos/video/3091.mp4
2138,আমি শনিবার মাংস খাবো,data/videos/video/2138.mp4
2854,আমার মামা শ্রীলঙ্কা যাবে,data/videos/video/2854.mp4
3863,আপনি কেমন আছেন,data/videos/video/3863.mp4
5085,আপনি কেমন আছেন,data/videos/video/5085.mp4
2328,আপনি কেমন আছেন,data/videos/video/2328.mp4
3521,আমি বড়ো ব্যক্তিদের সম্মান করি,data/videos/video/3521.mp4
4835,আমি বড়ো ব্যক্তিদের সম্মান করি,data/videos/video/4835.mp4
5102,আমার পছন্দের রং সাদা,data/videos/video/5102.mp4
3458,আমার পছন্দের রং সাদা,data/videos/video/3458.mp4
2209,তুমি শুক্রবার মাংস খাবা,data/videos/video/2209.mp4
4213,বিজ্ঞান সুন্দর বিষয়,data/videos/video/4213.mp4
1382,বিজ্ঞান সুন্দর বিষয়,data/videos/video/1382.mp4
2258,মামা শুক্রবার দুধ খায়,data/videos/video/2258.mp4
4642,আই লাভ বাংলা ভাষা,data/videos/video/4642.mp4
794,আই লাভ বাংলা ভাষা,data/videos/video/794.mp4
4286,আমি মার্চ মাসে চিন যাবো,data/videos/video/4286.mp4
278,আমি মার্চ মাসে চিন যাবো,data/videos/video/278.mp4
2942,আমি অক্টোবরে বাড়িতে যাব,data/videos/video/2942.mp4
1322,তোমার জন্য শুভ কামনা,data/videos/video/1322.mp4
4144,তোমার জন্য শুভ কামনা,data/videos/video/4144.mp4
3087,আমি মঙ্গলবার আমেরিকা যাবো,data/videos/video/3087.mp4
3486,আমি আমার বাবাকে ভালোবাসি,data/videos/video/3486.mp4
5005,আমি আমার বাবাকে ভালোবাসি,data/videos/video/5005.mp4
3365,মামি লিচু খেতে পছন্দ করে,data/videos/video/3365.mp4
5222,মামি লিচু খেতে পছন্দ করে,data/videos/video/5222.mp4
1770,আমার বোন ১ মাস পর এসেছে,data/videos/video/1770.mp4
4974,গরমে মশারি খুলে যাবে না,data/videos/video/4974.mp4
3547,গরমে মশারি খুলে যাবে না,data/videos/video/3547.mp4
1600,আমার ছেলে সোমবার মাংস খায়,data/videos/video/1600.mp4
1916,আমার মা কচ্ছপ দেখছে,data/videos/video/1916.mp4
5049,অপনি ভালো ঠাকবেন,data/videos/video/5049.mp4
3900,অপনি ভালো ঠাকবেন,data/videos/video/3900.mp4
1,আমরা পাখি পছন্দ,data/videos/video/1.mp4
4571,আমরা পাখি পছন্দ,data/videos/video/4571.mp4
1803,আমার বড় ভাই ইদুর দেখছে,data/videos/video/1803.mp4
3937,বোশন্টো কাল ই ওয়ানক বোকা fute,data/videos/video/3937.mp4
5066,বোশন্টো কাল ই ওয়ানক বোকা fute,data/videos/video/5066.mp4
2168,গতকাল আমার মা ডাক্তার দেখিয়েছে,data/videos/video/2168.mp4
2466,আমার চাচা দোকানদার,data/videos/video/2466.mp4
868,আমাকে ভাড়া দিন,data/videos/video/868.mp4
3943,আমাকে ভাড়া দিন,data/videos/video/3943.mp4
1742,আমার বোন মংগলবার মাংস খায়,data/videos/video/1742.mp4
2260,মামা শুক্রবার মাংস খায়,data/videos/video/2260.mp4
250,আমি নভেম্বরে চীন যাব,data/videos/video/250.mp4
4295,আমি নভেম্বরে চীন যাব,data/videos/video/4295.mp4
58,আমার বোনের পাখি পছন্দ,data/videos/video/58.mp4
4575,আমার বোনের পাখি পছন্দ,data/videos/video/4575.mp4
2167,গতকাল আমার ভাই ডাক্তার দেখিয়েছে,data/videos/video/2167.mp4
2200,তুমি রবিবার ভাত খাবে,data/videos/video/2200.mp4
2697,আমার বাবা বাংলাদেশে যাবে,data/videos/video/2697.mp4
2817,আমার মা বাবুর্চি,data/videos/video/2817.mp4
3335,তোমার মা বিদেশ যাবে,data/videos/video/3335.mp4
4807,তোমার মা বিদেশ যাবে,data/videos/video/4807.mp4
2704,আমার বাবা মালদ্বীপ যাবে,data/videos/video/2704.mp4
3224,আমি সোমবার বিদেশ যাব,data/videos/video/3224.mp4
1823,আমার বড় ভাই বিড়াল অনেকগুলো দেখেছে,data/videos/video/1823.mp4
1789,আমার বড় বোন বিড়াল দেখেছে,data/videos/video/1789.mp4
5443,সে জাম খাবে,data/videos/video/5443.mp4
1490,সে জাম খাবে,data/videos/video/1490.mp4
1454,রঙ এর নাম হলুদ,data/videos/video/1454.mp4
4267,রঙ এর নাম হলুদ,data/videos/video/4267.mp4
2495,আমার চাচাতো বোন বিদেশ  যাবে,data/videos/video/2495.mp4
2529,আমার চাচি আমেরিকা যাবে,data/videos/video/2529.mp4
1479,সে এখন মন্দিরে যাবে,data/videos/video/1479.mp4
5433,সে এখন মন্দিরে যাবে,data/videos/video/5433.mp4
1614,আমার ছোট বোন হাস দেখেছে,data/videos/video/1614.mp4
1572,আমার চাচা সোমবার মাছ খায়,data/videos/video/1572.mp4
3573,তুমি এতো ঝগরা কেন করো,data/videos/video/3573.mp4
4851,তুমি এতো ঝগরা কেন করো,data/videos/video/4851.mp4
1860,আমার ভাই তেলাপোকা দেখে নাই,data/videos/video/1860.mp4
3099,আমি মঙ্গলবারে নেপাল যাবো,data/videos/video/3099.mp4
1257,তুমি কুলি দেখেছো,data/videos/video/1257.mp4
4079,তুমি কুলি দেখেছো,data/videos/video/4079.mp4
5042,অমি ভালো আচি,data/videos/video/5042.mp4
3915,অমি ভালো আচি,data/videos/video/3915.mp4
3517,আমি বিমানে করে সৌদি আরব যাবো,data/videos/video/3517.mp4
4932,আমি বিমানে করে সৌদি আরব যাবো,data/videos/video/4932.mp4
3562,তুমাকে নীল রঙের জামায় সুন্দর লাগছে,data/videos/video/3562.mp4
4895,তুমাকে নীল রঙের জামায় সুন্দর লাগছে,data/videos/video/4895.mp4
1186,আমি স্যারের কাছে পড়ি,data/videos/video/1186.mp4
4010,আমি স্যারের কাছে পড়ি,data/videos/video/4010.mp4
2778,আমার ভাই পেয়ারা খেতে পছন্দ করে,data/videos/video/2778.mp4
4135,তোমার জন্মদিন ২১ আগষ্ট,data/videos/video/4135.mp4
1313,তোমার জন্মদিন ২১ আগষ্ট,data/videos/video/1313.mp4
3073,আমি বৃহস্পতিবারে পাকিস্তান যাব,data/videos/video/3073.mp4
3374,সবজি আমার ভালো লাগে,data/videos/video/3374.mp4
5152,সবজি আমার ভালো লাগে,data/videos/video/5152.mp4
2581,আমার ফুফা ইংল্যান্ডে যাবি,data/videos/video/2581.mp4
1834,আমার বড় ভাই হাতি দেখে নাই,data/videos/video/1834.mp4
2855,আমার মামা সৌদি আরব যাবে,data/videos/video/2855.mp4
2736,আমার বোন নাই,data/videos/video/2736.mp4
2379,আমার খালাতো বোন আফ্রিকার ছবি,data/videos/video/2379.mp4
1007,আমার মা মারা গিয়েছে,data/videos/video/1007.mp4
1606,আমার ছোট বোন চিড়িয়াখানা যাবে,data/videos/video/1606.mp4
4195,বাবা চিঠি লিখে,data/videos/video/4195.mp4
1371,বাবা চিঠি লিখে,data/videos/video/1371.mp4
3007,আমি নভেম্বরে নেপাল যাব,data/videos/video/3007.mp4
4734,আমার বাবা রেস্টুরেন্টে যাবে,data/videos/video/4734.mp4
3719,আমার বাবা রেস্টুরেন্টে যাবে,data/videos/video/3719.mp4
3054,আমি বুধবারে সৌদি আরব যাব,data/videos/video/3054.mp4
2398,আমার খালাতো ভাই আফ্রিকা যায়,data/videos/video/2398.mp4
2479,আমার চাচা লিচু খেতে পছন্দ করে,data/videos/video/2479.mp4
3116,আমি মার্চে ভুটান যাব,data/videos/video/3116.mp4
4023,এখন হেমন্ত কাল,data/videos/video/4023.mp4
1200,এখন হেমন্ত কাল,data/videos/video/1200.mp4
1071,আমি কলা খাবো,data/videos/video/1071.mp4
4643,আই লাভ বাংলা,data/videos/video/4643.mp4
795,আই লাভ বাংলা,data/videos/video/795.mp4
2395,আমার খালাতো বোন শ্রীলঙ্কায় যাবে,data/videos/video/2395.mp4
3599,পানি বেশি বেশি খাবেন,data/videos/video/3599.mp4
4968,পানি বেশি বেশি খাবেন,data/videos/video/4968.mp4
2073,আমি কচ্ছপ দেখেছি,data/videos/video/2073.mp4
4460,আমার ভাই দক্ষিণ দিকে যাবে,data/videos/video/4460.mp4
70,আমার ভাই দক্ষিণ দিকে যাবে,data/videos/video/70.mp4
4816,জুতা পড়লে আমাকে সুন্দর দেখা যায়,data/videos/video/4816.mp4
3263,জুতা পড়লে আমাকে সুন্দর দেখা যায়,data/videos/video/3263.mp4
1430,মা প্রশংসা পত্র দেখবে,data/videos/video/1430.mp4
4251,মা প্রশংসা পত্র দেখবে,data/videos/video/4251.mp4
1601,আমার ছেলে সোমবার মাছ খায়,data/videos/video/1601.mp4
1978,আমার মেয়ে বুধবার ভাত খায়,data/videos/video/1978.mp4
62,আমার বোনের বিড়াল ভালো লাগে,data/videos/video/62.mp4
4563,আমার বোনের বিড়াল ভালো লাগে,data/videos/video/4563.mp4
1717,আমার বোন কচ্ছপ দেখেছে,data/videos/video/1717.mp4
2790,আমার ভাই শিক্ষার্থী,data/videos/video/2790.mp4
1336,তোমার ভাষা সুন্দর,data/videos/video/1336.mp4
4158,তোমার ভাষা সুন্দর,data/videos/video/4158.mp4
2180,তুমি চিড়িয়াখানা যাবে,data/videos/video/2180.mp4
2699,আমার বাবা বাবুর্চি,data/videos/video/2699.mp4
1767,আমার বোন হাতি দেখেছে,data/videos/video/1767.mp4
2792,আমার ভাই সরকারি চাকরিজিবি,data/videos/video/2792.mp4
5004,আমি বাংলাদেশকে ভালবাসি,data/videos/video/5004.mp4
3515,আমি বাংলাদেশকে ভালবাসি,data/videos/video/3515.mp4
285,আমি মে মাসে আফ্রিকা যাব,data/videos/video/285.mp4
4380,আমি মে মাসে আফ্রিকা যাব,data/videos/video/4380.mp4
4603,শার্ট পরে আমাকে সুন্দর দেখা যায়,data/videos/video/4603.mp4
332,শার্ট পরে আমাকে সুন্দর দেখা যায়,data/videos/video/332.mp4
4063,তুমি অনেক ভালো,data/videos/video/4063.mp4
1241,তুমি অনেক ভালো,data/videos/video/1241.mp4
2048,আমার স্বামী শনিবার ভাত খায়,data/videos/video/2048.mp4
2432,আমার খালু নেপাল যাবে,data/videos/video/2432.mp4
4018,এখন গ্রীষ্মকাল,data/videos/video/4018.mp4
1195,এখন গ্রীষ্মকাল,data/videos/video/1195.mp4
3866,আপানকে দেখতে অনেক সুন্দর,data/videos/video/3866.mp4
5121,আপানকে দেখতে অনেক সুন্দর,data/videos/video/5121.mp4
3206,আমি শুক্রবারে শ্রীলঙ্কা যাব,data/videos/video/3206.mp4
2135,আমি রিকশা চালাতে পারি,data/videos/video/2135.mp4
3729,আমার বোন ফেল করেছে,data/videos/video/3729.mp4
4778,আমার বোন ফেল করেছে,data/videos/video/4778.mp4
2130,আমি যুদ্ধবিমান দেখেছি,data/videos/video/2130.mp4
2548,আমার চাচি শ্রীলংকা যাবে,data/videos/video/2548.mp4
2929,আমার লেখতে ভালো লাগে,data/videos/video/2929.mp4
1712,আমার বোন ইলিশ মাছ খাবে না,data/videos/video/1712.mp4
4942,তুমি পানি দিয়ে গোসুল করবে সাবান শ্যাম্পু দিয়ে গোসুল করবে,data/videos/video/4942.mp4
3581,তুমি পানি দিয়ে গোসুল করবে সাবান শ্যাম্পু দিয়ে গোসুল করবে,data/videos/video/3581.mp4
2376,আমার খালা সৌদি আরব যাবে,data/videos/video/2376.mp4
1180,আমি শ্রমিকের সাথে কথা বলি,data/videos/video/1180.mp4
4004,আমি শ্রমিকের সাথে কথা বলি,data/videos/video/4004.mp4
2378,আমার খালাতো বোন অস্ট্রেলিয়া যাবে,data/videos/video/2378.mp4
2674,আমার বাবা অস্ট্রেলিয়া যাবে,data/videos/video/2674.mp4
2426,আমার খালু এশিয়া যাবে,data/videos/video/2426.mp4
3012,আমি নেপাল যাব,data/videos/video/3012.mp4
5059,আমার এক ভাই,data/videos/video/5059.mp4
3924,আমার এক ভাই,data/videos/video/3924.mp4
2579,আমার ফুফা আমি কেটে পছন্দ করে,data/videos/video/2579.mp4
3031,আমি বুধবার আমেরিকা যাবো,data/videos/video/3031.mp4
1124,আমি দেখে রাখবো তোমাকে,data/videos/video/1124.mp4
2982,আমি জানুয়ারিতে ভুটান যাব,data/videos/video/2982.mp4
3167,আমি শনিবারে চিন যাবো,data/videos/video/3167.mp4
2332,আমাই দোকানদার,data/videos/video/2332.mp4
1544,আমার ওজন ১০০ কেজি,data/videos/video/1544.mp4
1888,আমার ভাই শনিবার মাছ খায়,data/videos/video/1888.mp4
2348,আমার খালতো ভাই ভালো,data/videos/video/2348.mp4
3068,আমি বৃহস্পতিবার রাশিয়া যাব,data/videos/video/3068.mp4
4856,প্রতিদিন আমাকে ওষুধ খেতে হয়,data/videos/video/4856.mp4
3605,প্রতিদিন আমাকে ওষুধ খেতে হয়,data/videos/video/3605.mp4
1174,আমি রেস্টুরেন্টে খাবো,data/videos/video/1174.mp4
3998,আমি রেস্টুরেন্টে খাবো,data/videos/video/3998.mp4
2343,আমার কলা ভালো লাগে,data/videos/video/2343.mp4
1698,আমার বাবা সোমবার মাংস খাবে,data/videos/video/1698.mp4
2769,আমার ভাই গোয়েন্দা,data/videos/video/2769.mp4
3713,আমার বাবা একজন উকিল,data/videos/video/3713.mp4
5415,আমার বাবা একজন উকিল,data/videos/video/5415.mp4
935,আমার প্রিয় রঙ সবুজ,data/videos/video/935.mp4
3403,আমি টিয়া পাখি দেখি নাই,data/videos/video/3403.mp4
4803,আমি টিয়া পাখি দেখি নাই,data/videos/video/4803.mp4
2091,আমি টিয়া পাখি দেখি নাই,data/videos/video/2091.mp4
329,তোমার মানচিত্র দেখতে ভালো লাগে,data/videos/video/329.mp4
4470,তোমার মানচিত্র দেখতে ভালো লাগে,data/videos/video/4470.mp4
1246,তুমি উত্তর দিবা,data/videos/video/1246.mp4
4068,তুমি উত্তর দিবা,data/videos/video/4068.mp4
3104,আমি মঙ্গলবারে মসজিদে যাই,data/videos/video/3104.mp4
4170,পরিবার,data/videos/video/4170.mp4
1349,পরিবার,data/videos/video/1349.mp4
1304,তোমার অনেক শর্দি হয়েছে,data/videos/video/1304.mp4
4126,তোমার অনেক শর্দি হয়েছে,data/videos/video/4126.mp4
2938,আমার হেমন্ত কাল অনেক বেশি ভালো লাগে,data/videos/video/2938.mp4
1835,আমার বড় ভাই হাতি দেখেছে,data/videos/video/1835.mp4
2965,আমি এপ্রিলে ভুটান যাবো,data/videos/video/2965.mp4
4605,আমার বোনের বাঘ ভয় করে,data/videos/video/4605.mp4
61,আমার বোনের বাঘ ভয় করে,data/videos/video/61.mp4
137,আমার মায়ের কুকুর ভালো লাগে,data/videos/video/137.mp4
4553,আমার মায়ের কুকুর ভালো লাগে,data/videos/video/4553.mp4
3421,অনেক বেশি গরম তো সব সময় আমাদের দরকার পানি খাওয়া,data/videos/video/3421.mp4
5252,অনেক বেশি গরম তো সব সময় আমাদের দরকার পানি খাওয়া,data/videos/video/5252.mp4
2894,আমার মামাতো ভাইয়ের রান্না খেতে মজা,data/videos/video/2894.mp4
2607,আমার ফুফাতো বোন চীন যাবে,data/videos/video/2607.mp4
2,আমার কাক পছন্দ না,data/videos/video/2.mp4
4581,আমার কাক পছন্দ না,data/videos/video/4581.mp4
1999,আমার মেয়ে শুক্রবার মাংস খাবে,data/videos/video/1999.mp4
1687,আমার বাবা শনিবার ভাত খাবে,data/videos/video/1687.mp4
213,আমি জুনে চীন যাব,data/videos/video/213.mp4
4303,আমি জুনে চীন যাব,data/videos/video/4303.mp4
225,আমি জুলাইয়ে সৌদি আরব যাব,data/videos/video/225.mp4
4309,আমি জুলাইয়ে সৌদি আরব যাব,data/videos/video/4309.mp4
2935,আমার সম্মান ভালো লাগে,data/videos/video/2935.mp4
2614,আমার ফুফাতো বোন ভুটান  যাবে,data/videos/video/2614.mp4
4444,আমার বোন উত্তর দিকে যাবে,data/videos/video/4444.mp4
40,আমার বোন উত্তর দিকে যাবে,data/videos/video/40.mp4
2469,আমার চাচা পেয়ারা  খেতে পছন্দ করে,data/videos/video/2469.mp4
1532,আগে রাত পরে দিন,data/videos/video/1532.mp4
3065,আমি বৃহস্পতিবার বাড়িতে যাব,data/videos/video/3065.mp4
1235,তারা সবাই পেয়াজ খাবে,data/videos/video/1235.mp4
4059,তারা সবাই পেয়াজ খাবে,data/videos/video/4059.mp4
1543,আমাকে কল দিয়ে এরপর যেও,data/videos/video/1543.mp4
1556,আমার চাচা মংগলবার মাছ খায়,data/videos/video/1556.mp4
2127,আমি মংগলবার মাংস খাবো,data/videos/video/2127.mp4
1050,আমি আর্মি দেখেছি,data/videos/video/1050.mp4
2406,আমার খালাতো ভাই নেপাল যাবে,data/videos/video/2406.mp4
973,আমার বোন ভালো,data/videos/video/973.mp4
1082,আমি ক্লান্ত পান করবো,data/videos/video/1082.mp4
4233,ভাই প্রশংসা পত্র দেখবে,data/videos/video/4233.mp4
1412,ভাই প্রশংসা পত্র দেখবে,data/videos/video/1412.mp4
2672,আমার বাজারের এইখানে বাসা আছে,data/videos/video/2672.mp4
1507,১২ ফেব্রুয়ারী আমার জন্মদিন,data/videos/video/1507.mp4
3415,১২ ফেব্রুয়ারী আমার জন্মদিন,data/videos/video/3415.mp4
5302,১২ ফেব্রুয়ারী আমার জন্মদিন,data/videos/video/5302.mp4
901,আমার ডায়েরি সুন্দর,data/videos/video/901.mp4
1059,আমি একজন প্রকৌশলী,data/videos/video/1059.mp4
1475,সে একজন জেলে,data/videos/video/1475.mp4
5429,সে একজন জেলে,data/videos/video/5429.mp4
2304,সে যানিবাহনে যাবে,data/videos/video/2304.mp4
4874,আমার বাবা একজন শিক্ষক,data/videos/video/4874.mp4
3460,আমার বাবা একজন শিক্ষক,data/videos/video/3460.mp4
2681,আমার বাবা একজন শিক্ষক,data/videos/video/2681.mp4
1735,আমার বোন বৃহস্পতিবার দুধ খায়,data/videos/video/1735.mp4
2504,আমার চাচাতো ভাই আফ্রিকা যাবে,data/videos/video/2504.mp4
4796,আমার মা তেলাপোকা দেখে নাই,data/videos/video/4796.mp4
3397,আমার মা তেলাপোকা দেখে নাই,data/videos/video/3397.mp4
1929,আমার মা তেলাপোকা দেখে নাই,data/videos/video/1929.mp4
1348,ধন্যবাদ,data/videos/video/1348.mp4
4169,ধন্যবাদ,data/videos/video/4169.mp4
2926,আমার রুটি ভালো লাগে,data/videos/video/2926.mp4
5265,আমার খাবারের স্বাদ নেই,data/videos/video/5265.mp4
3451,আমার খাবারের স্বাদ নেই,data/videos/video/3451.mp4
1557,আমার চাচা রবিবার দুধ খায়,data/videos/video/1557.mp4
5192,জুন মাসে বর্ষাকাল থাকে,data/videos/video/5192.mp4
3266,জুন মাসে বর্ষাকাল থাকে,data/videos/video/3266.mp4
4848,তুঁমি অনেক ভালো,data/videos/video/4848.mp4
3560,তুঁমি অনেক ভালো,data/videos/video/3560.mp4
4957,তুমি দেখতে সুন্দর,data/videos/video/4957.mp4
3580,তুমি দেখতে সুন্দর,data/videos/video/3580.mp4
3948,আমার আংকেল ভালো,data/videos/video/3948.mp4
873,আমার আংকেল ভালো,data/videos/video/873.mp4
2297,সময় নাই আগে এই কাজ করি,data/videos/video/2297.mp4
2975,আমি গ্রীষ্মকালে বাড়িতে যাই,data/videos/video/2975.mp4
2017,আমার স্ত্রী রবিবার ভাত খায়,data/videos/video/2017.mp4
1031,আমি অংক বই পড়ি,data/videos/video/1031.mp4
1964,আমার মা সাপ দেখেছে,data/videos/video/1964.mp4
3480,আমি অনেক দুর্বল,data/videos/video/3480.mp4
4900,আমি অনেক দুর্বল,data/videos/video/4900.mp4
4951,"তুমি আজ দুপুরে ভাত, মাছ, ঘোস্ট, সবজি, ডাল রান্না করবে",data/videos/video/4951.mp4
3572,"তুমি আজ দুপুরে ভাত, মাছ, ঘোস্ট, সবজি, ডাল রান্না করবে",data/videos/video/3572.mp4
2475,আমার চাচা ভুটান যাবে,data/videos/video/2475.mp4
1545,আমার চাচা বুধবার দুধ খায়,data/videos/video/1545.mp4
5408,আমার বাবা একজন ডাক্তার,data/videos/video/5408.mp4
3715,আমার বাবা একজন ডাক্তার,data/videos/video/3715.mp4
4596,আমার সাপ ভয় লাগে,data/videos/video/4596.mp4
151,আমার সাপ ভয় লাগে,data/videos/video/151.mp4
2089,আমি জানি না ওটা কত কি.মি.,data/videos/video/2089.mp4
1102,আমি জানি না ওটা কত কি.মি.,data/videos/video/1102.mp4
1726,আমার বোন ট্রেনে যাবে,data/videos/video/1726.mp4
2087,আমি জানি না ওটা কত ইঞ্চি,data/videos/video/2087.mp4
1100,আমি জানি না ওটা কত ইঞ্চি,data/videos/video/1100.mp4
3148,আমি রবিবারে মুভি দেখতে যাব,data/videos/video/3148.mp4
3130,আমি রবিবার ইউরোপ যাব,data/videos/video/3130.mp4
5161,তোমার স্যার কেমন,data/videos/video/5161.mp4
3348,তোমার স্যার কেমন,data/videos/video/3348.mp4
1605,আমার ছোট বোন খরগোশ দেখেছে,data/videos/video/1605.mp4
1437,মামা,data/videos/video/1437.mp4
4258,মামা,data/videos/video/4258.mp4
1689,আমার বাবা শনিবার মাছ খাবে,data/videos/video/1689.mp4
2992,আমি জুলাইয়ে পাকিস্তান যাব,data/videos/video/2992.mp4
4508,তুমি ক্ষেত এ যাবা,data/videos/video/4508.mp4
315,তুমি ক্ষেত এ যাবা,data/videos/video/315.mp4
1810,আমার বড় ভাই কচ্ছপ দেখেছে,data/videos/video/1810.mp4
2728,আমার বোন এর রান্না খেতে মজা,data/videos/video/2728.mp4
3509,আমি প্রতিদিন নামাজ পড়ি,data/videos/video/3509.mp4
5271,আমি প্রতিদিন নামাজ পড়ি,data/videos/video/5271.mp4
3890,ভিতরে আশুন এবং বসুন,data/videos/video/3890.mp4
5114,ভিতরে আশুন এবং বসুন,data/videos/video/5114.mp4
1910,আমার মা ইদুর দেখছে,data/videos/video/1910.mp4
2319,আপনার ভাই কি কাজ করে,data/videos/video/2319.mp4
2374,আমার খালা লিচু খেতে পছন্দ করে,data/videos/video/2374.mp4
4845,আমার বাসার রং সাদা,data/videos/video/4845.mp4
3467,আমার বাসার রং সাদা,data/videos/video/3467.mp4
3951,আমার কাজ অনেক ভালো,data/videos/video/3951.mp4
877,আমার কাজ অনেক ভালো,data/videos/video/877.mp4
4038,ক্ষিদা লেগেছে খাবো,data/videos/video/4038.mp4
1214,ক্ষিদা লেগেছে খাবো,data/videos/video/1214.mp4
1326,তোমার পরীক্ষা কবে,data/videos/video/1326.mp4
4148,তোমার পরীক্ষা কবে,data/videos/video/4148.mp4
2388,আমার খালাতো বোন বাংলাদেশে যাবে,data/videos/video/2388.mp4
3912,অমি দুকখিতো,data/videos/video/3912.mp4
5043,অমি দুকখিতো,data/videos/video/5043.mp4
1496,স্ত্রী,data/videos/video/1496.mp4
5449,স্ত্রী,data/videos/video/5449.mp4
3182,আমি শুক্রবার অফিস যাব,data/videos/video/3182.mp4
39,আমার বিড়াল ভালো লাগে,data/videos/video/39.mp4
4560,আমার বিড়াল ভালো লাগে,data/videos/video/4560.mp4
3096,আমি মঙ্গলবারে ঘুরতে যাই,data/videos/video/3096.mp4
3181,আমি শীতকালে বাড়িতে যাই,data/videos/video/3181.mp4
4651,আজকে মংগলবার আমার জন্মদিন,data/videos/video/4651.mp4
802,আজকে মংগলবার আমার জন্মদিন,data/videos/video/802.mp4
3751,আমার মা জাদুঘরে যাবে,data/videos/video/3751.mp4
4741,আমার মা জাদুঘরে যাবে,data/videos/video/4741.mp4
2360,আমার খালা চীন যাবে,data/videos/video/2360.mp4
34,আমার বাবার ভূমিকম্প ভয় করে,data/videos/video/34.mp4
4525,আমার বাবার ভূমিকম্প ভয় করে,data/videos/video/4525.mp4
1732,আমার বোন বুধবার ভাত খায়,data/videos/video/1732.mp4
1573,আমার চাচী অনেক ভালো,data/videos/video/1573.mp4
887,আমার চাচী অনেক ভালো,data/videos/video/887.mp4
2960,আমি এপ্রিল নেপাল যাবো,data/videos/video/2960.mp4
262,আমি ফেব্রুয়ারিতে এশিয়া যাব,data/videos/video/262.mp4
4353,আমি ফেব্রুয়ারিতে এশিয়া যাব,data/videos/video/4353.mp4
2063,আমি আজ দুপুরে তোমার সাথে দেখা করবো,data/videos/video/2063.mp4
2871,আমার মামাতো বোন ভুটান যাবে,data/videos/video/2871.mp4
3669,হলুদ রং দেখতে সুন্দর,data/videos/video/3669.mp4
4882,হলুদ রং দেখতে সুন্দর,data/videos/video/4882.mp4
5157,তুমি ডায়েরি লেখ,data/videos/video/5157.mp4
3287,তুমি ডায়েরি লেখ,data/videos/video/3287.mp4
1991,আমার মেয়ে রবিবার মাংস খায়,data/videos/video/1991.mp4
1884,আমার ভাই রবিবার মাছ খায়,data/videos/video/1884.mp4
5129,তোমার বাবা ভালো,data/videos/video/5129.mp4
3325,তোমার বাবা ভালো,data/videos/video/3325.mp4
2693,আমার বাবা নেপাল যাবে,data/videos/video/2693.mp4
2204,তুমি শনিবার ভাত খাবা,data/videos/video/2204.mp4
2223,পরশু আমার মা আমাকে দেখবে,data/videos/video/2223.mp4
1388,বোন তোমাকে অনেক পছন্দে করে,data/videos/video/1388.mp4
4218,বোন তোমাকে অনেক পছন্দে করে,data/videos/video/4218.mp4
3060,আমি বৃহস্পতিবার ইউরোপ যাব,data/videos/video/3060.mp4
1682,আমার বাবা রবিবার দুধ খাবে,data/videos/video/1682.mp4
1030,আমারা দুধ খাবো,data/videos/video/1030.mp4
3228,আমি সোমবারে ক্রিকেট খেলি,data/videos/video/3228.mp4
3026,আমি বিদেশ যাব,data/videos/video/3026.mp4
2755,আমার বোনের ফুলকপি খেতে ভালো লাগে,data/videos/video/2755.mp4
2609,আমার ফুফাতো বোন পাকিস্তান যাবে,data/videos/video/2609.mp4
1164,আমি ভয় পাই না,data/videos/video/1164.mp4
3982,আমি ভয় পাই না,data/videos/video/3982.mp4
197,আমি জানুয়ারিতে চীন যাব,data/videos/video/197.mp4
4289,আমি জানুয়ারিতে চীন যাব,data/videos/video/4289.mp4
5133,তুমি আমার বোন,data/videos/video/5133.mp4
3280,তুমি আমার বোন,data/videos/video/3280.mp4
1591,আমার ছেলে শনিবার ভাত খায়,data/videos/video/1591.mp4
893,আমার ছেলে ভালো,data/videos/video/893.mp4
1424,ভূগোল বিষয় সুন্দর,data/videos/video/1424.mp4
4245,ভূগোল বিষয় সুন্দর,data/videos/video/4245.mp4
2116,আমি বুধবার মাংস খাবো,data/videos/video/2116.mp4
1408,ভবিষ্যতে তোমার সুন্দর ভালো,data/videos/video/1408.mp4
4229,ভবিষ্যতে তোমার সুন্দর ভালো,data/videos/video/4229.mp4
2381,আমার খালাতো বোন ইংল্যান্ডে যাবে,data/videos/video/2381.mp4
4297,আমি জুলাইয়ের চীন যাব,data/videos/video/4297.mp4
226,আমি জুলাইয়ের চীন যাব,data/videos/video/226.mp4
2228,পরে আমি লিখবো,data/videos/video/2228.mp4
2447,আমার খালুর ফুলকপি খেতে ভালো লাগে,data/videos/video/2447.mp4
5428,সে আলু খাবে,data/videos/video/5428.mp4
1474,সে আলু খাবে,data/videos/video/1474.mp4
3652,সকাল সন্ধা মশা সাবধান,data/videos/video/3652.mp4
4963,সকাল সন্ধা মশা সাবধান,data/videos/video/4963.mp4
1721,আমার বোন ঘোড়া দেখে নাই,data/videos/video/1721.mp4
2342,আমার কমলা রং ভালো লাগে,data/videos/video/2342.mp4
1718,আমার বোন কুকুর দেখেছে,data/videos/video/1718.mp4
2784,আমার ভাই ভুটান যাবে,data/videos/video/2784.mp4
110,আমার মামা ক্ষেত এ যাবে,data/videos/video/110.mp4
4519,আমার মামা ক্ষেত এ যাবে,data/videos/video/4519.mp4
2515,আমার চাচাতো ভাই বাংলাদেশে যাবে,data/videos/video/2515.mp4
3918,আজকে দিন টা খুব শুন্ডোর,data/videos/video/3918.mp4
5050,আজকে দিন টা খুব শুন্ডোর,data/videos/video/5050.mp4
1109,আমি ডিম খাবো,data/videos/video/1109.mp4
4468,আমার ভাইয়ের মানচিত্র দেখতে ভালো লাগে,data/videos/video/4468.mp4
90,আমার ভাইয়ের মানচিত্র দেখতে ভালো লাগে,data/videos/video/90.mp4
301,আমি সেপ্টেম্বরে আফ্রিকা যাব,data/videos/video/301.mp4
4390,আমি সেপ্টেম্বরে আফ্রিকা যাব,data/videos/video/4390.mp4
4748,অতীত কেমন ছিলো,data/videos/video/4748.mp4
3675,অতীত কেমন ছিলো,data/videos/video/3675.mp4
2113,আমি বিড়ালটি দেখেছি,data/videos/video/2113.mp4
2263,মামা সোমবার দু্‌ধ খায়,data/videos/video/2263.mp4
3061,আমি বৃহস্পতিবার এ কানাডা যাব,data/videos/video/3061.mp4
2595,আমার ফুফা ভুটান  যাবে,data/videos/video/2595.mp4
4235,ভাই বিরতি নিছে,data/videos/video/4235.mp4
1414,ভাই বিরতি নিছে,data/videos/video/1414.mp4
2873,আমার মামাতো বোন রাশিয়া যাবে,data/videos/video/2873.mp4
1455,রিকশাচালক কে সঠিক ভাড়া দিন,data/videos/video/1455.mp4
4268,রিকশাচালক কে সঠিক ভাড়া দিন,data/videos/video/4268.mp4
3670,হাত সাবান দিয়ে ধুয়ে,data/videos/video/3670.mp4
4908,হাত সাবান দিয়ে ধুয়ে,data/videos/video/4908.mp4
3238,আমি সোমবারে মসজিদে যাই,data/videos/video/3238.mp4
2268,মামী শনিবার ভাত খায়,data/videos/video/2268.mp4
4615,গেঞ্জি পড়লে তোমাকে সুন্দর দেখা যাবে,data/videos/video/4615.mp4
312,গেঞ্জি পড়লে তোমাকে সুন্দর দেখা যাবে,data/videos/video/312.mp4
3740,আমার ভাই জাদুঘরে যাবে,data/videos/video/3740.mp4
4743,আমার ভাই জাদুঘরে যাবে,data/videos/video/4743.mp4
2161,কত রাত তোমাকে দেখি না,data/videos/video/2161.mp4
2492,আমার চাচাতো বোন নেপাল যাবে,data/videos/video/2492.mp4
4323,আমি নভেম্বরে সৌদিআরব যাব,data/videos/video/4323.mp4
254,আমি নভেম্বরে সৌদিআরব যাব,data/videos/video/254.mp4
2663,আমার ফুফু শ্রীলংকা যাবে,data/videos/video/2663.mp4
1411,ভাই নোটিশ দেখেছে,data/videos/video/1411.mp4
4232,ভাই নোটিশ দেখেছে,data/videos/video/4232.mp4
1120,আমি দাঁড়ানো,data/videos/video/1120.mp4
4548,আমার বোনের ছাগল ভালো লাগে,data/videos/video/4548.mp4
56,আমার বোনের ছাগল ভালো লাগে,data/videos/video/56.mp4
3339,তোমার মামাতো ভাই ভালো,data/videos/video/3339.mp4
5144,তোমার মামাতো ভাই ভালো,data/videos/video/5144.mp4
1339,তোমার মিটিং কয়টায় সময়,data/videos/video/1339.mp4
4161,তোমার মিটিং কয়টায় সময়,data/videos/video/4161.mp4
3899,অপনি কোথাই পোরাশোনা কোরেন,data/videos/video/3899.mp4
5039,অপনি কোথাই পোরাশোনা কোরেন,data/videos/video/5039.mp4
2962,আমি এপ্রিল মাসে বাড়িতে যাব,data/videos/video/2962.mp4
2582,আমার ফুফা ইশারা ভাষা পছন্দ করে,data/videos/video/2582.mp4
4319,আমি আগস্ট মাসে সৌদি রব যাব,data/videos/video/4319.mp4
170,আমি আগস্ট মাসে সৌদি রব যাব,data/videos/video/170.mp4
2765,আমার ভাই এশিয়া যাবে,data/videos/video/2765.mp4
3673,৭ ফেব্রুয়ারী শ্রবণ ও প্রতিবন্দি বেক্তিগনের ইশারা ভাষা দিবসে অনুষ্ঠান উজ্জাপন করে,data/videos/video/3673.mp4
4862,৭ ফেব্রুয়ারী শ্রবণ ও প্রতিবন্দি বেক্তিগনের ইশারা ভাষা দিবসে অনুষ্ঠান উজ্জাপন করে,data/videos/video/4862.mp4
1491,সে দুধ খাবে,data/videos/video/1491.mp4
5444,সে দুধ খাবে,data/videos/video/5444.mp4
5388,চতুর্থটি D,data/videos/video/5388.mp4
3787,চতুর্থটি D,data/videos/video/3787.mp4
4250,মা নোটিশ দেখেছে,data/videos/video/4250.mp4
1429,মা নোটিশ দেখেছে,data/videos/video/1429.mp4
4602,আমার বোনের সব ভয় লাগে,data/videos/video/4602.mp4
65,আমার বোনের সব ভয় লাগে,data/videos/video/65.mp4
3628,বিকেলের নাস্তা বাচ্চাদের খেতে দেয়,data/videos/video/3628.mp4
5282,বিকেলের নাস্তা বাচ্চাদের খেতে দেয়,data/videos/video/5282.mp4
3051,আমি বুধবারে মুভি দেখতে যাব,data/videos/video/3051.mp4
2190,তুমি বৃ্‌হস্পতিবার দুধ খাবো,data/videos/video/2190.mp4
2526,আমার চাচার রান্না খেতে মজা,data/videos/video/2526.mp4
3344,তোমার মামী ভালো মানুষ,data/videos/video/3344.mp4
5138,তোমার মামী ভালো মানুষ,data/videos/video/5138.mp4
1281,তুমি বিভাগ চাও,data/videos/video/1281.mp4
4105,তুমি বিভাগ চাও,data/videos/video/4105.mp4
1519,আগে আমার বড় বোন খাবে,data/videos/video/1519.mp4
3094,আমি মঙ্গলবারে ক্রিকেট খেলি,data/videos/video/3094.mp4
1743,আমার বোন মংগলবার মাছ খায়,data/videos/video/1743.mp4
3980,আমি বিরতি নিছি,data/videos/video/3980.mp4
1156,আমি বিরতি নিছি,data/videos/video/1156.mp4
2080,আমি ঘোড়া দেখেছি,data/videos/video/2080.mp4
1181,আমি সংসদ ভোবন দেখেছি,data/videos/video/1181.mp4
4006,আমি সংসদ ভোবন দেখেছি,data/videos/video/4006.mp4
129,আমার মামার বাঘ ভয় করে,data/videos/video/129.mp4
4614,আমার মামার বাঘ ভয় করে,data/videos/video/4614.mp4
2902,আমার মামি এশিয়া যাবে,data/videos/video/2902.mp4
2358,আমার খালা কানাডা যাবে,data/videos/video/2358.mp4
4434,আমি সমুদ্র দেখতে যাব,data/videos/video/4434.mp4
296,আমি সমুদ্র দেখতে যাব,data/videos/video/296.mp4
1029,আমার স্বাস্থ্য ভালো নেই,data/videos/video/1029.mp4
1282,তুমি বিরতি নিছো,data/videos/video/1282.mp4
4106,তুমি বিরতি নিছো,data/videos/video/4106.mp4
2590,আমার ফুফা পেয়ারা খেতে পছন্দ করে,data/videos/video/2590.mp4
3536,কালো রঙে আমার একটি জামা আছে,data/videos/video/3536.mp4
4883,কালো রঙে আমার একটি জামা আছে,data/videos/video/4883.mp4
5397,আমার প্রিয় রং আছে,data/videos/video/5397.mp4
3708,আমার প্রিয় রং আছে,data/videos/video/3708.mp4
2506,আমার চাচাতো ভাই ইংল্যান্ডে যাবে,data/videos/video/2506.mp4
856,আমরা সবাই কোলড্রিংস খাবো,data/videos/video/856.mp4
4704,আমরা সবাই কোলড্রিংস খাবো,data/videos/video/4704.mp4
4220,বোন প্রশংসা পত্র দেখবে,data/videos/video/4220.mp4
1390,বোন প্রশংসা পত্র দেখবে,data/videos/video/1390.mp4
2460,আমার চাচা কাঁঠাল খেতে পছন্দ করে,data/videos/video/2460.mp4
1110,আমি ড্রাইভ করে এসেছি,data/videos/video/1110.mp4
4629,আমি পরে দেখবো তোমাকে,data/videos/video/4629.mp4
1130,আমি পরে দেখবো তোমাকে,data/videos/video/1130.mp4
1627,আমার ছোট ভাই হাস দেখে নাই,data/videos/video/1627.mp4
1703,আমার বাবা হাস দেখেছে,data/videos/video/1703.mp4
2836,আমার মামা এশিয়া যাবে,data/videos/video/2836.mp4
1992,আমার মেয়ে রবিবার মাছ খায়,data/videos/video/1992.mp4
3165,আমি শনিবারে ক্রিকেট খেলি,data/videos/video/3165.mp4
165,আমি অক্টোবরের চীন যাব,data/videos/video/165.mp4
4293,আমি অক্টোবরের চীন যাব,data/videos/video/4293.mp4
3169,আমি শনিবারে নেপাল যাবো,data/videos/video/3169.mp4
1374,বাবা প্রশংসা পত্র দেখবে,data/videos/video/1374.mp4
4198,বাবা প্রশংসা পত্র দেখবে,data/videos/video/4198.mp4
54,আমার বোনের গরু ভালো লাগে,data/videos/video/54.mp4
4550,আমার বোনের গরু ভালো লাগে,data/videos/video/4550.mp4
3059,আমি বৃহস্পতিবার ইংল্যান্ড যাব,data/videos/video/3059.mp4
3113,আমি মার্চ মাসে নেপাল যাবো,data/videos/video/3113.mp4
1367,বাংলাদেশের বিখ্যাত মহিলা কবি,data/videos/video/1367.mp4
4209,বাংলাদেশের বিখ্যাত মহিলা কবি,data/videos/video/4209.mp4
2742,আমার বোন বাংলাদেশে যাবে,data/videos/video/2742.mp4
5418,২২ আগষ্ট আমার জন্মদিন,data/videos/video/5418.mp4
1511,২২ আগষ্ট আমার জন্মদিন,data/videos/video/1511.mp4
3417,২২ আগষ্ট আমার জন্মদিন,data/videos/video/3417.mp4
5304,২২ আগষ্ট আমার জন্মদিন,data/videos/video/5304.mp4
3732,আমার বোনের প্রিয় রং কি,data/videos/video/3732.mp4
5398,আমার বোনের প্রিয় রং কি,data/videos/video/5398.mp4
906,আমার দাদা মারা গেছে,data/videos/video/906.mp4
1072,আমি কলেজে পড়ি বন্ধুদের সাথে দেখা করি আমি ক্লান্ত,data/videos/video/1072.mp4
2172,চাচা ওইটা তোমার কি হয়,data/videos/video/2172.mp4
1977,আমার মেয়ে বুধবার দুধ খায়,data/videos/video/1977.mp4
3004,আমি তোমার বোন,data/videos/video/3004.mp4
3792,তুমার ছুটি,data/videos/video/3792.mp4
4785,তুমার ছুটি,data/videos/video/4785.mp4
1685,আমার বাবা রবিবার মাছ খাবে,data/videos/video/1685.mp4
1890,আমার ভাই শুক্রবার ভাত খায়,data/videos/video/1890.mp4
1337,তোমার মাতৃভাষা কি,data/videos/video/1337.mp4
4159,তোমার মাতৃভাষা কি,data/videos/video/4159.mp4
4425,আমি মে মাসে বিদেশ যাবো,data/videos/video/4425.mp4
292,আমি মে মাসে বিদেশ যাবো,data/videos/video/292.mp4
1680,আমার বাবা মুরগী দেখে নাই,data/videos/video/1680.mp4
2369,আমার খালা ভালো মানুষ,data/videos/video/2369.mp4
1771,আমার বড় বোন অনেক গুলো বিড়াল দেখে নি,data/videos/video/1771.mp4
2000,আমার মেয়ে শুক্রবার মাছ খাবে,data/videos/video/2000.mp4
1894,আমার ভাই সকালে দেখা করবে,data/videos/video/1894.mp4
3692,আপনার শরীর কেমন,data/videos/video/3692.mp4
5316,আপনার শরীর কেমন,data/videos/video/5316.mp4
965,আমার বাসায় আসো,data/videos/video/965.mp4
3950,আমার আরো অনেক লাগবে,data/videos/video/3950.mp4
875,আমার আরো অনেক লাগবে,data/videos/video/875.mp4
2252,মামা রবিবার মাংস খায়,data/videos/video/2252.mp4
4249,মা জামাটা সুন্দর,data/videos/video/4249.mp4
1428,মা জামাটা সুন্দর,data/videos/video/1428.mp4
4587,আমার ভাইয়ের মুরগি ভালো লাগে,data/videos/video/4587.mp4
91,আমার ভাইয়ের মুরগি ভালো লাগে,data/videos/video/91.mp4
2197,তুমি মংগলবার মাছ খাবে,data/videos/video/2197.mp4
3720,আমার বাবা হাসপাতালে যাবে,data/videos/video/3720.mp4
4721,আমার বাবা হাসপাতালে যাবে,data/videos/video/4721.mp4
3109,আমি মঙ্গলবারে সৌদি আরব,data/videos/video/3109.mp4
4115,তুমি রসুন খাবে,data/videos/video/4115.mp4
1292,তুমি রসুন খাবে,data/videos/video/1292.mp4
5104,গ্রামে রোদে যাবেন না,data/videos/video/5104.mp4
3553,গ্রামে রোদে যাবেন না,data/videos/video/3553.mp4
1779,আমার বড় বোন কুকুর দেখেছে,data/videos/video/1779.mp4
4551,আমার মামার কুকুর ভালো লাগে,data/videos/video/4551.mp4
121,আমার মামার কুকুর ভালো লাগে,data/videos/video/121.mp4
1081,আমি ক্লান্ত ঘুমাতে যাবো,data/videos/video/1081.mp4
2602,আমার ফুফাতো বোন আমেরিকা যাবে,data/videos/video/2602.mp4
972,আমার বোন নেই,data/videos/video/972.mp4
3814,পঞ্চম E,data/videos/video/3814.mp4
5389,পঞ্চম E,data/videos/video/5389.mp4
3039,আমি বুধবারে ক্রিকেট খেলি,data/videos/video/3039.mp4
2633,আমার ফুফাতো ভাই ভুটানের,data/videos/video/2633.mp4
4041,গতকাল ছিল শুক্রবার,data/videos/video/4041.mp4
1218,গতকাল ছিল শুক্রবার,data/videos/video/1218.mp4
3239,আমি সোমবারে মালদ্বীপ যাব,data/videos/video/3239.mp4
2390,আমার খালাতো বোন ভারত চাবি,data/videos/video/2390.mp4
5054,টোমা কোবে বদি জাবে,data/videos/video/5054.mp4
3933,টোমা কোবে বদি জাবে,data/videos/video/3933.mp4
1286,তুমি ভালো নাচতে পারো,data/videos/video/1286.mp4
4110,তুমি ভালো নাচতে পারো,data/videos/video/4110.mp4
3409,তুমি ভালো নাচতে পারো,data/videos/video/3409.mp4
4793,তুমি ভালো নাচতে পারো,data/videos/video/4793.mp4
4794,তোমার ছবিটি সুন্দর,data/videos/video/4794.mp4
4128,তোমার ছবিটি সুন্দর,data/videos/video/4128.mp4
3410,তোমার ছবিটি সুন্দর,data/videos/video/3410.mp4
1306,তোমার ছবিটি সুন্দর,data/videos/video/1306.mp4
66,আমার বোনের হাঁস ভালো লাগে,data/videos/video/66.mp4
4572,আমার বোনের হাঁস ভালো লাগে,data/videos/video/4572.mp4
316,তুমি জমিতে যাবে,data/videos/video/316.mp4
4507,তুমি জমিতে যাবে,data/videos/video/4507.mp4
4524,আমার বাবা মরুভূমিতে যাবে,data/videos/video/4524.mp4
19,আমার বাবা মরুভূমিতে যাবে,data/videos/video/19.mp4
1967,আমার মা সোমবার ভাত খায়,data/videos/video/1967.mp4
2858,আমার মামাতো বোন আমেরিকা যাবে,data/videos/video/2858.mp4
940,আমার ফুফা সৎ পুলিশ,data/videos/video/940.mp4
114,আমার মামা পশ্চিম দিকে যাবে,data/videos/video/114.mp4
4477,আমার মামা পশ্চিম দিকে যাবে,data/videos/video/4477.mp4
3541,গরম পানি দিয়ে কুলি করবেন,data/videos/video/3541.mp4
4918,গরম পানি দিয়ে কুলি করবেন,data/videos/video/4918.mp4
4304,আমি এপ্রিল মাসে জাপান যাবো,data/videos/video/4304.mp4
184,আমি এপ্রিল মাসে জাপান যাবো,data/videos/video/184.mp4
3668,সে তুমার কি হয়,data/videos/video/3668.mp4
4867,সে তুমার কি হয়,data/videos/video/4867.mp4
5437,সে কাঠাল খাবে,data/videos/video/5437.mp4
1484,সে কাঠাল খাবে,data/videos/video/1484.mp4
1564,আমার চাচা শনিবার মাছ খায়,data/videos/video/1564.mp4
970,আমার বোন অলস,data/videos/video/970.mp4
2424,আমার খালু ইউরোপ যাবে,data/videos/video/2424.mp4
2760,আমার ভাই আম খেতে পছন্দ করে,data/videos/video/2760.mp4
2240,মামা বুধবার মাংস খায়,data/videos/video/2240.mp4
2718,আমার বাসা ভালো লাগে,data/videos/video/2718.mp4
1244,তুমি ইংরেজি বলো কিভাবে,data/videos/video/1244.mp4
4066,তুমি ইংরেজি বলো কিভাবে,data/videos/video/4066.mp4
5248,আমরা সব সময় আল্লাহর কাছে পাৰ্থনা চাই,data/videos/video/5248.mp4
3441,আমরা সব সময় আল্লাহর কাছে পাৰ্থনা চাই,data/videos/video/3441.mp4
2382,আমার খালাতো বোন ইউরোপ যাবে,data/videos/video/2382.mp4
1317,তোমার জন্মদিন ২২ ফেব্রুয়ারী,data/videos/video/1317.mp4
4139,তোমার জন্মদিন ২২ ফেব্রুয়ারী,data/videos/video/4139.mp4
1639,আমার বাবা কচ্ছপ দেখে নাই,data/videos/video/1639.mp4
3152,আমি রবিবারে সৌদি আরব যাব,data/videos/video/3152.mp4
4453,আমার মামা উত্তর দিকে যাবে,data/videos/video/4453.mp4
109,আমার মামা উত্তর দিকে যাবে,data/videos/video/109.mp4
1194,একটু সময় হবে কিছু বলতে পারি,data/videos/video/1194.mp4
4624,একটু সময় হবে কিছু বলতে পারি,data/videos/video/4624.mp4
3883,কিভাবে সাহায্য করতে পারি.,data/videos/video/3883.mp4
5017,কিভাবে সাহায্য করতে পারি.,data/videos/video/5017.mp4
2764,আমার ভাই একজন স্যার,data/videos/video/2764.mp4
3089,আমি মঙ্গলবার এশিয়া যাব,data/videos/video/3089.mp4
2420,আমার খালু আফ্রিকা যাবে,data/videos/video/2420.mp4
2892,আমার মামাতো ভাই রাশিয়া যাবে,data/videos/video/2892.mp4
1578,আমার ছেলে বৃহস্পতিবার দুধ খায়,data/videos/video/1578.mp4
3048,আমি বুধবারে ভুটান যাব,data/videos/video/3048.mp4
1075,আমি কাঠাল খাবো,data/videos/video/1075.mp4
2222,পরশু আমার মা আমাকে দেখতে আসবে,data/videos/video/2222.mp4
4693,আমরা ডিম খাবো,data/videos/video/4693.mp4
845,আমরা ডিম খাবো,data/videos/video/845.mp4
4282,সালাম বাংলা ইশারা ভাষায়,data/videos/video/4282.mp4
1469,সালাম বাংলা ইশারা ভাষায়,data/videos/video/1469.mp4
60,আমার বোনের পৃথিবী দেখতে ভালো লাগে,data/videos/video/60.mp4
4474,আমার বোনের পৃথিবী দেখতে ভালো লাগে,data/videos/video/4474.mp4
3220,আমি সোমবার আফ্রিকা যাব,data/videos/video/3220.mp4
1935,আমার মা বিড়াল দেখেছে,data/videos/video/1935.mp4
4438,আমার মানচিত্র দেখতে ভালো লাগে,data/videos/video/4438.mp4
108,আমার মানচিত্র দেখতে ভালো লাগে,data/videos/video/108.mp4
2474,আমার চাচা ভালো মানুষ,data/videos/video/2474.mp4
123,আমার মামার ঘোড়া ভাল লাগে,data/videos/video/123.mp4
4565,আমার মামার ঘোড়া ভাল লাগে,data/videos/video/4565.mp4
883,আমার চাচা নেই,data/videos/video/883.mp4
2480,আমার চাচা শ্রমিক,data/videos/video/2480.mp4
1922,আমার মা ঘোড়া দেখে নাই,data/videos/video/1922.mp4
4240,ভাইয়ের পরীক্ষা কেমন হয়েছে,data/videos/video/4240.mp4
1419,ভাইয়ের পরীক্ষা কেমন হয়েছে,data/videos/video/1419.mp4
1693,আমার বাবা শুক্রবার মাছ খাবে,data/videos/video/1693.mp4
937,আমার প্রিয় রঙ হলুদ,data/videos/video/937.mp4
1808,আমার বড় ভাই ইলিশ মাছ দেখেছে,data/videos/video/1808.mp4
99,আমার মা দক্ষিণ দিকে যাবে,data/videos/video/99.mp4
4446,আমার মা দক্ষিণ দিকে যাবে,data/videos/video/4446.mp4
4577,আমার হাঁস ভালো লাগে,data/videos/video/4577.mp4
152,আমার হাঁস ভালো লাগে,data/videos/video/152.mp4
5213,তোমার খালাতো বোনের নাম কি,data/videos/video/5213.mp4
3296,তোমার খালাতো বোনের নাম কি,data/videos/video/3296.mp4
2588,আমার ফুফা নেপাল যাবে,data/videos/video/2588.mp4
4881,সাদা রং আমার বেশি পছন্দ,data/videos/video/4881.mp4
3661,সাদা রং আমার বেশি পছন্দ,data/videos/video/3661.mp4
1401,বড় ভাই চিঠি লিখে,data/videos/video/1401.mp4
4178,বড় ভাই চিঠি লিখে,data/videos/video/4178.mp4
3909,অমি আপনেকে কিবাবে শাহাজো কর্টে পরী,data/videos/video/3909.mp4
5046,অমি আপনেকে কিবাবে শাহাজো কর্টে পরী,data/videos/video/5046.mp4
5425,সে অনেক সুস্থ্য আছে,data/videos/video/5425.mp4
1471,সে অনেক সুস্থ্য আছে,data/videos/video/1471.mp4
1809,আমার বড় ভাই কচ্ছপ দেখে নাই,data/videos/video/1809.mp4
3185,আমি শুক্রবার আমেরিকা যাবো,data/videos/video/3185.mp4
2959,আমি একজন বাবুর্চি,data/videos/video/2959.mp4
2713,আমার বাবাও মসজিদ এ যাবে,data/videos/video/2713.mp4
2049,আমার স্বামী শনিবার মাংস খায়,data/videos/video/2049.mp4
3520,আমি বেড়াতে যেতে পছন্দ করি,data/videos/video/3520.mp4
5269,আমি বেড়াতে যেতে পছন্দ করি,data/videos/video/5269.mp4
5239,তোমার চাচি কোথায় কাজ করে,data/videos/video/5239.mp4
3308,তোমার চাচি কোথায় কাজ করে,data/videos/video/3308.mp4
4965,ডেঙ্গু জ্বর হলে পেঁপে খাবেন,data/videos/video/4965.mp4
3558,ডেঙ্গু জ্বর হলে পেঁপে খাবেন,data/videos/video/3558.mp4
1335,তোমার ভাষা কেমন,data/videos/video/1335.mp4
4157,তোমার ভাষা কেমন,data/videos/video/4157.mp4
1654,আমার বাবা ট্রেনে যাবে,data/videos/video/1654.mp4
4299,আমি মার্চ মাসে জাপান যাবো,data/videos/video/4299.mp4
279,আমি মার্চ মাসে জাপান যাবো,data/videos/video/279.mp4
816,আপনাকে সাহায্য করবো,data/videos/video/816.mp4
4663,আপনাকে সাহায্য করবো,data/videos/video/4663.mp4
307,আমি সেপ্টেম্বরে রাশিয়া যাব,data/videos/video/307.mp4
4365,আমি সেপ্টেম্বরে রাশিয়া যাব,data/videos/video/4365.mp4
3006,আমি নভেম্বরে ঘুরতে যাব,data/videos/video/3006.mp4
969,আমার বোন অনেক ডিপ্রেশনে আসে,data/videos/video/969.mp4
1700,আমার বাবা হাতি দেখে নাই,data/videos/video/1700.mp4
2470,আমার চাচা ফুটবল খেলা পছন্দ করে,data/videos/video/2470.mp4
4746,আপনার বর্তমান সময় কেমন,data/videos/video/4746.mp4
3691,আপনার বর্তমান সময় কেমন,data/videos/video/3691.mp4
2321,আপনার মা কি কাজ করে,data/videos/video/2321.mp4
1028,আমার স্বাস্থ্য ভালো আছে,data/videos/video/1028.mp4
3189,আমি শুক্রবার বিদেশ যাবো,data/videos/video/3189.mp4
3703,আমার গ্রামের বাড়ি রংপুর,data/videos/video/3703.mp4
5342,আমার গ্রামের বাড়ি রংপুর,data/videos/video/5342.mp4
5228,আমার গ্রামের বাড়ি রংপুর,data/videos/video/5228.mp4
3870,আমার গ্রামের বাড়ি রংপুর,data/videos/video/3870.mp4
880,আমার গ্রামের বাড়ি রংপুর,data/videos/video/880.mp4
2122,আমি বোট দেখেছি,data/videos/video/2122.mp4
4186,বর্তমানে আমি দাড়াবো,data/videos/video/4186.mp4
1356,বর্তমানে আমি দাড়াবো,data/videos/video/1356.mp4
4954,তুমি প্রতিদিন নামাজ পড়বে,data/videos/video/4954.mp4
3583,তুমি প্রতিদিন নামাজ পড়বে,data/videos/video/3583.mp4
2481,আমার চাচা শ্রীলঙ্কা যাবে,data/videos/video/2481.mp4
3608,প্রতিদিন হাত সাবান দিয়ে পরিষ্কার করবেন,data/videos/video/3608.mp4
4920,প্রতিদিন হাত সাবান দিয়ে পরিষ্কার করবেন,data/videos/video/4920.mp4
900,আমার জামাটা সুন্দর,data/videos/video/900.mp4
4472,আমার বাবার পৃথিবী দেখতে ভালো লাগে,data/videos/video/4472.mp4
31,আমার বাবার পৃথিবী দেখতে ভালো লাগে,data/videos/video/31.mp4
2738,আমার বোন নেপাল যাবে,data/videos/video/2738.mp4
1799,আমার বড় বোন হাস দেখে নাই,data/videos/video/1799.mp4
1360,বর্তমানে আমি ভালো নেই,data/videos/video/1360.mp4
4190,বর্তমানে আমি ভালো নেই,data/videos/video/4190.mp4
5120,আপনাকে আমার ভাল লাগছে,data/videos/video/5120.mp4
3854,আপনাকে আমার ভাল লাগছে,data/videos/video/3854.mp4
2513,আমার চাচাতো ভাই নেপাল যাবে,data/videos/video/2513.mp4
3551,গোসুল করবেন পরিষ্কার হবেন,data/videos/video/3551.mp4
4923,গোসুল করবেন পরিষ্কার হবেন,data/videos/video/4923.mp4
